activation_id,audience_id,campaign_id,destination_id,channel,activation_status,launched_at
ACTIVATION-CON-001,AUDIENCE-CON-001,CAMPAIGN-CON-001,DEST-CON-SIMULATED,email,held_supply,2026-09-25T12:00:00Z
ACTIVATION-CON-002,AUDIENCE-CON-002,CAMPAIGN-CON-002,DEST-CON-SIMULATED,email,held_supply,2026-09-25T12:00:00Z
ACTIVATION-CON-003,AUDIENCE-CON-003,CAMPAIGN-CON-003,DEST-CON-SIMULATED,email,held_supply,2026-09-25T12:00:00Z
ACTIVATION-CON-004,AUDIENCE-CON-004,CAMPAIGN-CON-004,DEST-CON-SIMULATED,email,held_supply,2026-09-25T12:00:00Z
ACTIVATION-CON-005,AUDIENCE-CON-005,CAMPAIGN-CON-005,DEST-CON-SIMULATED,email,held_supply,2026-09-25T12:00:00Z
ACTIVATION-CON-006,AUDIENCE-CON-006,CAMPAIGN-CON-006,DEST-CON-SIMULATED,email,held_supply,2026-09-25T12:00:00Z
ACTIVATION-CON-007,AUDIENCE-CON-007,CAMPAIGN-CON-007,DEST-CON-SIMULATED,email,held_supply,2026-09-25T12:00:00Z
ACTIVATION-CON-008,AUDIENCE-CON-008,CAMPAIGN-CON-008,DEST-CON-SIMULATED,email,held_supply,2026-09-25T12:00:00Z
ACTIVATION-CON-009,AUDIENCE-CON-009,CAMPAIGN-CON-009,DEST-CON-SIMULATED,email,held_supply,2026-09-25T12:00:00Z
ACTIVATION-CON-010,AUDIENCE-CON-010,CAMPAIGN-CON-010,DEST-CON-SIMULATED,email,suppressed_consent,2026-09-25T12:00:00Z
ACTIVATION-CON-011,AUDIENCE-CON-011,CAMPAIGN-CON-011,DEST-CON-SIMULATED,email,held_supply,2026-09-25T12:00:00Z
ACTIVATION-CON-012,AUDIENCE-CON-012,CAMPAIGN-CON-012,DEST-CON-SIMULATED,email,held_supply,2026-09-25T12:00:00Z
ACTIVATION-CON-013,AUDIENCE-CON-013,CAMPAIGN-CON-013,DEST-CON-SIMULATED,email,held_supply,2026-09-25T12:00:00Z
ACTIVATION-CON-014,AUDIENCE-CON-014,CAMPAIGN-CON-014,DEST-CON-SIMULATED,email,held_supply,2026-09-25T12:00:00Z
ACTIVATION-CON-015,AUDIENCE-CON-015,CAMPAIGN-CON-015,DEST-CON-SIMULATED,email,held_supply,2026-09-25T12:00:00Z
ACTIVATION-CON-016,AUDIENCE-CON-016,CAMPAIGN-CON-016,DEST-CON-SIMULATED,email,held_supply,2026-09-25T12:00:00Z
ACTIVATION-CON-017,AUDIENCE-CON-017,CAMPAIGN-CON-017,DEST-CON-SIMULATED,email,held_supply,2026-09-25T12:00:00Z
ACTIVATION-CON-018,AUDIENCE-CON-018,CAMPAIGN-CON-018,DEST-CON-SIMULATED,email,held_supply,2026-09-25T12:00:00Z
ACTIVATION-CON-019,AUDIENCE-CON-019,CAMPAIGN-CON-019,DEST-CON-SIMULATED,email,held_supply,2026-09-25T12:00:00Z
ACTIVATION-CON-020,AUDIENCE-CON-020,CAMPAIGN-CON-020,DEST-CON-SIMULATED,email,suppressed_consent,2026-09-25T12:00:00Z
ACTIVATION-CON-021,AUDIENCE-CON-021,CAMPAIGN-CON-021,DEST-CON-SIMULATED,email,held_supply,2026-09-25T12:00:00Z
ACTIVATION-CON-022,AUDIENCE-CON-022,CAMPAIGN-CON-022,DEST-CON-SIMULATED,email,held_supply,2026-09-25T12:00:00Z
ACTIVATION-CON-023,AUDIENCE-CON-023,CAMPAIGN-CON-023,DEST-CON-SIMULATED,email,held_supply,2026-09-25T12:00:00Z
ACTIVATION-CON-024,AUDIENCE-CON-024,CAMPAIGN-CON-024,DEST-CON-SIMULATED,email,held_supply,2026-09-25T12:00:00Z
ACTIVATION-CON-025,AUDIENCE-CON-025,CAMPAIGN-CON-025,DEST-CON-SIMULATED,email,held_supply,2026-09-25T12:00:00Z
ACTIVATION-CON-026,AUDIENCE-CON-026,CAMPAIGN-CON-026,DEST-CON-SIMULATED,email,held_supply,2026-09-25T12:00:00Z
ACTIVATION-CON-027,AUDIENCE-CON-027,CAMPAIGN-CON-027,DEST-CON-SIMULATED,email,held_supply,2026-09-25T12:00:00Z
ACTIVATION-CON-028,AUDIENCE-CON-028,CAMPAIGN-CON-028,DEST-CON-SIMULATED,email,held_supply,2026-09-25T12:00:00Z
ACTIVATION-CON-029,AUDIENCE-CON-029,CAMPAIGN-CON-029,DEST-CON-SIMULATED,email,held_supply,2026-09-25T12:00:00Z
ACTIVATION-CON-030,AUDIENCE-CON-030,CAMPAIGN-CON-030,DEST-CON-SIMULATED,email,suppressed_consent,2026-09-25T12:00:00Z
ACTIVATION-CON-031,AUDIENCE-CON-031,CAMPAIGN-CON-031,DEST-CON-SIMULATED,email,held_supply,2026-09-25T12:00:00Z
ACTIVATION-CON-032,AUDIENCE-CON-032,CAMPAIGN-CON-032,DEST-CON-SIMULATED,email,held_supply,2026-09-25T12:00:00Z
ACTIVATION-CON-033,AUDIENCE-CON-033,CAMPAIGN-CON-033,DEST-CON-SIMULATED,email,held_supply,2026-09-25T12:00:00Z
ACTIVATION-CON-034,AUDIENCE-CON-034,CAMPAIGN-CON-034,DEST-CON-SIMULATED,email,held_supply,2026-09-25T12:00:00Z
ACTIVATION-CON-035,AUDIENCE-CON-035,CAMPAIGN-CON-035,DEST-CON-SIMULATED,email,held_supply,2026-09-25T12:00:00Z
ACTIVATION-CON-036,AUDIENCE-CON-036,CAMPAIGN-CON-036,DEST-CON-SIMULATED,email,held_supply,2026-09-25T12:00:00Z
ACTIVATION-CON-037,AUDIENCE-CON-037,CAMPAIGN-CON-037,DEST-CON-SIMULATED,email,held_supply,2026-09-25T12:00:00Z
ACTIVATION-CON-038,AUDIENCE-CON-038,CAMPAIGN-CON-038,DEST-CON-SIMULATED,email,held_supply,2026-09-25T12:00:00Z
ACTIVATION-CON-039,AUDIENCE-CON-039,CAMPAIGN-CON-039,DEST-CON-SIMULATED,email,held_supply,2026-09-25T12:00:00Z
ACTIVATION-CON-040,AUDIENCE-CON-040,CAMPAIGN-CON-040,DEST-CON-SIMULATED,email,suppressed_consent,2026-09-25T12:00:00Z
ACTIVATION-CON-041,AUDIENCE-CON-041,CAMPAIGN-CON-041,DEST-CON-SIMULATED,email,held_supply,2026-09-25T12:00:00Z
ACTIVATION-CON-042,AUDIENCE-CON-042,CAMPAIGN-CON-042,DEST-CON-SIMULATED,email,held_supply,2026-09-25T12:00:00Z
ACTIVATION-CON-043,AUDIENCE-CON-043,CAMPAIGN-CON-043,DEST-CON-SIMULATED,email,held_supply,2026-09-25T12:00:00Z
ACTIVATION-CON-044,AUDIENCE-CON-044,CAMPAIGN-CON-044,DEST-CON-SIMULATED,email,held_supply,2026-09-25T12:00:00Z
ACTIVATION-CON-045,AUDIENCE-CON-045,CAMPAIGN-CON-045,DEST-CON-SIMULATED,email,held_supply,2026-09-25T12:00:00Z
ACTIVATION-CON-046,AUDIENCE-CON-046,CAMPAIGN-CON-046,DEST-CON-SIMULATED,email,held_supply,2026-09-25T12:00:00Z
ACTIVATION-CON-047,AUDIENCE-CON-047,CAMPAIGN-CON-047,DEST-CON-SIMULATED,email,held_supply,2026-09-25T12:00:00Z
ACTIVATION-CON-048,AUDIENCE-CON-048,CAMPAIGN-CON-048,DEST-CON-SIMULATED,email,held_supply,2026-09-25T12:00:00Z
ACTIVATION-CON-049,AUDIENCE-CON-049,CAMPAIGN-CON-049,DEST-CON-SIMULATED,email,held_supply,2026-09-25T12:00:00Z
ACTIVATION-CON-050,AUDIENCE-CON-050,CAMPAIGN-CON-050,DEST-CON-SIMULATED,email,suppressed_consent,2026-09-25T12:00:00Z
ACTIVATION-CON-051,AUDIENCE-CON-051,CAMPAIGN-CON-051,DEST-CON-SIMULATED,email,held_supply,2026-09-25T12:00:00Z
ACTIVATION-CON-052,AUDIENCE-CON-052,CAMPAIGN-CON-052,DEST-CON-SIMULATED,email,held_supply,2026-09-25T12:00:00Z
ACTIVATION-CON-053,AUDIENCE-CON-053,CAMPAIGN-CON-053,DEST-CON-SIMULATED,email,held_supply,2026-09-25T12:00:00Z
ACTIVATION-CON-054,AUDIENCE-CON-054,CAMPAIGN-CON-054,DEST-CON-SIMULATED,email,held_supply,2026-09-25T12:00:00Z
ACTIVATION-CON-055,AUDIENCE-CON-055,CAMPAIGN-CON-055,DEST-CON-SIMULATED,email,held_supply,2026-09-25T12:00:00Z
ACTIVATION-CON-056,AUDIENCE-CON-056,CAMPAIGN-CON-056,DEST-CON-SIMULATED,email,held_supply,2026-09-25T12:00:00Z
ACTIVATION-CON-057,AUDIENCE-CON-057,CAMPAIGN-CON-057,DEST-CON-SIMULATED,email,held_supply,2026-09-25T12:00:00Z
ACTIVATION-CON-058,AUDIENCE-CON-058,CAMPAIGN-CON-058,DEST-CON-SIMULATED,email,held_supply,2026-09-25T12:00:00Z
ACTIVATION-CON-059,AUDIENCE-CON-059,CAMPAIGN-CON-059,DEST-CON-SIMULATED,email,held_supply,2026-09-25T12:00:00Z
ACTIVATION-CON-060,AUDIENCE-CON-060,CAMPAIGN-CON-060,DEST-CON-SIMULATED,email,suppressed_consent,2026-09-25T12:00:00Z
ACTIVATION-CON-061,AUDIENCE-CON-061,CAMPAIGN-CON-061,DEST-CON-SIMULATED,email,held_supply,2026-09-25T12:00:00Z
ACTIVATION-CON-062,AUDIENCE-CON-062,CAMPAIGN-CON-062,DEST-CON-SIMULATED,email,held_supply,2026-09-25T12:00:00Z
ACTIVATION-CON-063,AUDIENCE-CON-063,CAMPAIGN-CON-063,DEST-CON-SIMULATED,email,held_supply,2026-09-25T12:00:00Z
ACTIVATION-CON-064,AUDIENCE-CON-064,CAMPAIGN-CON-064,DEST-CON-SIMULATED,email,held_supply,2026-09-25T12:00:00Z
ACTIVATION-CON-065,AUDIENCE-CON-065,CAMPAIGN-CON-065,DEST-CON-SIMULATED,email,held_supply,2026-09-25T12:00:00Z
ACTIVATION-CON-066,AUDIENCE-CON-066,CAMPAIGN-CON-066,DEST-CON-SIMULATED,email,held_supply,2026-09-25T12:00:00Z
ACTIVATION-CON-067,AUDIENCE-CON-067,CAMPAIGN-CON-067,DEST-CON-SIMULATED,email,held_supply,2026-09-25T12:00:00Z
ACTIVATION-CON-068,AUDIENCE-CON-068,CAMPAIGN-CON-068,DEST-CON-SIMULATED,email,held_supply,2026-09-25T12:00:00Z
ACTIVATION-CON-069,AUDIENCE-CON-069,CAMPAIGN-CON-069,DEST-CON-SIMULATED,email,held_supply,2026-09-25T12:00:00Z
ACTIVATION-CON-070,AUDIENCE-CON-070,CAMPAIGN-CON-070,DEST-CON-SIMULATED,email,suppressed_consent,2026-09-25T12:00:00Z
ACTIVATION-CON-071,AUDIENCE-CON-071,CAMPAIGN-CON-071,DEST-CON-SIMULATED,email,held_supply,2026-09-25T12:00:00Z
ACTIVATION-CON-072,AUDIENCE-CON-072,CAMPAIGN-CON-072,DEST-CON-SIMULATED,email,held_supply,2026-09-25T12:00:00Z
ACTIVATION-CON-073,AUDIENCE-CON-073,CAMPAIGN-CON-073,DEST-CON-SIMULATED,email,held_supply,2026-09-25T12:00:00Z
ACTIVATION-CON-074,AUDIENCE-CON-074,CAMPAIGN-CON-074,DEST-CON-SIMULATED,email,held_supply,2026-09-25T12:00:00Z
ACTIVATION-CON-075,AUDIENCE-CON-075,CAMPAIGN-CON-075,DEST-CON-SIMULATED,email,held_supply,2026-09-25T12:00:00Z
ACTIVATION-CON-076,AUDIENCE-CON-076,CAMPAIGN-CON-076,DEST-CON-SIMULATED,email,held_supply,2026-09-25T12:00:00Z
ACTIVATION-CON-077,AUDIENCE-CON-077,CAMPAIGN-CON-077,DEST-CON-SIMULATED,email,held_supply,2026-09-25T12:00:00Z
ACTIVATION-CON-078,AUDIENCE-CON-078,CAMPAIGN-CON-078,DEST-CON-SIMULATED,email,held_supply,2026-09-25T12:00:00Z
ACTIVATION-CON-079,AUDIENCE-CON-079,CAMPAIGN-CON-079,DEST-CON-SIMULATED,email,held_supply,2026-09-25T12:00:00Z
ACTIVATION-CON-080,AUDIENCE-CON-080,CAMPAIGN-CON-080,DEST-CON-SIMULATED,email,suppressed_consent,2026-09-25T12:00:00Z
ACTIVATION-CON-081,AUDIENCE-CON-081,CAMPAIGN-CON-081,DEST-CON-SIMULATED,email,held_supply,2026-09-25T12:00:00Z
ACTIVATION-CON-082,AUDIENCE-CON-082,CAMPAIGN-CON-082,DEST-CON-SIMULATED,email,held_supply,2026-09-25T12:00:00Z
ACTIVATION-CON-083,AUDIENCE-CON-083,CAMPAIGN-CON-083,DEST-CON-SIMULATED,email,held_supply,2026-09-25T12:00:00Z
ACTIVATION-CON-084,AUDIENCE-CON-084,CAMPAIGN-CON-084,DEST-CON-SIMULATED,email,held_supply,2026-09-25T12:00:00Z
ACTIVATION-CON-085,AUDIENCE-CON-085,CAMPAIGN-CON-085,DEST-CON-SIMULATED,email,held_supply,2026-09-25T12:00:00Z
ACTIVATION-CON-086,AUDIENCE-CON-086,CAMPAIGN-CON-086,DEST-CON-SIMULATED,email,held_supply,2026-09-25T12:00:00Z
ACTIVATION-CON-087,AUDIENCE-CON-087,CAMPAIGN-CON-087,DEST-CON-SIMULATED,email,held_supply,2026-09-25T12:00:00Z
ACTIVATION-CON-088,AUDIENCE-CON-088,CAMPAIGN-CON-088,DEST-CON-SIMULATED,email,held_supply,2026-09-25T12:00:00Z
ACTIVATION-CON-089,AUDIENCE-CON-089,CAMPAIGN-CON-089,DEST-CON-SIMULATED,email,held_supply,2026-09-25T12:00:00Z
ACTIVATION-CON-090,AUDIENCE-CON-090,CAMPAIGN-CON-090,DEST-CON-SIMULATED,email,suppressed_consent,2026-09-25T12:00:00Z
ACTIVATION-CON-091,AUDIENCE-CON-091,CAMPAIGN-CON-091,DEST-CON-SIMULATED,email,held_supply,2026-09-25T12:00:00Z
ACTIVATION-CON-092,AUDIENCE-CON-092,CAMPAIGN-CON-092,DEST-CON-SIMULATED,email,held_supply,2026-09-25T12:00:00Z
ACTIVATION-CON-093,AUDIENCE-CON-093,CAMPAIGN-CON-093,DEST-CON-SIMULATED,email,held_supply,2026-09-25T12:00:00Z
ACTIVATION-CON-094,AUDIENCE-CON-094,CAMPAIGN-CON-094,DEST-CON-SIMULATED,email,held_supply,2026-09-25T12:00:00Z
ACTIVATION-CON-095,AUDIENCE-CON-095,CAMPAIGN-CON-095,DEST-CON-SIMULATED,email,held_supply,2026-09-25T12:00:00Z
ACTIVATION-CON-096,AUDIENCE-CON-096,CAMPAIGN-CON-096,DEST-CON-SIMULATED,email,held_supply,2026-09-25T12:00:00Z
ACTIVATION-CON-097,AUDIENCE-CON-097,CAMPAIGN-CON-097,DEST-CON-SIMULATED,email,held_supply,2026-09-25T12:00:00Z
ACTIVATION-CON-098,AUDIENCE-CON-098,CAMPAIGN-CON-098,DEST-CON-SIMULATED,email,held_supply,2026-09-25T12:00:00Z
ACTIVATION-CON-099,AUDIENCE-CON-099,CAMPAIGN-CON-099,DEST-CON-SIMULATED,email,held_supply,2026-09-25T12:00:00Z
ACTIVATION-CON-100,AUDIENCE-CON-100,CAMPAIGN-CON-100,DEST-CON-SIMULATED,email,suppressed_consent,2026-09-25T12:00:00Z
