membership_id,audience_id,profile_id,membership_status,score,reason,updated_at
MEMBER-CON-001,AUDIENCE-CON-001,PROFILE-CON-001,eligible,0.75,"Synthetic consent and project interest, not confirmed demand",2026-10-01T12:00:00Z
MEMBER-CON-002,AUDIENCE-CON-002,PROFILE-CON-002,eligible,0.75,"Synthetic consent and project interest, not confirmed demand",2026-10-01T12:00:00Z
MEMBER-CON-003,AUDIENCE-CON-003,PROFILE-CON-003,eligible,0.75,"Synthetic consent and project interest, not confirmed demand",2026-10-01T12:00:00Z
MEMBER-CON-004,AUDIENCE-CON-004,PROFILE-CON-004,eligible,0.75,"Synthetic consent and project interest, not confirmed demand",2026-10-01T12:00:00Z
MEMBER-CON-005,AUDIENCE-CON-005,PROFILE-CON-005,eligible,0.75,"Synthetic consent and project interest, not confirmed demand",2026-10-01T12:00:00Z
MEMBER-CON-006,AUDIENCE-CON-006,PROFILE-CON-006,eligible,0.75,"Synthetic consent and project interest, not confirmed demand",2026-10-01T12:00:00Z
MEMBER-CON-007,AUDIENCE-CON-007,PROFILE-CON-007,eligible,0.75,"Synthetic consent and project interest, not confirmed demand",2026-10-01T12:00:00Z
MEMBER-CON-008,AUDIENCE-CON-008,PROFILE-CON-008,eligible,0.75,"Synthetic consent and project interest, not confirmed demand",2026-10-01T12:00:00Z
MEMBER-CON-009,AUDIENCE-CON-009,PROFILE-CON-009,eligible,0.75,"Synthetic consent and project interest, not confirmed demand",2026-10-01T12:00:00Z
MEMBER-CON-010,AUDIENCE-CON-010,PROFILE-CON-010,suppressed,0.75,"Synthetic consent and project interest, not confirmed demand",2026-10-01T12:00:00Z
MEMBER-CON-011,AUDIENCE-CON-011,PROFILE-CON-011,eligible,0.75,"Synthetic consent and project interest, not confirmed demand",2026-10-01T12:00:00Z
MEMBER-CON-012,AUDIENCE-CON-012,PROFILE-CON-012,eligible,0.75,"Synthetic consent and project interest, not confirmed demand",2026-10-01T12:00:00Z
MEMBER-CON-013,AUDIENCE-CON-013,PROFILE-CON-013,eligible,0.75,"Synthetic consent and project interest, not confirmed demand",2026-10-01T12:00:00Z
MEMBER-CON-014,AUDIENCE-CON-014,PROFILE-CON-014,eligible,0.75,"Synthetic consent and project interest, not confirmed demand",2026-10-01T12:00:00Z
MEMBER-CON-015,AUDIENCE-CON-015,PROFILE-CON-015,eligible,0.75,"Synthetic consent and project interest, not confirmed demand",2026-10-01T12:00:00Z
MEMBER-CON-016,AUDIENCE-CON-016,PROFILE-CON-016,eligible,0.75,"Synthetic consent and project interest, not confirmed demand",2026-10-01T12:00:00Z
MEMBER-CON-017,AUDIENCE-CON-017,PROFILE-CON-017,eligible,0.75,"Synthetic consent and project interest, not confirmed demand",2026-10-01T12:00:00Z
MEMBER-CON-018,AUDIENCE-CON-018,PROFILE-CON-018,eligible,0.75,"Synthetic consent and project interest, not confirmed demand",2026-10-01T12:00:00Z
MEMBER-CON-019,AUDIENCE-CON-019,PROFILE-CON-019,eligible,0.75,"Synthetic consent and project interest, not confirmed demand",2026-10-01T12:00:00Z
MEMBER-CON-020,AUDIENCE-CON-020,PROFILE-CON-020,suppressed,0.75,"Synthetic consent and project interest, not confirmed demand",2026-10-01T12:00:00Z
MEMBER-CON-021,AUDIENCE-CON-021,PROFILE-CON-021,eligible,0.75,"Synthetic consent and project interest, not confirmed demand",2026-10-01T12:00:00Z
MEMBER-CON-022,AUDIENCE-CON-022,PROFILE-CON-022,eligible,0.75,"Synthetic consent and project interest, not confirmed demand",2026-10-01T12:00:00Z
MEMBER-CON-023,AUDIENCE-CON-023,PROFILE-CON-023,eligible,0.75,"Synthetic consent and project interest, not confirmed demand",2026-10-01T12:00:00Z
MEMBER-CON-024,AUDIENCE-CON-024,PROFILE-CON-024,eligible,0.75,"Synthetic consent and project interest, not confirmed demand",2026-10-01T12:00:00Z
MEMBER-CON-025,AUDIENCE-CON-025,PROFILE-CON-025,eligible,0.75,"Synthetic consent and project interest, not confirmed demand",2026-10-01T12:00:00Z
MEMBER-CON-026,AUDIENCE-CON-026,PROFILE-CON-026,eligible,0.75,"Synthetic consent and project interest, not confirmed demand",2026-10-01T12:00:00Z
MEMBER-CON-027,AUDIENCE-CON-027,PROFILE-CON-027,eligible,0.75,"Synthetic consent and project interest, not confirmed demand",2026-10-01T12:00:00Z
MEMBER-CON-028,AUDIENCE-CON-028,PROFILE-CON-028,eligible,0.75,"Synthetic consent and project interest, not confirmed demand",2026-10-01T12:00:00Z
MEMBER-CON-029,AUDIENCE-CON-029,PROFILE-CON-029,eligible,0.75,"Synthetic consent and project interest, not confirmed demand",2026-10-01T12:00:00Z
MEMBER-CON-030,AUDIENCE-CON-030,PROFILE-CON-030,suppressed,0.75,"Synthetic consent and project interest, not confirmed demand",2026-10-01T12:00:00Z
MEMBER-CON-031,AUDIENCE-CON-031,PROFILE-CON-031,eligible,0.75,"Synthetic consent and project interest, not confirmed demand",2026-10-01T12:00:00Z
MEMBER-CON-032,AUDIENCE-CON-032,PROFILE-CON-032,eligible,0.75,"Synthetic consent and project interest, not confirmed demand",2026-10-01T12:00:00Z
MEMBER-CON-033,AUDIENCE-CON-033,PROFILE-CON-033,eligible,0.75,"Synthetic consent and project interest, not confirmed demand",2026-10-01T12:00:00Z
MEMBER-CON-034,AUDIENCE-CON-034,PROFILE-CON-034,eligible,0.75,"Synthetic consent and project interest, not confirmed demand",2026-10-01T12:00:00Z
MEMBER-CON-035,AUDIENCE-CON-035,PROFILE-CON-035,eligible,0.75,"Synthetic consent and project interest, not confirmed demand",2026-10-01T12:00:00Z
MEMBER-CON-036,AUDIENCE-CON-036,PROFILE-CON-036,eligible,0.75,"Synthetic consent and project interest, not confirmed demand",2026-10-01T12:00:00Z
MEMBER-CON-037,AUDIENCE-CON-037,PROFILE-CON-037,eligible,0.75,"Synthetic consent and project interest, not confirmed demand",2026-10-01T12:00:00Z
MEMBER-CON-038,AUDIENCE-CON-038,PROFILE-CON-038,eligible,0.75,"Synthetic consent and project interest, not confirmed demand",2026-10-01T12:00:00Z
MEMBER-CON-039,AUDIENCE-CON-039,PROFILE-CON-039,eligible,0.75,"Synthetic consent and project interest, not confirmed demand",2026-10-01T12:00:00Z
MEMBER-CON-040,AUDIENCE-CON-040,PROFILE-CON-040,suppressed,0.75,"Synthetic consent and project interest, not confirmed demand",2026-10-01T12:00:00Z
MEMBER-CON-041,AUDIENCE-CON-041,PROFILE-CON-041,eligible,0.75,"Synthetic consent and project interest, not confirmed demand",2026-10-01T12:00:00Z
MEMBER-CON-042,AUDIENCE-CON-042,PROFILE-CON-042,eligible,0.75,"Synthetic consent and project interest, not confirmed demand",2026-10-01T12:00:00Z
MEMBER-CON-043,AUDIENCE-CON-043,PROFILE-CON-043,eligible,0.75,"Synthetic consent and project interest, not confirmed demand",2026-10-01T12:00:00Z
MEMBER-CON-044,AUDIENCE-CON-044,PROFILE-CON-044,eligible,0.75,"Synthetic consent and project interest, not confirmed demand",2026-10-01T12:00:00Z
MEMBER-CON-045,AUDIENCE-CON-045,PROFILE-CON-045,eligible,0.75,"Synthetic consent and project interest, not confirmed demand",2026-10-01T12:00:00Z
MEMBER-CON-046,AUDIENCE-CON-046,PROFILE-CON-046,eligible,0.75,"Synthetic consent and project interest, not confirmed demand",2026-10-01T12:00:00Z
MEMBER-CON-047,AUDIENCE-CON-047,PROFILE-CON-047,eligible,0.75,"Synthetic consent and project interest, not confirmed demand",2026-10-01T12:00:00Z
MEMBER-CON-048,AUDIENCE-CON-048,PROFILE-CON-048,eligible,0.75,"Synthetic consent and project interest, not confirmed demand",2026-10-01T12:00:00Z
MEMBER-CON-049,AUDIENCE-CON-049,PROFILE-CON-049,eligible,0.75,"Synthetic consent and project interest, not confirmed demand",2026-10-01T12:00:00Z
MEMBER-CON-050,AUDIENCE-CON-050,PROFILE-CON-050,suppressed,0.75,"Synthetic consent and project interest, not confirmed demand",2026-10-01T12:00:00Z
MEMBER-CON-051,AUDIENCE-CON-051,PROFILE-CON-051,eligible,0.75,"Synthetic consent and project interest, not confirmed demand",2026-10-01T12:00:00Z
MEMBER-CON-052,AUDIENCE-CON-052,PROFILE-CON-052,eligible,0.75,"Synthetic consent and project interest, not confirmed demand",2026-10-01T12:00:00Z
MEMBER-CON-053,AUDIENCE-CON-053,PROFILE-CON-053,eligible,0.75,"Synthetic consent and project interest, not confirmed demand",2026-10-01T12:00:00Z
MEMBER-CON-054,AUDIENCE-CON-054,PROFILE-CON-054,eligible,0.75,"Synthetic consent and project interest, not confirmed demand",2026-10-01T12:00:00Z
MEMBER-CON-055,AUDIENCE-CON-055,PROFILE-CON-055,eligible,0.75,"Synthetic consent and project interest, not confirmed demand",2026-10-01T12:00:00Z
MEMBER-CON-056,AUDIENCE-CON-056,PROFILE-CON-056,eligible,0.75,"Synthetic consent and project interest, not confirmed demand",2026-10-01T12:00:00Z
MEMBER-CON-057,AUDIENCE-CON-057,PROFILE-CON-057,eligible,0.75,"Synthetic consent and project interest, not confirmed demand",2026-10-01T12:00:00Z
MEMBER-CON-058,AUDIENCE-CON-058,PROFILE-CON-058,eligible,0.75,"Synthetic consent and project interest, not confirmed demand",2026-10-01T12:00:00Z
MEMBER-CON-059,AUDIENCE-CON-059,PROFILE-CON-059,eligible,0.75,"Synthetic consent and project interest, not confirmed demand",2026-10-01T12:00:00Z
MEMBER-CON-060,AUDIENCE-CON-060,PROFILE-CON-060,suppressed,0.75,"Synthetic consent and project interest, not confirmed demand",2026-10-01T12:00:00Z
MEMBER-CON-061,AUDIENCE-CON-061,PROFILE-CON-061,eligible,0.75,"Synthetic consent and project interest, not confirmed demand",2026-10-01T12:00:00Z
MEMBER-CON-062,AUDIENCE-CON-062,PROFILE-CON-062,eligible,0.75,"Synthetic consent and project interest, not confirmed demand",2026-10-01T12:00:00Z
MEMBER-CON-063,AUDIENCE-CON-063,PROFILE-CON-063,eligible,0.75,"Synthetic consent and project interest, not confirmed demand",2026-10-01T12:00:00Z
MEMBER-CON-064,AUDIENCE-CON-064,PROFILE-CON-064,eligible,0.75,"Synthetic consent and project interest, not confirmed demand",2026-10-01T12:00:00Z
MEMBER-CON-065,AUDIENCE-CON-065,PROFILE-CON-065,eligible,0.75,"Synthetic consent and project interest, not confirmed demand",2026-10-01T12:00:00Z
MEMBER-CON-066,AUDIENCE-CON-066,PROFILE-CON-066,eligible,0.75,"Synthetic consent and project interest, not confirmed demand",2026-10-01T12:00:00Z
MEMBER-CON-067,AUDIENCE-CON-067,PROFILE-CON-067,eligible,0.75,"Synthetic consent and project interest, not confirmed demand",2026-10-01T12:00:00Z
MEMBER-CON-068,AUDIENCE-CON-068,PROFILE-CON-068,eligible,0.75,"Synthetic consent and project interest, not confirmed demand",2026-10-01T12:00:00Z
MEMBER-CON-069,AUDIENCE-CON-069,PROFILE-CON-069,eligible,0.75,"Synthetic consent and project interest, not confirmed demand",2026-10-01T12:00:00Z
MEMBER-CON-070,AUDIENCE-CON-070,PROFILE-CON-070,suppressed,0.75,"Synthetic consent and project interest, not confirmed demand",2026-10-01T12:00:00Z
MEMBER-CON-071,AUDIENCE-CON-071,PROFILE-CON-071,eligible,0.75,"Synthetic consent and project interest, not confirmed demand",2026-10-01T12:00:00Z
MEMBER-CON-072,AUDIENCE-CON-072,PROFILE-CON-072,eligible,0.75,"Synthetic consent and project interest, not confirmed demand",2026-10-01T12:00:00Z
MEMBER-CON-073,AUDIENCE-CON-073,PROFILE-CON-073,eligible,0.75,"Synthetic consent and project interest, not confirmed demand",2026-10-01T12:00:00Z
MEMBER-CON-074,AUDIENCE-CON-074,PROFILE-CON-074,eligible,0.75,"Synthetic consent and project interest, not confirmed demand",2026-10-01T12:00:00Z
MEMBER-CON-075,AUDIENCE-CON-075,PROFILE-CON-075,eligible,0.75,"Synthetic consent and project interest, not confirmed demand",2026-10-01T12:00:00Z
MEMBER-CON-076,AUDIENCE-CON-076,PROFILE-CON-076,eligible,0.75,"Synthetic consent and project interest, not confirmed demand",2026-10-01T12:00:00Z
MEMBER-CON-077,AUDIENCE-CON-077,PROFILE-CON-077,eligible,0.75,"Synthetic consent and project interest, not confirmed demand",2026-10-01T12:00:00Z
MEMBER-CON-078,AUDIENCE-CON-078,PROFILE-CON-078,eligible,0.75,"Synthetic consent and project interest, not confirmed demand",2026-10-01T12:00:00Z
MEMBER-CON-079,AUDIENCE-CON-079,PROFILE-CON-079,eligible,0.75,"Synthetic consent and project interest, not confirmed demand",2026-10-01T12:00:00Z
MEMBER-CON-080,AUDIENCE-CON-080,PROFILE-CON-080,suppressed,0.75,"Synthetic consent and project interest, not confirmed demand",2026-10-01T12:00:00Z
MEMBER-CON-081,AUDIENCE-CON-081,PROFILE-CON-081,eligible,0.75,"Synthetic consent and project interest, not confirmed demand",2026-10-01T12:00:00Z
MEMBER-CON-082,AUDIENCE-CON-082,PROFILE-CON-082,eligible,0.75,"Synthetic consent and project interest, not confirmed demand",2026-10-01T12:00:00Z
MEMBER-CON-083,AUDIENCE-CON-083,PROFILE-CON-083,eligible,0.75,"Synthetic consent and project interest, not confirmed demand",2026-10-01T12:00:00Z
MEMBER-CON-084,AUDIENCE-CON-084,PROFILE-CON-084,eligible,0.75,"Synthetic consent and project interest, not confirmed demand",2026-10-01T12:00:00Z
MEMBER-CON-085,AUDIENCE-CON-085,PROFILE-CON-085,eligible,0.75,"Synthetic consent and project interest, not confirmed demand",2026-10-01T12:00:00Z
MEMBER-CON-086,AUDIENCE-CON-086,PROFILE-CON-086,eligible,0.75,"Synthetic consent and project interest, not confirmed demand",2026-10-01T12:00:00Z
MEMBER-CON-087,AUDIENCE-CON-087,PROFILE-CON-087,eligible,0.75,"Synthetic consent and project interest, not confirmed demand",2026-10-01T12:00:00Z
MEMBER-CON-088,AUDIENCE-CON-088,PROFILE-CON-088,eligible,0.75,"Synthetic consent and project interest, not confirmed demand",2026-10-01T12:00:00Z
MEMBER-CON-089,AUDIENCE-CON-089,PROFILE-CON-089,eligible,0.75,"Synthetic consent and project interest, not confirmed demand",2026-10-01T12:00:00Z
MEMBER-CON-090,AUDIENCE-CON-090,PROFILE-CON-090,suppressed,0.75,"Synthetic consent and project interest, not confirmed demand",2026-10-01T12:00:00Z
MEMBER-CON-091,AUDIENCE-CON-091,PROFILE-CON-091,eligible,0.75,"Synthetic consent and project interest, not confirmed demand",2026-10-01T12:00:00Z
MEMBER-CON-092,AUDIENCE-CON-092,PROFILE-CON-092,eligible,0.75,"Synthetic consent and project interest, not confirmed demand",2026-10-01T12:00:00Z
MEMBER-CON-093,AUDIENCE-CON-093,PROFILE-CON-093,eligible,0.75,"Synthetic consent and project interest, not confirmed demand",2026-10-01T12:00:00Z
MEMBER-CON-094,AUDIENCE-CON-094,PROFILE-CON-094,eligible,0.75,"Synthetic consent and project interest, not confirmed demand",2026-10-01T12:00:00Z
MEMBER-CON-095,AUDIENCE-CON-095,PROFILE-CON-095,eligible,0.75,"Synthetic consent and project interest, not confirmed demand",2026-10-01T12:00:00Z
MEMBER-CON-096,AUDIENCE-CON-096,PROFILE-CON-096,eligible,0.75,"Synthetic consent and project interest, not confirmed demand",2026-10-01T12:00:00Z
MEMBER-CON-097,AUDIENCE-CON-097,PROFILE-CON-097,eligible,0.75,"Synthetic consent and project interest, not confirmed demand",2026-10-01T12:00:00Z
MEMBER-CON-098,AUDIENCE-CON-098,PROFILE-CON-098,eligible,0.75,"Synthetic consent and project interest, not confirmed demand",2026-10-01T12:00:00Z
MEMBER-CON-099,AUDIENCE-CON-099,PROFILE-CON-099,eligible,0.75,"Synthetic consent and project interest, not confirmed demand",2026-10-01T12:00:00Z
MEMBER-CON-100,AUDIENCE-CON-100,PROFILE-CON-100,suppressed,0.75,"Synthetic consent and project interest, not confirmed demand",2026-10-01T12:00:00Z
