audience_id,audience_name,primary_goal,product_family_id,channel
AUDIENCE-CON-001,Synthetic schools audience 001,supply_aware_nurture,FAMILY-INSULATION,email
AUDIENCE-CON-002,Synthetic housing audience 002,supply_aware_nurture,FAMILY-INSULATION,email
AUDIENCE-CON-003,Synthetic workplaces audience 003,supply_aware_nurture,FAMILY-INSULATION,email
AUDIENCE-CON-004,Synthetic schools audience 004,supply_aware_nurture,FAMILY-PLASTERBOARD,email
AUDIENCE-CON-005,Synthetic housing audience 005,supply_aware_nurture,FAMILY-PLASTERBOARD,email
AUDIENCE-CON-006,Synthetic workplaces audience 006,supply_aware_nurture,FAMILY-PLASTERBOARD,email
AUDIENCE-CON-007,Synthetic schools audience 007,supply_aware_nurture,FAMILY-WINDOWS,email
AUDIENCE-CON-008,Synthetic housing audience 008,supply_aware_nurture,FAMILY-WINDOWS,email
AUDIENCE-CON-009,Synthetic workplaces audience 009,supply_aware_nurture,FAMILY-WINDOWS,email
AUDIENCE-CON-010,Synthetic schools audience 010,supply_aware_nurture,FAMILY-INSULATION,email
AUDIENCE-CON-011,Synthetic housing audience 011,supply_aware_nurture,FAMILY-INSULATION,email
AUDIENCE-CON-012,Synthetic workplaces audience 012,supply_aware_nurture,FAMILY-INSULATION,email
AUDIENCE-CON-013,Synthetic schools audience 013,supply_aware_nurture,FAMILY-INSULATION,email
AUDIENCE-CON-014,Synthetic housing audience 014,supply_aware_nurture,FAMILY-INSULATION,email
AUDIENCE-CON-015,Synthetic workplaces audience 015,supply_aware_nurture,FAMILY-PLASTERBOARD,email
AUDIENCE-CON-016,Synthetic schools audience 016,supply_aware_nurture,FAMILY-PLASTERBOARD,email
AUDIENCE-CON-017,Synthetic housing audience 017,supply_aware_nurture,FAMILY-PLASTERBOARD,email
AUDIENCE-CON-018,Synthetic workplaces audience 018,supply_aware_nurture,FAMILY-WINDOWS,email
AUDIENCE-CON-019,Synthetic schools audience 019,supply_aware_nurture,FAMILY-WINDOWS,email
AUDIENCE-CON-020,Synthetic housing audience 020,supply_aware_nurture,FAMILY-WINDOWS,email
AUDIENCE-CON-021,Synthetic workplaces audience 021,supply_aware_nurture,FAMILY-INSULATION,email
AUDIENCE-CON-022,Synthetic schools audience 022,supply_aware_nurture,FAMILY-INSULATION,email
AUDIENCE-CON-023,Synthetic housing audience 023,supply_aware_nurture,FAMILY-PLASTERBOARD,email
AUDIENCE-CON-024,Synthetic workplaces audience 024,supply_aware_nurture,FAMILY-PLASTERBOARD,email
AUDIENCE-CON-025,Synthetic schools audience 025,supply_aware_nurture,FAMILY-PLASTERBOARD,email
AUDIENCE-CON-026,Synthetic housing audience 026,supply_aware_nurture,FAMILY-WINDOWS,email
AUDIENCE-CON-027,Synthetic workplaces audience 027,supply_aware_nurture,FAMILY-WINDOWS,email
AUDIENCE-CON-028,Synthetic schools audience 028,supply_aware_nurture,FAMILY-WINDOWS,email
AUDIENCE-CON-029,Synthetic housing audience 029,supply_aware_nurture,FAMILY-INSULATION,email
AUDIENCE-CON-030,Synthetic workplaces audience 030,supply_aware_nurture,FAMILY-INSULATION,email
AUDIENCE-CON-031,Synthetic schools audience 031,supply_aware_nurture,FAMILY-PLASTERBOARD,email
AUDIENCE-CON-032,Synthetic housing audience 032,supply_aware_nurture,FAMILY-PLASTERBOARD,email
AUDIENCE-CON-033,Synthetic workplaces audience 033,supply_aware_nurture,FAMILY-PLASTERBOARD,email
AUDIENCE-CON-034,Synthetic schools audience 034,supply_aware_nurture,FAMILY-WINDOWS,email
AUDIENCE-CON-035,Synthetic housing audience 035,supply_aware_nurture,FAMILY-WINDOWS,email
AUDIENCE-CON-036,Synthetic workplaces audience 036,supply_aware_nurture,FAMILY-WINDOWS,email
AUDIENCE-CON-037,Synthetic schools audience 037,supply_aware_nurture,FAMILY-INSULATION,email
AUDIENCE-CON-038,Synthetic housing audience 038,supply_aware_nurture,FAMILY-INSULATION,email
AUDIENCE-CON-039,Synthetic workplaces audience 039,supply_aware_nurture,FAMILY-PLASTERBOARD,email
AUDIENCE-CON-040,Synthetic schools audience 040,supply_aware_nurture,FAMILY-PLASTERBOARD,email
AUDIENCE-CON-041,Synthetic housing audience 041,supply_aware_nurture,FAMILY-PLASTERBOARD,email
AUDIENCE-CON-042,Synthetic workplaces audience 042,supply_aware_nurture,FAMILY-WINDOWS,email
AUDIENCE-CON-043,Synthetic schools audience 043,supply_aware_nurture,FAMILY-WINDOWS,email
AUDIENCE-CON-044,Synthetic housing audience 044,supply_aware_nurture,FAMILY-WINDOWS,email
AUDIENCE-CON-045,Synthetic workplaces audience 045,supply_aware_nurture,FAMILY-INSULATION,email
AUDIENCE-CON-046,Synthetic schools audience 046,supply_aware_nurture,FAMILY-INSULATION,email
AUDIENCE-CON-047,Synthetic housing audience 047,supply_aware_nurture,FAMILY-PLASTERBOARD,email
AUDIENCE-CON-048,Synthetic workplaces audience 048,supply_aware_nurture,FAMILY-PLASTERBOARD,email
AUDIENCE-CON-049,Synthetic schools audience 049,supply_aware_nurture,FAMILY-PLASTERBOARD,email
AUDIENCE-CON-050,Synthetic housing audience 050,supply_aware_nurture,FAMILY-WINDOWS,email
AUDIENCE-CON-051,Synthetic workplaces audience 051,supply_aware_nurture,FAMILY-WINDOWS,email
AUDIENCE-CON-052,Synthetic schools audience 052,supply_aware_nurture,FAMILY-WINDOWS,email
AUDIENCE-CON-053,Synthetic housing audience 053,supply_aware_nurture,FAMILY-INSULATION,email
AUDIENCE-CON-054,Synthetic workplaces audience 054,supply_aware_nurture,FAMILY-INSULATION,email
AUDIENCE-CON-055,Synthetic schools audience 055,supply_aware_nurture,FAMILY-PLASTERBOARD,email
AUDIENCE-CON-056,Synthetic housing audience 056,supply_aware_nurture,FAMILY-PLASTERBOARD,email
AUDIENCE-CON-057,Synthetic workplaces audience 057,supply_aware_nurture,FAMILY-PLASTERBOARD,email
AUDIENCE-CON-058,Synthetic schools audience 058,supply_aware_nurture,FAMILY-WINDOWS,email
AUDIENCE-CON-059,Synthetic housing audience 059,supply_aware_nurture,FAMILY-WINDOWS,email
AUDIENCE-CON-060,Synthetic workplaces audience 060,supply_aware_nurture,FAMILY-WINDOWS,email
AUDIENCE-CON-061,Synthetic schools audience 061,supply_aware_nurture,FAMILY-INSULATION,email
AUDIENCE-CON-062,Synthetic housing audience 062,supply_aware_nurture,FAMILY-INSULATION,email
AUDIENCE-CON-063,Synthetic workplaces audience 063,supply_aware_nurture,FAMILY-PLASTERBOARD,email
AUDIENCE-CON-064,Synthetic schools audience 064,supply_aware_nurture,FAMILY-PLASTERBOARD,email
AUDIENCE-CON-065,Synthetic housing audience 065,supply_aware_nurture,FAMILY-PLASTERBOARD,email
AUDIENCE-CON-066,Synthetic workplaces audience 066,supply_aware_nurture,FAMILY-WINDOWS,email
AUDIENCE-CON-067,Synthetic schools audience 067,supply_aware_nurture,FAMILY-WINDOWS,email
AUDIENCE-CON-068,Synthetic housing audience 068,supply_aware_nurture,FAMILY-WINDOWS,email
AUDIENCE-CON-069,Synthetic workplaces audience 069,supply_aware_nurture,FAMILY-INSULATION,email
AUDIENCE-CON-070,Synthetic schools audience 070,supply_aware_nurture,FAMILY-INSULATION,email
AUDIENCE-CON-071,Synthetic housing audience 071,supply_aware_nurture,FAMILY-PLASTERBOARD,email
AUDIENCE-CON-072,Synthetic workplaces audience 072,supply_aware_nurture,FAMILY-PLASTERBOARD,email
AUDIENCE-CON-073,Synthetic schools audience 073,supply_aware_nurture,FAMILY-PLASTERBOARD,email
AUDIENCE-CON-074,Synthetic housing audience 074,supply_aware_nurture,FAMILY-WINDOWS,email
AUDIENCE-CON-075,Synthetic workplaces audience 075,supply_aware_nurture,FAMILY-WINDOWS,email
AUDIENCE-CON-076,Synthetic schools audience 076,supply_aware_nurture,FAMILY-WINDOWS,email
AUDIENCE-CON-077,Synthetic housing audience 077,supply_aware_nurture,FAMILY-INSULATION,email
AUDIENCE-CON-078,Synthetic workplaces audience 078,supply_aware_nurture,FAMILY-INSULATION,email
AUDIENCE-CON-079,Synthetic schools audience 079,supply_aware_nurture,FAMILY-PLASTERBOARD,email
AUDIENCE-CON-080,Synthetic housing audience 080,supply_aware_nurture,FAMILY-PLASTERBOARD,email
AUDIENCE-CON-081,Synthetic workplaces audience 081,supply_aware_nurture,FAMILY-PLASTERBOARD,email
AUDIENCE-CON-082,Synthetic schools audience 082,supply_aware_nurture,FAMILY-WINDOWS,email
AUDIENCE-CON-083,Synthetic housing audience 083,supply_aware_nurture,FAMILY-WINDOWS,email
AUDIENCE-CON-084,Synthetic workplaces audience 084,supply_aware_nurture,FAMILY-WINDOWS,email
AUDIENCE-CON-085,Synthetic schools audience 085,supply_aware_nurture,FAMILY-INSULATION,email
AUDIENCE-CON-086,Synthetic housing audience 086,supply_aware_nurture,FAMILY-INSULATION,email
AUDIENCE-CON-087,Synthetic workplaces audience 087,supply_aware_nurture,FAMILY-PLASTERBOARD,email
AUDIENCE-CON-088,Synthetic schools audience 088,supply_aware_nurture,FAMILY-PLASTERBOARD,email
AUDIENCE-CON-089,Synthetic housing audience 089,supply_aware_nurture,FAMILY-PLASTERBOARD,email
AUDIENCE-CON-090,Synthetic workplaces audience 090,supply_aware_nurture,FAMILY-WINDOWS,email
AUDIENCE-CON-091,Synthetic schools audience 091,supply_aware_nurture,FAMILY-WINDOWS,email
AUDIENCE-CON-092,Synthetic housing audience 092,supply_aware_nurture,FAMILY-WINDOWS,email
AUDIENCE-CON-093,Synthetic workplaces audience 093,supply_aware_nurture,FAMILY-INSULATION,email
AUDIENCE-CON-094,Synthetic schools audience 094,supply_aware_nurture,FAMILY-INSULATION,email
AUDIENCE-CON-095,Synthetic housing audience 095,supply_aware_nurture,FAMILY-PLASTERBOARD,email
AUDIENCE-CON-096,Synthetic workplaces audience 096,supply_aware_nurture,FAMILY-PLASTERBOARD,email
AUDIENCE-CON-097,Synthetic schools audience 097,supply_aware_nurture,FAMILY-PLASTERBOARD,email
AUDIENCE-CON-098,Synthetic housing audience 098,supply_aware_nurture,FAMILY-WINDOWS,email
AUDIENCE-CON-099,Synthetic workplaces audience 099,supply_aware_nurture,FAMILY-WINDOWS,email
AUDIENCE-CON-100,Synthetic schools audience 100,supply_aware_nurture,FAMILY-WINDOWS,email
