consent_id,profile_id,channel,purpose,consent_status,captured_at,source_system
CONSENT-CON-001,PROFILE-CON-001,email,construction_marketing,granted,2026-09-02T12:00:00Z,synthetic_consent_register
CONSENT-CON-002,PROFILE-CON-002,email,construction_marketing,granted,2026-09-02T12:00:00Z,synthetic_consent_register
CONSENT-CON-003,PROFILE-CON-003,email,construction_marketing,granted,2026-09-02T12:00:00Z,synthetic_consent_register
CONSENT-CON-004,PROFILE-CON-004,email,construction_marketing,granted,2026-09-02T12:00:00Z,synthetic_consent_register
CONSENT-CON-005,PROFILE-CON-005,email,construction_marketing,granted,2026-09-02T12:00:00Z,synthetic_consent_register
CONSENT-CON-006,PROFILE-CON-006,email,construction_marketing,granted,2026-09-02T12:00:00Z,synthetic_consent_register
CONSENT-CON-007,PROFILE-CON-007,email,construction_marketing,granted,2026-09-02T12:00:00Z,synthetic_consent_register
CONSENT-CON-008,PROFILE-CON-008,email,construction_marketing,granted,2026-09-02T12:00:00Z,synthetic_consent_register
CONSENT-CON-009,PROFILE-CON-009,email,construction_marketing,granted,2026-09-02T12:00:00Z,synthetic_consent_register
CONSENT-CON-010,PROFILE-CON-010,email,construction_marketing,denied,2026-09-02T12:00:00Z,synthetic_consent_register
CONSENT-CON-011,PROFILE-CON-011,email,construction_marketing,granted,2026-09-02T12:00:00Z,synthetic_consent_register
CONSENT-CON-012,PROFILE-CON-012,email,construction_marketing,granted,2026-09-02T12:00:00Z,synthetic_consent_register
CONSENT-CON-013,PROFILE-CON-013,email,construction_marketing,granted,2026-09-02T12:00:00Z,synthetic_consent_register
CONSENT-CON-014,PROFILE-CON-014,email,construction_marketing,granted,2026-09-02T12:00:00Z,synthetic_consent_register
CONSENT-CON-015,PROFILE-CON-015,email,construction_marketing,granted,2026-09-02T12:00:00Z,synthetic_consent_register
CONSENT-CON-016,PROFILE-CON-016,email,construction_marketing,granted,2026-09-02T12:00:00Z,synthetic_consent_register
CONSENT-CON-017,PROFILE-CON-017,email,construction_marketing,granted,2026-09-02T12:00:00Z,synthetic_consent_register
CONSENT-CON-018,PROFILE-CON-018,email,construction_marketing,granted,2026-09-02T12:00:00Z,synthetic_consent_register
CONSENT-CON-019,PROFILE-CON-019,email,construction_marketing,granted,2026-09-02T12:00:00Z,synthetic_consent_register
CONSENT-CON-020,PROFILE-CON-020,email,construction_marketing,denied,2026-09-02T12:00:00Z,synthetic_consent_register
CONSENT-CON-021,PROFILE-CON-021,email,construction_marketing,granted,2026-09-02T12:00:00Z,synthetic_consent_register
CONSENT-CON-022,PROFILE-CON-022,email,construction_marketing,granted,2026-09-02T12:00:00Z,synthetic_consent_register
CONSENT-CON-023,PROFILE-CON-023,email,construction_marketing,granted,2026-09-02T12:00:00Z,synthetic_consent_register
CONSENT-CON-024,PROFILE-CON-024,email,construction_marketing,granted,2026-09-02T12:00:00Z,synthetic_consent_register
CONSENT-CON-025,PROFILE-CON-025,email,construction_marketing,granted,2026-09-02T12:00:00Z,synthetic_consent_register
CONSENT-CON-026,PROFILE-CON-026,email,construction_marketing,granted,2026-09-02T12:00:00Z,synthetic_consent_register
CONSENT-CON-027,PROFILE-CON-027,email,construction_marketing,granted,2026-09-02T12:00:00Z,synthetic_consent_register
CONSENT-CON-028,PROFILE-CON-028,email,construction_marketing,granted,2026-09-02T12:00:00Z,synthetic_consent_register
CONSENT-CON-029,PROFILE-CON-029,email,construction_marketing,granted,2026-09-02T12:00:00Z,synthetic_consent_register
CONSENT-CON-030,PROFILE-CON-030,email,construction_marketing,denied,2026-09-02T12:00:00Z,synthetic_consent_register
CONSENT-CON-031,PROFILE-CON-031,email,construction_marketing,granted,2026-09-02T12:00:00Z,synthetic_consent_register
CONSENT-CON-032,PROFILE-CON-032,email,construction_marketing,granted,2026-09-02T12:00:00Z,synthetic_consent_register
CONSENT-CON-033,PROFILE-CON-033,email,construction_marketing,granted,2026-09-02T12:00:00Z,synthetic_consent_register
CONSENT-CON-034,PROFILE-CON-034,email,construction_marketing,granted,2026-09-02T12:00:00Z,synthetic_consent_register
CONSENT-CON-035,PROFILE-CON-035,email,construction_marketing,granted,2026-09-02T12:00:00Z,synthetic_consent_register
CONSENT-CON-036,PROFILE-CON-036,email,construction_marketing,granted,2026-09-02T12:00:00Z,synthetic_consent_register
CONSENT-CON-037,PROFILE-CON-037,email,construction_marketing,granted,2026-09-02T12:00:00Z,synthetic_consent_register
CONSENT-CON-038,PROFILE-CON-038,email,construction_marketing,granted,2026-09-02T12:00:00Z,synthetic_consent_register
CONSENT-CON-039,PROFILE-CON-039,email,construction_marketing,granted,2026-09-02T12:00:00Z,synthetic_consent_register
CONSENT-CON-040,PROFILE-CON-040,email,construction_marketing,denied,2026-09-02T12:00:00Z,synthetic_consent_register
CONSENT-CON-041,PROFILE-CON-041,email,construction_marketing,granted,2026-09-02T12:00:00Z,synthetic_consent_register
CONSENT-CON-042,PROFILE-CON-042,email,construction_marketing,granted,2026-09-02T12:00:00Z,synthetic_consent_register
CONSENT-CON-043,PROFILE-CON-043,email,construction_marketing,granted,2026-09-02T12:00:00Z,synthetic_consent_register
CONSENT-CON-044,PROFILE-CON-044,email,construction_marketing,granted,2026-09-02T12:00:00Z,synthetic_consent_register
CONSENT-CON-045,PROFILE-CON-045,email,construction_marketing,granted,2026-09-02T12:00:00Z,synthetic_consent_register
CONSENT-CON-046,PROFILE-CON-046,email,construction_marketing,granted,2026-09-02T12:00:00Z,synthetic_consent_register
CONSENT-CON-047,PROFILE-CON-047,email,construction_marketing,granted,2026-09-02T12:00:00Z,synthetic_consent_register
CONSENT-CON-048,PROFILE-CON-048,email,construction_marketing,granted,2026-09-02T12:00:00Z,synthetic_consent_register
CONSENT-CON-049,PROFILE-CON-049,email,construction_marketing,granted,2026-09-02T12:00:00Z,synthetic_consent_register
CONSENT-CON-050,PROFILE-CON-050,email,construction_marketing,denied,2026-09-02T12:00:00Z,synthetic_consent_register
CONSENT-CON-051,PROFILE-CON-051,email,construction_marketing,granted,2026-09-02T12:00:00Z,synthetic_consent_register
CONSENT-CON-052,PROFILE-CON-052,email,construction_marketing,granted,2026-09-02T12:00:00Z,synthetic_consent_register
CONSENT-CON-053,PROFILE-CON-053,email,construction_marketing,granted,2026-09-02T12:00:00Z,synthetic_consent_register
CONSENT-CON-054,PROFILE-CON-054,email,construction_marketing,granted,2026-09-02T12:00:00Z,synthetic_consent_register
CONSENT-CON-055,PROFILE-CON-055,email,construction_marketing,granted,2026-09-02T12:00:00Z,synthetic_consent_register
CONSENT-CON-056,PROFILE-CON-056,email,construction_marketing,granted,2026-09-02T12:00:00Z,synthetic_consent_register
CONSENT-CON-057,PROFILE-CON-057,email,construction_marketing,granted,2026-09-02T12:00:00Z,synthetic_consent_register
CONSENT-CON-058,PROFILE-CON-058,email,construction_marketing,granted,2026-09-02T12:00:00Z,synthetic_consent_register
CONSENT-CON-059,PROFILE-CON-059,email,construction_marketing,granted,2026-09-02T12:00:00Z,synthetic_consent_register
CONSENT-CON-060,PROFILE-CON-060,email,construction_marketing,denied,2026-09-02T12:00:00Z,synthetic_consent_register
CONSENT-CON-061,PROFILE-CON-061,email,construction_marketing,granted,2026-09-02T12:00:00Z,synthetic_consent_register
CONSENT-CON-062,PROFILE-CON-062,email,construction_marketing,granted,2026-09-02T12:00:00Z,synthetic_consent_register
CONSENT-CON-063,PROFILE-CON-063,email,construction_marketing,granted,2026-09-02T12:00:00Z,synthetic_consent_register
CONSENT-CON-064,PROFILE-CON-064,email,construction_marketing,granted,2026-09-02T12:00:00Z,synthetic_consent_register
CONSENT-CON-065,PROFILE-CON-065,email,construction_marketing,granted,2026-09-02T12:00:00Z,synthetic_consent_register
CONSENT-CON-066,PROFILE-CON-066,email,construction_marketing,granted,2026-09-02T12:00:00Z,synthetic_consent_register
CONSENT-CON-067,PROFILE-CON-067,email,construction_marketing,granted,2026-09-02T12:00:00Z,synthetic_consent_register
CONSENT-CON-068,PROFILE-CON-068,email,construction_marketing,granted,2026-09-02T12:00:00Z,synthetic_consent_register
CONSENT-CON-069,PROFILE-CON-069,email,construction_marketing,granted,2026-09-02T12:00:00Z,synthetic_consent_register
CONSENT-CON-070,PROFILE-CON-070,email,construction_marketing,denied,2026-09-02T12:00:00Z,synthetic_consent_register
CONSENT-CON-071,PROFILE-CON-071,email,construction_marketing,granted,2026-09-02T12:00:00Z,synthetic_consent_register
CONSENT-CON-072,PROFILE-CON-072,email,construction_marketing,granted,2026-09-02T12:00:00Z,synthetic_consent_register
CONSENT-CON-073,PROFILE-CON-073,email,construction_marketing,granted,2026-09-02T12:00:00Z,synthetic_consent_register
CONSENT-CON-074,PROFILE-CON-074,email,construction_marketing,granted,2026-09-02T12:00:00Z,synthetic_consent_register
CONSENT-CON-075,PROFILE-CON-075,email,construction_marketing,granted,2026-09-02T12:00:00Z,synthetic_consent_register
CONSENT-CON-076,PROFILE-CON-076,email,construction_marketing,granted,2026-09-02T12:00:00Z,synthetic_consent_register
CONSENT-CON-077,PROFILE-CON-077,email,construction_marketing,granted,2026-09-02T12:00:00Z,synthetic_consent_register
CONSENT-CON-078,PROFILE-CON-078,email,construction_marketing,granted,2026-09-02T12:00:00Z,synthetic_consent_register
CONSENT-CON-079,PROFILE-CON-079,email,construction_marketing,granted,2026-09-02T12:00:00Z,synthetic_consent_register
CONSENT-CON-080,PROFILE-CON-080,email,construction_marketing,denied,2026-09-02T12:00:00Z,synthetic_consent_register
CONSENT-CON-081,PROFILE-CON-081,email,construction_marketing,granted,2026-09-02T12:00:00Z,synthetic_consent_register
CONSENT-CON-082,PROFILE-CON-082,email,construction_marketing,granted,2026-09-02T12:00:00Z,synthetic_consent_register
CONSENT-CON-083,PROFILE-CON-083,email,construction_marketing,granted,2026-09-02T12:00:00Z,synthetic_consent_register
CONSENT-CON-084,PROFILE-CON-084,email,construction_marketing,granted,2026-09-02T12:00:00Z,synthetic_consent_register
CONSENT-CON-085,PROFILE-CON-085,email,construction_marketing,granted,2026-09-02T12:00:00Z,synthetic_consent_register
CONSENT-CON-086,PROFILE-CON-086,email,construction_marketing,granted,2026-09-02T12:00:00Z,synthetic_consent_register
CONSENT-CON-087,PROFILE-CON-087,email,construction_marketing,granted,2026-09-02T12:00:00Z,synthetic_consent_register
CONSENT-CON-088,PROFILE-CON-088,email,construction_marketing,granted,2026-09-02T12:00:00Z,synthetic_consent_register
CONSENT-CON-089,PROFILE-CON-089,email,construction_marketing,granted,2026-09-02T12:00:00Z,synthetic_consent_register
CONSENT-CON-090,PROFILE-CON-090,email,construction_marketing,denied,2026-09-02T12:00:00Z,synthetic_consent_register
CONSENT-CON-091,PROFILE-CON-091,email,construction_marketing,granted,2026-09-02T12:00:00Z,synthetic_consent_register
CONSENT-CON-092,PROFILE-CON-092,email,construction_marketing,granted,2026-09-02T12:00:00Z,synthetic_consent_register
CONSENT-CON-093,PROFILE-CON-093,email,construction_marketing,granted,2026-09-02T12:00:00Z,synthetic_consent_register
CONSENT-CON-094,PROFILE-CON-094,email,construction_marketing,granted,2026-09-02T12:00:00Z,synthetic_consent_register
CONSENT-CON-095,PROFILE-CON-095,email,construction_marketing,granted,2026-09-02T12:00:00Z,synthetic_consent_register
CONSENT-CON-096,PROFILE-CON-096,email,construction_marketing,granted,2026-09-02T12:00:00Z,synthetic_consent_register
CONSENT-CON-097,PROFILE-CON-097,email,construction_marketing,granted,2026-09-02T12:00:00Z,synthetic_consent_register
CONSENT-CON-098,PROFILE-CON-098,email,construction_marketing,granted,2026-09-02T12:00:00Z,synthetic_consent_register
CONSENT-CON-099,PROFILE-CON-099,email,construction_marketing,granted,2026-09-02T12:00:00Z,synthetic_consent_register
CONSENT-CON-100,PROFILE-CON-100,email,construction_marketing,denied,2026-09-02T12:00:00Z,synthetic_consent_register
