identity_id,identity_type,identity_value_hash,source_system
IDENTITY-CON-001,synthetic_email_hash,ec7d5a6f0d00c3fb1dc21667104fcbcb2ef695d6ca410754e12a41522bbdfb0d,synthetic_crm
IDENTITY-CON-002,synthetic_email_hash,034b3861898824f04375ad547c27fe1b4d6c4a04d35c4246aa2dd702f3aee5c1,synthetic_crm
IDENTITY-CON-003,synthetic_email_hash,2ddcec3f9aac77a07372401f971187ebcc9ef688e68009f9d12c65cdfebd466f,synthetic_crm
IDENTITY-CON-004,synthetic_email_hash,32cf6b01f7effcae03db0fabc97a1dc270b6e154efbdc5202a9f2916e25abe1c,synthetic_crm
IDENTITY-CON-005,synthetic_email_hash,830c5e780e86428e8256b59311f7fdbdc9049a19872c74739a9159535f78b04c,synthetic_crm
IDENTITY-CON-006,synthetic_email_hash,3bffc46ef0ac1d0275acae2eddc9b04ba35d3e89dad47395e8363fed95aaee63,synthetic_crm
IDENTITY-CON-007,synthetic_email_hash,36b738a621b680e9fbf5d0e2713ffec2eee7906ca0a752f11c0f982047b00294,synthetic_crm
IDENTITY-CON-008,synthetic_email_hash,c57c0ebd2e10b6e11534c4ea501346c9a025384856b509ea70d350adef003649,synthetic_crm
IDENTITY-CON-009,synthetic_email_hash,cb3bbf915a4634eb08d0dbf7c21c278e4369fc08afaf71cdfaf179addfcafe03,synthetic_crm
IDENTITY-CON-010,synthetic_email_hash,5cc1ebcfd2cc09efb6038adb3a1025afdab823a11982a8d7d530398707b9b5f2,synthetic_crm
IDENTITY-CON-011,synthetic_email_hash,a6248ab0f72a82265a5b68b0441aa8d7fbc69c3e47e16d0b836bd8bba245fa16,synthetic_crm
IDENTITY-CON-012,synthetic_email_hash,32ded71e8fe8ccde2a47898474ee0f8767dda655b6b77145879a752cff06abfc,synthetic_crm
IDENTITY-CON-013,synthetic_email_hash,a1ee123186c40d63b487b3b64bdf680b4538cf9f3f74ef90cf991e4e42c98a1f,synthetic_crm
IDENTITY-CON-014,synthetic_email_hash,84117e6f5132e48eeeb9cfb1138b0c80a30dd9621e6ad8a7e0c48ffd5f09544e,synthetic_crm
IDENTITY-CON-015,synthetic_email_hash,0e37172404942aca60cf279ad3d4cd1d556225b7750f41d3a70d36ddba6d2a05,synthetic_crm
IDENTITY-CON-016,synthetic_email_hash,1c786a79752584e8e2b5b7d477e16cbe29f1f578df15a37caea7d27e534b69b1,synthetic_crm
IDENTITY-CON-017,synthetic_email_hash,efa0175b12f0f44089bfb23e76e6849391968aaf7f4dccf21426aa51b44032e6,synthetic_crm
IDENTITY-CON-018,synthetic_email_hash,8ea24d35e5e85932af648441d4ac06c53e42a56864cf1a07031e3900ec167a1f,synthetic_crm
IDENTITY-CON-019,synthetic_email_hash,8c826fe77ac315d10aad6a8609d7009d96c93e4e031deb706edc9c5afff872f2,synthetic_crm
IDENTITY-CON-020,synthetic_email_hash,27d35852e739e7d10f4e801149df3c34d339488b6e9402cdfe2b19b4bcb8e2e9,synthetic_crm
IDENTITY-CON-021,synthetic_email_hash,9a712955d04fc9abb72ad1b6b8dce27327262b2c8e0ebc09a3b04814406600ae,synthetic_crm
IDENTITY-CON-022,synthetic_email_hash,1e87e6a0f7d6217ab6d5ac970ef3e9ea88ac05ccae4b107b4c2fe9e1a6ff1e0f,synthetic_crm
IDENTITY-CON-023,synthetic_email_hash,aebd658e3cfd70bbd8ec7621482c02e197b9f07584ff5250f98160749e07fdb6,synthetic_crm
IDENTITY-CON-024,synthetic_email_hash,1109cd3c54ed1d1fa542ca3fe6f7a0e138287c7355423cc61e3de4f5fc8f2e8f,synthetic_crm
IDENTITY-CON-025,synthetic_email_hash,1bba95b67c529cc9efab725834a168394317a35d227ee8e2b0ddd3198e6bed96,synthetic_crm
IDENTITY-CON-026,synthetic_email_hash,7add79b91329bea02ad6e0453387363c8a10804ae4479c5ab1a44b5a8126ae57,synthetic_crm
IDENTITY-CON-027,synthetic_email_hash,73745f19104ab1493f19ac3139de1395130cc5e64072fc4be95969d9a808f228,synthetic_crm
IDENTITY-CON-028,synthetic_email_hash,29f744ad78a27ad57acb62b8bdd54e04f5afe9b51638b172b4eac79f6d8bb315,synthetic_crm
IDENTITY-CON-029,synthetic_email_hash,322ee104ccc687d607a059f62df8e4c391012eb91e139c2d4268e1198b2d5920,synthetic_crm
IDENTITY-CON-030,synthetic_email_hash,f307f0d4c59c25d117bb4abff78d39b63461c6b1d78aad49968259ab05e0f298,synthetic_crm
IDENTITY-CON-031,synthetic_email_hash,1016fe108c1537ca881ac7a7cdae414351bddc5f0b8baa6757ee1243c2851ada,synthetic_crm
IDENTITY-CON-032,synthetic_email_hash,35c762b3d36f231a9e09780ce1d8f9165d660d1c9a69759471d129d71651b37b,synthetic_crm
IDENTITY-CON-033,synthetic_email_hash,5cc371868f490c85dfd6b1d39b58efac8488e8791bfa74ea9342477cc356b339,synthetic_crm
IDENTITY-CON-034,synthetic_email_hash,215a44d7c5155db8fc7c946ea2b4fd59cbc8e9a327f3d24ed515315a807f8fed,synthetic_crm
IDENTITY-CON-035,synthetic_email_hash,70bf8e3b7e01a9027e2f45eb37a1959d66faa1a4043b05d4b5c43f4491aba9bc,synthetic_crm
IDENTITY-CON-036,synthetic_email_hash,81014b9857040aa92c92095b56174473d59b210bff240f5311ffd5bd450700f9,synthetic_crm
IDENTITY-CON-037,synthetic_email_hash,6cbf2ccf2881f52334b55f05acda7dbe164fafe06e74fd1b13bd6491f0457a9e,synthetic_crm
IDENTITY-CON-038,synthetic_email_hash,06ab7f72a393ac3730b5b52e87a75f725d068ad7e44931be783b396ce9df5337,synthetic_crm
IDENTITY-CON-039,synthetic_email_hash,d3dccf6097f58061ae9b892ddd61635c35f67cb04daddc9a5ace91596b02ed9b,synthetic_crm
IDENTITY-CON-040,synthetic_email_hash,60df03ac4983f5fbc3584246a059ef7fc00df04fb6d6a6980adabd90d0a20d3e,synthetic_crm
IDENTITY-CON-041,synthetic_email_hash,062f0c9f768bbe0a591eb0f1fdc0d84e59df2b5dbdd03511d777dbcf67a56f27,synthetic_crm
IDENTITY-CON-042,synthetic_email_hash,52df61e36bdf098da8a14d7ca76294847d283527781e2961d800766ce69ebf27,synthetic_crm
IDENTITY-CON-043,synthetic_email_hash,ca7725370c5ee70344fddaa726073a54aab12eba63f0229fe67633fd1169de3e,synthetic_crm
IDENTITY-CON-044,synthetic_email_hash,424915663e1b63dd723c952a8e3089a9d23472c68ce95028e9f557c17f24fb40,synthetic_crm
IDENTITY-CON-045,synthetic_email_hash,e64df298f6a5010c8462bd3ae9c89e45bbfef452029e1678d415dc0c10c01ccb,synthetic_crm
IDENTITY-CON-046,synthetic_email_hash,cdacf014cb372f320b826699afcadb036781f55e1fd3a90035e1f0b37c2f93d5,synthetic_crm
IDENTITY-CON-047,synthetic_email_hash,17bf87cff287d6014d0b9aae4ca6b753f096d43c65608d2dd8fc12fe3c03fbdc,synthetic_crm
IDENTITY-CON-048,synthetic_email_hash,71fa8a2f099f95565c4f01d24eb4c3ab7c5a100735b331678343399ac9ba37e4,synthetic_crm
IDENTITY-CON-049,synthetic_email_hash,854370c58f40ae70ddf1a313b214cf0d9896fd193eb25ba389e3375a0288bce1,synthetic_crm
IDENTITY-CON-050,synthetic_email_hash,a4b451fe0154b8d50bc48fbdf0e78008d31bc4f3e8e21d3f899b8dda1eed5a35,synthetic_crm
IDENTITY-CON-051,synthetic_email_hash,20ce4795e330720c6a6a3a541d311ba27c48bb3996ab8d75272fe26047babf56,synthetic_crm
IDENTITY-CON-052,synthetic_email_hash,1fc4ac3a1f7e3ba59ac47a3a2e3b52dc9781cd46ebd2250228f9f38fd4ab6ac5,synthetic_crm
IDENTITY-CON-053,synthetic_email_hash,8e3f0a919add3e2764d364d0bf178c5d591887f49d298f290da98c2df828ce15,synthetic_crm
IDENTITY-CON-054,synthetic_email_hash,8057fd2f6a7f0e961f6ab308cd7ce595796f2addccf7f2b669699cf927d2e747,synthetic_crm
IDENTITY-CON-055,synthetic_email_hash,261c4cbb9fe1877c80a178c5a7b9caeb0507e33fa6eb1785523ef57260ed3bf2,synthetic_crm
IDENTITY-CON-056,synthetic_email_hash,0de7017bb9f0da177803743b8e75f5ec2ff54250a7a5e6cd2157b221ee539ff8,synthetic_crm
IDENTITY-CON-057,synthetic_email_hash,fbe898be008413cae4dbceec9e324485091db872d36929ae0292c32abfb65b5b,synthetic_crm
IDENTITY-CON-058,synthetic_email_hash,017a53e1a91c70fa47484bad8e3fae12fb7365fe860981be63f57cdc23c2b647,synthetic_crm
IDENTITY-CON-059,synthetic_email_hash,65fd06ccecfdb00a94594a1eeb81e682b218164fc934d52641746260ed91f7a9,synthetic_crm
IDENTITY-CON-060,synthetic_email_hash,d962b80b9648ad546a75f65c51068223114c82892736a2eb55493c537ad48c83,synthetic_crm
IDENTITY-CON-061,synthetic_email_hash,b9d4b786ad0f5177ccbd38c22d7074aa0224d14bddff748dfd6985c9f968a795,synthetic_crm
IDENTITY-CON-062,synthetic_email_hash,8ad7346a30fa08aa2282a8938e09f62f348f3a567988ffe9a0560ff9a69ea54b,synthetic_crm
IDENTITY-CON-063,synthetic_email_hash,30841aeec4f3c29d2e21f7d83a1538fcee8b23bcded2286e64cb06936ef83087,synthetic_crm
IDENTITY-CON-064,synthetic_email_hash,bc78c5e3573ce6d3f15c1c296e3952bcc7c593b0b018212da5c9e0eb2e155c40,synthetic_crm
IDENTITY-CON-065,synthetic_email_hash,5c14c8b60e5bf9beb50503d39d79f96f11d1982a59e7f73d9f9a3f44d110999c,synthetic_crm
IDENTITY-CON-066,synthetic_email_hash,7e26f864c02cfe464cf2eac3b87f0b6561433218ead63e7b142a6d12a30d08c8,synthetic_crm
IDENTITY-CON-067,synthetic_email_hash,66470379b7876d9e718835b58f0188092b349e5051ed1e72760ec692494e499b,synthetic_crm
IDENTITY-CON-068,synthetic_email_hash,aa838d5a92867fc5a755089c6fa11f619d67394bb21c4400a1f8fb76ce7d53a8,synthetic_crm
IDENTITY-CON-069,synthetic_email_hash,893a13b1f17d904b3b2036f05014191cf2e63c974f54407fe2a983bcb2cbd4cf,synthetic_crm
IDENTITY-CON-070,synthetic_email_hash,03879e8e0d68c82be0818a453c2929d750999e9d05021bdaf078ca97d087d35c,synthetic_crm
IDENTITY-CON-071,synthetic_email_hash,626f786de3ef376e999d3e9de24c249dec4d86caf898fac0564d264672dde506,synthetic_crm
IDENTITY-CON-072,synthetic_email_hash,ae882c1134716fbd68cbfa65bcdd0a3be9e4bf4947a61e2517ffc8540eeace49,synthetic_crm
IDENTITY-CON-073,synthetic_email_hash,4f5b8ef1ce9e071739a9b2cbe1a80297507f852b455adbf92f44c098c4902f96,synthetic_crm
IDENTITY-CON-074,synthetic_email_hash,01ed0ef5e67453579779012ca366b6a7d95b5a1cd21e38d5a9a485709cf5cba0,synthetic_crm
IDENTITY-CON-075,synthetic_email_hash,e1ae27c4d775a0b37ac6d6466d652a5d5866543af1502c4f8272380595525e86,synthetic_crm
IDENTITY-CON-076,synthetic_email_hash,7433606becede32b856bda0209f068de32320442fc7c474ba1cbe5296c6205e8,synthetic_crm
IDENTITY-CON-077,synthetic_email_hash,4222d64ceecf4b0e12b410a2219bd1646b5069fe2910e402c7191cec4ae936d4,synthetic_crm
IDENTITY-CON-078,synthetic_email_hash,645a4777caf8f99ad3098d94b3c5d482c5ba8d75a3c80435981e60e953ff184a,synthetic_crm
IDENTITY-CON-079,synthetic_email_hash,45e6a881ffb7a322076a822baa2fd52cc4af459028da62ba068b45015b1252c9,synthetic_crm
IDENTITY-CON-080,synthetic_email_hash,8c19519520878477de7bd06166b96b5ba9fd25b1e017a59fe4fa381a0e0a5bcc,synthetic_crm
IDENTITY-CON-081,synthetic_email_hash,a8f7bd477c1dc4194dab30b3385ec68f13da5e0e7b4e7a893026854bea614457,synthetic_crm
IDENTITY-CON-082,synthetic_email_hash,825720677b7e72cb801a1bfb7bc70ef1fe007e011a5e64d8ad67a830390fc238,synthetic_crm
IDENTITY-CON-083,synthetic_email_hash,64c7d62fd964ab3e7eb2ab013c3cca4cb2c249a421bfd07ef06129208fc41722,synthetic_crm
IDENTITY-CON-084,synthetic_email_hash,9fa5ef603cbc79977b27a46f9f5043b820774bf5ea5373cc515a0d99d5028beb,synthetic_crm
IDENTITY-CON-085,synthetic_email_hash,3884cca7a1651210bae25832859b0f3f63ffda4e067dece7351a72688873c5ad,synthetic_crm
IDENTITY-CON-086,synthetic_email_hash,247bf7ef9aa7732292e682b35243e2bbe86835390cc44b1557fbe83701f0456b,synthetic_crm
IDENTITY-CON-087,synthetic_email_hash,7ee3baa7e94d69bf675ebe58318508f568c56d1e146620e7dec536972220ac7a,synthetic_crm
IDENTITY-CON-088,synthetic_email_hash,b536d2b40e49e22fb003099fc2dda546c7ddaaa10557c2a157ebbffdf6a9b977,synthetic_crm
IDENTITY-CON-089,synthetic_email_hash,f2cd2f649f606dea9d27b9a5f27abf27b23421c3c70cfe04683fdb481992315b,synthetic_crm
IDENTITY-CON-090,synthetic_email_hash,e0c18ae6b9202e1792f69d45acb8ad040245426dc5d89faa352e36ad2fc97823,synthetic_crm
IDENTITY-CON-091,synthetic_email_hash,31bdcd04e9ee85762fb2b4ad1d9ab6af7d190e00d01a53082e0f34df83db3685,synthetic_crm
IDENTITY-CON-092,synthetic_email_hash,43bb18c8d5e6088b0cae14e725dc3dd6e011c27b01166dfc9e6a76b5fd4bf115,synthetic_crm
IDENTITY-CON-093,synthetic_email_hash,34012d431ebeff2dd21056ae86fa274bdbfc12c37c4f5b7b95e554ebf7007a43,synthetic_crm
IDENTITY-CON-094,synthetic_email_hash,06ea527c3c6ae3c99e59a58d25cbdbcc5a1805fb399b2055587250278500e01a,synthetic_crm
IDENTITY-CON-095,synthetic_email_hash,99410e3e8c18663d03b01e739af1833ddc05a51fb95758e7491497c0ff4927c5,synthetic_crm
IDENTITY-CON-096,synthetic_email_hash,a6243d6e4a0a2e7a16b9dc528e61d16ffdb763f5530fa0e70f0c9ddfb09f4192,synthetic_crm
IDENTITY-CON-097,synthetic_email_hash,c918eccaa6acc73f10544f1b151782b699788013c8c303a79c5cdadfb386e22f,synthetic_crm
IDENTITY-CON-098,synthetic_email_hash,8c3898d060c53920456a9a8cf1c5045a4c944301da0e5ba6f57eed3264fb6f94,synthetic_crm
IDENTITY-CON-099,synthetic_email_hash,03b88003c2bf94b97a610963ca568129022fb00a2524d28a225709cbf43c98cc,synthetic_crm
IDENTITY-CON-100,synthetic_email_hash,23471bebfac91a84b1fac53a9aed152012d1fa1c0bca6efc1903cf18ca585803,synthetic_crm
