identity_link_id,identity_id,profile_id,confidence,link_method,last_seen_at
LINK-CON-001,IDENTITY-CON-001,PROFILE-CON-001,1.0,synthetic_fixture,2026-10-01T11:59:00Z
LINK-CON-002,IDENTITY-CON-002,PROFILE-CON-002,1.0,synthetic_fixture,2026-10-01T11:58:00Z
LINK-CON-003,IDENTITY-CON-003,PROFILE-CON-003,1.0,synthetic_fixture,2026-10-01T11:57:00Z
LINK-CON-004,IDENTITY-CON-004,PROFILE-CON-004,1.0,synthetic_fixture,2026-10-01T11:56:00Z
LINK-CON-005,IDENTITY-CON-005,PROFILE-CON-005,1.0,synthetic_fixture,2026-10-01T11:55:00Z
LINK-CON-006,IDENTITY-CON-006,PROFILE-CON-006,1.0,synthetic_fixture,2026-10-01T11:54:00Z
LINK-CON-007,IDENTITY-CON-007,PROFILE-CON-007,1.0,synthetic_fixture,2026-10-01T11:53:00Z
LINK-CON-008,IDENTITY-CON-008,PROFILE-CON-008,1.0,synthetic_fixture,2026-10-01T11:52:00Z
LINK-CON-009,IDENTITY-CON-009,PROFILE-CON-009,1.0,synthetic_fixture,2026-10-01T11:51:00Z
LINK-CON-010,IDENTITY-CON-010,PROFILE-CON-010,1.0,synthetic_fixture,2026-10-01T11:50:00Z
LINK-CON-011,IDENTITY-CON-011,PROFILE-CON-011,1.0,synthetic_fixture,2026-10-01T11:49:00Z
LINK-CON-012,IDENTITY-CON-012,PROFILE-CON-012,1.0,synthetic_fixture,2026-10-01T11:48:00Z
LINK-CON-013,IDENTITY-CON-013,PROFILE-CON-013,1.0,synthetic_fixture,2026-10-01T11:47:00Z
LINK-CON-014,IDENTITY-CON-014,PROFILE-CON-014,1.0,synthetic_fixture,2026-10-01T11:46:00Z
LINK-CON-015,IDENTITY-CON-015,PROFILE-CON-015,1.0,synthetic_fixture,2026-10-01T11:45:00Z
LINK-CON-016,IDENTITY-CON-016,PROFILE-CON-016,1.0,synthetic_fixture,2026-10-01T11:44:00Z
LINK-CON-017,IDENTITY-CON-017,PROFILE-CON-017,1.0,synthetic_fixture,2026-10-01T11:43:00Z
LINK-CON-018,IDENTITY-CON-018,PROFILE-CON-018,1.0,synthetic_fixture,2026-10-01T11:42:00Z
LINK-CON-019,IDENTITY-CON-019,PROFILE-CON-019,1.0,synthetic_fixture,2026-10-01T11:41:00Z
LINK-CON-020,IDENTITY-CON-020,PROFILE-CON-020,1.0,synthetic_fixture,2026-10-01T11:40:00Z
LINK-CON-021,IDENTITY-CON-021,PROFILE-CON-021,1.0,synthetic_fixture,2026-10-01T11:39:00Z
LINK-CON-022,IDENTITY-CON-022,PROFILE-CON-022,1.0,synthetic_fixture,2026-10-01T11:38:00Z
LINK-CON-023,IDENTITY-CON-023,PROFILE-CON-023,1.0,synthetic_fixture,2026-10-01T11:37:00Z
LINK-CON-024,IDENTITY-CON-024,PROFILE-CON-024,1.0,synthetic_fixture,2026-10-01T11:36:00Z
LINK-CON-025,IDENTITY-CON-025,PROFILE-CON-025,1.0,synthetic_fixture,2026-10-01T11:35:00Z
LINK-CON-026,IDENTITY-CON-026,PROFILE-CON-026,1.0,synthetic_fixture,2026-10-01T11:34:00Z
LINK-CON-027,IDENTITY-CON-027,PROFILE-CON-027,1.0,synthetic_fixture,2026-10-01T11:33:00Z
LINK-CON-028,IDENTITY-CON-028,PROFILE-CON-028,1.0,synthetic_fixture,2026-10-01T11:32:00Z
LINK-CON-029,IDENTITY-CON-029,PROFILE-CON-029,1.0,synthetic_fixture,2026-10-01T11:31:00Z
LINK-CON-030,IDENTITY-CON-030,PROFILE-CON-030,1.0,synthetic_fixture,2026-10-01T11:30:00Z
LINK-CON-031,IDENTITY-CON-031,PROFILE-CON-031,1.0,synthetic_fixture,2026-10-01T11:29:00Z
LINK-CON-032,IDENTITY-CON-032,PROFILE-CON-032,1.0,synthetic_fixture,2026-10-01T11:28:00Z
LINK-CON-033,IDENTITY-CON-033,PROFILE-CON-033,1.0,synthetic_fixture,2026-10-01T11:27:00Z
LINK-CON-034,IDENTITY-CON-034,PROFILE-CON-034,1.0,synthetic_fixture,2026-10-01T11:26:00Z
LINK-CON-035,IDENTITY-CON-035,PROFILE-CON-035,1.0,synthetic_fixture,2026-10-01T11:25:00Z
LINK-CON-036,IDENTITY-CON-036,PROFILE-CON-036,1.0,synthetic_fixture,2026-10-01T11:24:00Z
LINK-CON-037,IDENTITY-CON-037,PROFILE-CON-037,1.0,synthetic_fixture,2026-10-01T11:23:00Z
LINK-CON-038,IDENTITY-CON-038,PROFILE-CON-038,1.0,synthetic_fixture,2026-10-01T11:22:00Z
LINK-CON-039,IDENTITY-CON-039,PROFILE-CON-039,1.0,synthetic_fixture,2026-10-01T11:21:00Z
LINK-CON-040,IDENTITY-CON-040,PROFILE-CON-040,1.0,synthetic_fixture,2026-10-01T11:20:00Z
LINK-CON-041,IDENTITY-CON-041,PROFILE-CON-041,1.0,synthetic_fixture,2026-10-01T11:19:00Z
LINK-CON-042,IDENTITY-CON-042,PROFILE-CON-042,1.0,synthetic_fixture,2026-10-01T11:18:00Z
LINK-CON-043,IDENTITY-CON-043,PROFILE-CON-043,1.0,synthetic_fixture,2026-10-01T11:17:00Z
LINK-CON-044,IDENTITY-CON-044,PROFILE-CON-044,1.0,synthetic_fixture,2026-10-01T11:16:00Z
LINK-CON-045,IDENTITY-CON-045,PROFILE-CON-045,1.0,synthetic_fixture,2026-10-01T11:15:00Z
LINK-CON-046,IDENTITY-CON-046,PROFILE-CON-046,1.0,synthetic_fixture,2026-10-01T11:14:00Z
LINK-CON-047,IDENTITY-CON-047,PROFILE-CON-047,1.0,synthetic_fixture,2026-10-01T11:13:00Z
LINK-CON-048,IDENTITY-CON-048,PROFILE-CON-048,1.0,synthetic_fixture,2026-10-01T11:12:00Z
LINK-CON-049,IDENTITY-CON-049,PROFILE-CON-049,1.0,synthetic_fixture,2026-10-01T11:11:00Z
LINK-CON-050,IDENTITY-CON-050,PROFILE-CON-050,1.0,synthetic_fixture,2026-10-01T11:10:00Z
LINK-CON-051,IDENTITY-CON-051,PROFILE-CON-051,1.0,synthetic_fixture,2026-10-01T11:09:00Z
LINK-CON-052,IDENTITY-CON-052,PROFILE-CON-052,1.0,synthetic_fixture,2026-10-01T11:08:00Z
LINK-CON-053,IDENTITY-CON-053,PROFILE-CON-053,1.0,synthetic_fixture,2026-10-01T11:07:00Z
LINK-CON-054,IDENTITY-CON-054,PROFILE-CON-054,1.0,synthetic_fixture,2026-10-01T11:06:00Z
LINK-CON-055,IDENTITY-CON-055,PROFILE-CON-055,1.0,synthetic_fixture,2026-10-01T11:05:00Z
LINK-CON-056,IDENTITY-CON-056,PROFILE-CON-056,1.0,synthetic_fixture,2026-10-01T11:04:00Z
LINK-CON-057,IDENTITY-CON-057,PROFILE-CON-057,1.0,synthetic_fixture,2026-10-01T11:03:00Z
LINK-CON-058,IDENTITY-CON-058,PROFILE-CON-058,1.0,synthetic_fixture,2026-10-01T11:02:00Z
LINK-CON-059,IDENTITY-CON-059,PROFILE-CON-059,1.0,synthetic_fixture,2026-10-01T11:01:00Z
LINK-CON-060,IDENTITY-CON-060,PROFILE-CON-060,1.0,synthetic_fixture,2026-10-01T11:00:00Z
LINK-CON-061,IDENTITY-CON-061,PROFILE-CON-061,1.0,synthetic_fixture,2026-10-01T10:59:00Z
LINK-CON-062,IDENTITY-CON-062,PROFILE-CON-062,1.0,synthetic_fixture,2026-10-01T10:58:00Z
LINK-CON-063,IDENTITY-CON-063,PROFILE-CON-063,1.0,synthetic_fixture,2026-10-01T10:57:00Z
LINK-CON-064,IDENTITY-CON-064,PROFILE-CON-064,1.0,synthetic_fixture,2026-10-01T10:56:00Z
LINK-CON-065,IDENTITY-CON-065,PROFILE-CON-065,1.0,synthetic_fixture,2026-10-01T10:55:00Z
LINK-CON-066,IDENTITY-CON-066,PROFILE-CON-066,1.0,synthetic_fixture,2026-10-01T10:54:00Z
LINK-CON-067,IDENTITY-CON-067,PROFILE-CON-067,1.0,synthetic_fixture,2026-10-01T10:53:00Z
LINK-CON-068,IDENTITY-CON-068,PROFILE-CON-068,1.0,synthetic_fixture,2026-10-01T10:52:00Z
LINK-CON-069,IDENTITY-CON-069,PROFILE-CON-069,1.0,synthetic_fixture,2026-10-01T10:51:00Z
LINK-CON-070,IDENTITY-CON-070,PROFILE-CON-070,1.0,synthetic_fixture,2026-10-01T10:50:00Z
LINK-CON-071,IDENTITY-CON-071,PROFILE-CON-071,1.0,synthetic_fixture,2026-10-01T10:49:00Z
LINK-CON-072,IDENTITY-CON-072,PROFILE-CON-072,1.0,synthetic_fixture,2026-10-01T10:48:00Z
LINK-CON-073,IDENTITY-CON-073,PROFILE-CON-073,1.0,synthetic_fixture,2026-10-01T10:47:00Z
LINK-CON-074,IDENTITY-CON-074,PROFILE-CON-074,1.0,synthetic_fixture,2026-10-01T10:46:00Z
LINK-CON-075,IDENTITY-CON-075,PROFILE-CON-075,1.0,synthetic_fixture,2026-10-01T10:45:00Z
LINK-CON-076,IDENTITY-CON-076,PROFILE-CON-076,1.0,synthetic_fixture,2026-10-01T10:44:00Z
LINK-CON-077,IDENTITY-CON-077,PROFILE-CON-077,1.0,synthetic_fixture,2026-10-01T10:43:00Z
LINK-CON-078,IDENTITY-CON-078,PROFILE-CON-078,1.0,synthetic_fixture,2026-10-01T10:42:00Z
LINK-CON-079,IDENTITY-CON-079,PROFILE-CON-079,1.0,synthetic_fixture,2026-10-01T10:41:00Z
LINK-CON-080,IDENTITY-CON-080,PROFILE-CON-080,1.0,synthetic_fixture,2026-10-01T10:40:00Z
LINK-CON-081,IDENTITY-CON-081,PROFILE-CON-081,1.0,synthetic_fixture,2026-10-01T10:39:00Z
LINK-CON-082,IDENTITY-CON-082,PROFILE-CON-082,1.0,synthetic_fixture,2026-10-01T10:38:00Z
LINK-CON-083,IDENTITY-CON-083,PROFILE-CON-083,1.0,synthetic_fixture,2026-10-01T10:37:00Z
LINK-CON-084,IDENTITY-CON-084,PROFILE-CON-084,1.0,synthetic_fixture,2026-10-01T10:36:00Z
LINK-CON-085,IDENTITY-CON-085,PROFILE-CON-085,1.0,synthetic_fixture,2026-10-01T10:35:00Z
LINK-CON-086,IDENTITY-CON-086,PROFILE-CON-086,1.0,synthetic_fixture,2026-10-01T10:34:00Z
LINK-CON-087,IDENTITY-CON-087,PROFILE-CON-087,1.0,synthetic_fixture,2026-10-01T10:33:00Z
LINK-CON-088,IDENTITY-CON-088,PROFILE-CON-088,1.0,synthetic_fixture,2026-10-01T10:32:00Z
LINK-CON-089,IDENTITY-CON-089,PROFILE-CON-089,1.0,synthetic_fixture,2026-10-01T10:31:00Z
LINK-CON-090,IDENTITY-CON-090,PROFILE-CON-090,1.0,synthetic_fixture,2026-10-01T10:30:00Z
LINK-CON-091,IDENTITY-CON-091,PROFILE-CON-091,1.0,synthetic_fixture,2026-10-01T10:29:00Z
LINK-CON-092,IDENTITY-CON-092,PROFILE-CON-092,1.0,synthetic_fixture,2026-10-01T10:28:00Z
LINK-CON-093,IDENTITY-CON-093,PROFILE-CON-093,1.0,synthetic_fixture,2026-10-01T10:27:00Z
LINK-CON-094,IDENTITY-CON-094,PROFILE-CON-094,1.0,synthetic_fixture,2026-10-01T10:26:00Z
LINK-CON-095,IDENTITY-CON-095,PROFILE-CON-095,1.0,synthetic_fixture,2026-10-01T10:25:00Z
LINK-CON-096,IDENTITY-CON-096,PROFILE-CON-096,1.0,synthetic_fixture,2026-10-01T10:24:00Z
LINK-CON-097,IDENTITY-CON-097,PROFILE-CON-097,1.0,synthetic_fixture,2026-10-01T10:23:00Z
LINK-CON-098,IDENTITY-CON-098,PROFILE-CON-098,1.0,synthetic_fixture,2026-10-01T10:22:00Z
LINK-CON-099,IDENTITY-CON-099,PROFILE-CON-099,1.0,synthetic_fixture,2026-10-01T10:21:00Z
LINK-CON-100,IDENTITY-CON-100,PROFILE-CON-100,1.0,synthetic_fixture,2026-10-01T10:20:00Z
