offer_id,product_id,offer_name,eligibility_rule,priority
OFFER-CON-001,PROD-CON-01,Synthetic catalogue enquiry 001,Consent and supply review required; not a stock reservation,2
OFFER-CON-002,PROD-CON-01,Synthetic catalogue enquiry 002,Consent and supply review required; not a stock reservation,2
OFFER-CON-003,PROD-CON-01,Synthetic catalogue enquiry 003,Consent and supply review required; not a stock reservation,2
OFFER-CON-004,PROD-CON-05,Synthetic catalogue enquiry 004,Consent and supply review required; not a stock reservation,2
OFFER-CON-005,PROD-CON-05,Synthetic catalogue enquiry 005,Consent and supply review required; not a stock reservation,2
OFFER-CON-006,PROD-CON-05,Synthetic catalogue enquiry 006,Consent and supply review required; not a stock reservation,2
OFFER-CON-007,PROD-CON-09,Synthetic catalogue enquiry 007,Consent and supply review required; not a stock reservation,2
OFFER-CON-008,PROD-CON-09,Synthetic catalogue enquiry 008,Consent and supply review required; not a stock reservation,2
OFFER-CON-009,PROD-CON-09,Synthetic catalogue enquiry 009,Consent and supply review required; not a stock reservation,2
OFFER-CON-010,PROD-CON-02,Synthetic catalogue enquiry 010,Consent and supply review required; not a stock reservation,2
OFFER-CON-011,PROD-CON-02,Synthetic catalogue enquiry 011,Consent and supply review required; not a stock reservation,2
OFFER-CON-012,PROD-CON-02,Synthetic catalogue enquiry 012,Consent and supply review required; not a stock reservation,2
OFFER-CON-013,PROD-CON-03,Synthetic catalogue enquiry 013,Consent and supply review required; not a stock reservation,2
OFFER-CON-014,PROD-CON-04,Synthetic catalogue enquiry 014,Consent and supply review required; not a stock reservation,2
OFFER-CON-015,PROD-CON-06,Synthetic catalogue enquiry 015,Consent and supply review required; not a stock reservation,2
OFFER-CON-016,PROD-CON-07,Synthetic catalogue enquiry 016,Consent and supply review required; not a stock reservation,2
OFFER-CON-017,PROD-CON-08,Synthetic catalogue enquiry 017,Consent and supply review required; not a stock reservation,2
OFFER-CON-018,PROD-CON-10,Synthetic catalogue enquiry 018,Consent and supply review required; not a stock reservation,2
OFFER-CON-019,PROD-CON-11,Synthetic catalogue enquiry 019,Consent and supply review required; not a stock reservation,2
OFFER-CON-020,PROD-CON-12,Synthetic catalogue enquiry 020,Consent and supply review required; not a stock reservation,2
OFFER-CON-021,PROD-CON-03,Synthetic catalogue enquiry 021,Consent and supply review required; not a stock reservation,2
OFFER-CON-022,PROD-CON-04,Synthetic catalogue enquiry 022,Consent and supply review required; not a stock reservation,2
OFFER-CON-023,PROD-CON-06,Synthetic catalogue enquiry 023,Consent and supply review required; not a stock reservation,2
OFFER-CON-024,PROD-CON-07,Synthetic catalogue enquiry 024,Consent and supply review required; not a stock reservation,2
OFFER-CON-025,PROD-CON-08,Synthetic catalogue enquiry 025,Consent and supply review required; not a stock reservation,2
OFFER-CON-026,PROD-CON-10,Synthetic catalogue enquiry 026,Consent and supply review required; not a stock reservation,2
OFFER-CON-027,PROD-CON-11,Synthetic catalogue enquiry 027,Consent and supply review required; not a stock reservation,2
OFFER-CON-028,PROD-CON-12,Synthetic catalogue enquiry 028,Consent and supply review required; not a stock reservation,2
OFFER-CON-029,PROD-CON-03,Synthetic catalogue enquiry 029,Consent and supply review required; not a stock reservation,2
OFFER-CON-030,PROD-CON-04,Synthetic catalogue enquiry 030,Consent and supply review required; not a stock reservation,2
OFFER-CON-031,PROD-CON-06,Synthetic catalogue enquiry 031,Consent and supply review required; not a stock reservation,2
OFFER-CON-032,PROD-CON-07,Synthetic catalogue enquiry 032,Consent and supply review required; not a stock reservation,2
OFFER-CON-033,PROD-CON-08,Synthetic catalogue enquiry 033,Consent and supply review required; not a stock reservation,2
OFFER-CON-034,PROD-CON-10,Synthetic catalogue enquiry 034,Consent and supply review required; not a stock reservation,2
OFFER-CON-035,PROD-CON-11,Synthetic catalogue enquiry 035,Consent and supply review required; not a stock reservation,2
OFFER-CON-036,PROD-CON-12,Synthetic catalogue enquiry 036,Consent and supply review required; not a stock reservation,2
OFFER-CON-037,PROD-CON-03,Synthetic catalogue enquiry 037,Consent and supply review required; not a stock reservation,2
OFFER-CON-038,PROD-CON-04,Synthetic catalogue enquiry 038,Consent and supply review required; not a stock reservation,2
OFFER-CON-039,PROD-CON-06,Synthetic catalogue enquiry 039,Consent and supply review required; not a stock reservation,2
OFFER-CON-040,PROD-CON-07,Synthetic catalogue enquiry 040,Consent and supply review required; not a stock reservation,2
OFFER-CON-041,PROD-CON-08,Synthetic catalogue enquiry 041,Consent and supply review required; not a stock reservation,2
OFFER-CON-042,PROD-CON-10,Synthetic catalogue enquiry 042,Consent and supply review required; not a stock reservation,2
OFFER-CON-043,PROD-CON-11,Synthetic catalogue enquiry 043,Consent and supply review required; not a stock reservation,2
OFFER-CON-044,PROD-CON-12,Synthetic catalogue enquiry 044,Consent and supply review required; not a stock reservation,2
OFFER-CON-045,PROD-CON-03,Synthetic catalogue enquiry 045,Consent and supply review required; not a stock reservation,2
OFFER-CON-046,PROD-CON-04,Synthetic catalogue enquiry 046,Consent and supply review required; not a stock reservation,2
OFFER-CON-047,PROD-CON-06,Synthetic catalogue enquiry 047,Consent and supply review required; not a stock reservation,2
OFFER-CON-048,PROD-CON-07,Synthetic catalogue enquiry 048,Consent and supply review required; not a stock reservation,2
OFFER-CON-049,PROD-CON-08,Synthetic catalogue enquiry 049,Consent and supply review required; not a stock reservation,2
OFFER-CON-050,PROD-CON-10,Synthetic catalogue enquiry 050,Consent and supply review required; not a stock reservation,2
OFFER-CON-051,PROD-CON-11,Synthetic catalogue enquiry 051,Consent and supply review required; not a stock reservation,2
OFFER-CON-052,PROD-CON-12,Synthetic catalogue enquiry 052,Consent and supply review required; not a stock reservation,2
OFFER-CON-053,PROD-CON-03,Synthetic catalogue enquiry 053,Consent and supply review required; not a stock reservation,2
OFFER-CON-054,PROD-CON-04,Synthetic catalogue enquiry 054,Consent and supply review required; not a stock reservation,2
OFFER-CON-055,PROD-CON-06,Synthetic catalogue enquiry 055,Consent and supply review required; not a stock reservation,2
OFFER-CON-056,PROD-CON-07,Synthetic catalogue enquiry 056,Consent and supply review required; not a stock reservation,2
OFFER-CON-057,PROD-CON-08,Synthetic catalogue enquiry 057,Consent and supply review required; not a stock reservation,2
OFFER-CON-058,PROD-CON-10,Synthetic catalogue enquiry 058,Consent and supply review required; not a stock reservation,2
OFFER-CON-059,PROD-CON-11,Synthetic catalogue enquiry 059,Consent and supply review required; not a stock reservation,2
OFFER-CON-060,PROD-CON-12,Synthetic catalogue enquiry 060,Consent and supply review required; not a stock reservation,2
OFFER-CON-061,PROD-CON-03,Synthetic catalogue enquiry 061,Consent and supply review required; not a stock reservation,2
OFFER-CON-062,PROD-CON-04,Synthetic catalogue enquiry 062,Consent and supply review required; not a stock reservation,2
OFFER-CON-063,PROD-CON-06,Synthetic catalogue enquiry 063,Consent and supply review required; not a stock reservation,2
OFFER-CON-064,PROD-CON-07,Synthetic catalogue enquiry 064,Consent and supply review required; not a stock reservation,2
OFFER-CON-065,PROD-CON-08,Synthetic catalogue enquiry 065,Consent and supply review required; not a stock reservation,2
OFFER-CON-066,PROD-CON-10,Synthetic catalogue enquiry 066,Consent and supply review required; not a stock reservation,2
OFFER-CON-067,PROD-CON-11,Synthetic catalogue enquiry 067,Consent and supply review required; not a stock reservation,2
OFFER-CON-068,PROD-CON-12,Synthetic catalogue enquiry 068,Consent and supply review required; not a stock reservation,2
OFFER-CON-069,PROD-CON-03,Synthetic catalogue enquiry 069,Consent and supply review required; not a stock reservation,2
OFFER-CON-070,PROD-CON-04,Synthetic catalogue enquiry 070,Consent and supply review required; not a stock reservation,2
OFFER-CON-071,PROD-CON-06,Synthetic catalogue enquiry 071,Consent and supply review required; not a stock reservation,2
OFFER-CON-072,PROD-CON-07,Synthetic catalogue enquiry 072,Consent and supply review required; not a stock reservation,2
OFFER-CON-073,PROD-CON-08,Synthetic catalogue enquiry 073,Consent and supply review required; not a stock reservation,2
OFFER-CON-074,PROD-CON-10,Synthetic catalogue enquiry 074,Consent and supply review required; not a stock reservation,2
OFFER-CON-075,PROD-CON-11,Synthetic catalogue enquiry 075,Consent and supply review required; not a stock reservation,2
OFFER-CON-076,PROD-CON-12,Synthetic catalogue enquiry 076,Consent and supply review required; not a stock reservation,2
OFFER-CON-077,PROD-CON-03,Synthetic catalogue enquiry 077,Consent and supply review required; not a stock reservation,2
OFFER-CON-078,PROD-CON-04,Synthetic catalogue enquiry 078,Consent and supply review required; not a stock reservation,2
OFFER-CON-079,PROD-CON-06,Synthetic catalogue enquiry 079,Consent and supply review required; not a stock reservation,2
OFFER-CON-080,PROD-CON-07,Synthetic catalogue enquiry 080,Consent and supply review required; not a stock reservation,2
OFFER-CON-081,PROD-CON-08,Synthetic catalogue enquiry 081,Consent and supply review required; not a stock reservation,2
OFFER-CON-082,PROD-CON-10,Synthetic catalogue enquiry 082,Consent and supply review required; not a stock reservation,2
OFFER-CON-083,PROD-CON-11,Synthetic catalogue enquiry 083,Consent and supply review required; not a stock reservation,2
OFFER-CON-084,PROD-CON-12,Synthetic catalogue enquiry 084,Consent and supply review required; not a stock reservation,2
OFFER-CON-085,PROD-CON-03,Synthetic catalogue enquiry 085,Consent and supply review required; not a stock reservation,2
OFFER-CON-086,PROD-CON-04,Synthetic catalogue enquiry 086,Consent and supply review required; not a stock reservation,2
OFFER-CON-087,PROD-CON-06,Synthetic catalogue enquiry 087,Consent and supply review required; not a stock reservation,2
OFFER-CON-088,PROD-CON-07,Synthetic catalogue enquiry 088,Consent and supply review required; not a stock reservation,2
OFFER-CON-089,PROD-CON-08,Synthetic catalogue enquiry 089,Consent and supply review required; not a stock reservation,2
OFFER-CON-090,PROD-CON-10,Synthetic catalogue enquiry 090,Consent and supply review required; not a stock reservation,2
OFFER-CON-091,PROD-CON-11,Synthetic catalogue enquiry 091,Consent and supply review required; not a stock reservation,2
OFFER-CON-092,PROD-CON-12,Synthetic catalogue enquiry 092,Consent and supply review required; not a stock reservation,2
OFFER-CON-093,PROD-CON-03,Synthetic catalogue enquiry 093,Consent and supply review required; not a stock reservation,2
OFFER-CON-094,PROD-CON-04,Synthetic catalogue enquiry 094,Consent and supply review required; not a stock reservation,2
OFFER-CON-095,PROD-CON-06,Synthetic catalogue enquiry 095,Consent and supply review required; not a stock reservation,2
OFFER-CON-096,PROD-CON-07,Synthetic catalogue enquiry 096,Consent and supply review required; not a stock reservation,2
OFFER-CON-097,PROD-CON-08,Synthetic catalogue enquiry 097,Consent and supply review required; not a stock reservation,2
OFFER-CON-098,PROD-CON-10,Synthetic catalogue enquiry 098,Consent and supply review required; not a stock reservation,2
OFFER-CON-099,PROD-CON-11,Synthetic catalogue enquiry 099,Consent and supply review required; not a stock reservation,2
OFFER-CON-100,PROD-CON-12,Synthetic catalogue enquiry 100,Consent and supply review required; not a stock reservation,2
