trait_id,profile_id,trait_name,trait_value,confidence,computed_at
TRAIT-CON-001,PROFILE-CON-001,project_type,schools,1.0,2026-10-01T12:00:00Z
TRAIT-CON-002,PROFILE-CON-002,project_type,housing,1.0,2026-10-01T12:00:00Z
TRAIT-CON-003,PROFILE-CON-003,project_type,workplaces,1.0,2026-10-01T12:00:00Z
TRAIT-CON-004,PROFILE-CON-004,project_type,schools,1.0,2026-10-01T12:00:00Z
TRAIT-CON-005,PROFILE-CON-005,project_type,housing,1.0,2026-10-01T12:00:00Z
TRAIT-CON-006,PROFILE-CON-006,project_type,workplaces,1.0,2026-10-01T12:00:00Z
TRAIT-CON-007,PROFILE-CON-007,project_type,schools,1.0,2026-10-01T12:00:00Z
TRAIT-CON-008,PROFILE-CON-008,project_type,housing,1.0,2026-10-01T12:00:00Z
TRAIT-CON-009,PROFILE-CON-009,project_type,workplaces,1.0,2026-10-01T12:00:00Z
TRAIT-CON-010,PROFILE-CON-010,project_type,schools,1.0,2026-10-01T12:00:00Z
TRAIT-CON-011,PROFILE-CON-011,project_type,housing,1.0,2026-10-01T12:00:00Z
TRAIT-CON-012,PROFILE-CON-012,project_type,workplaces,1.0,2026-10-01T12:00:00Z
TRAIT-CON-013,PROFILE-CON-013,project_type,schools,1.0,2026-10-01T12:00:00Z
TRAIT-CON-014,PROFILE-CON-014,project_type,housing,1.0,2026-10-01T12:00:00Z
TRAIT-CON-015,PROFILE-CON-015,project_type,workplaces,1.0,2026-10-01T12:00:00Z
TRAIT-CON-016,PROFILE-CON-016,project_type,schools,1.0,2026-10-01T12:00:00Z
TRAIT-CON-017,PROFILE-CON-017,project_type,housing,1.0,2026-10-01T12:00:00Z
TRAIT-CON-018,PROFILE-CON-018,project_type,workplaces,1.0,2026-10-01T12:00:00Z
TRAIT-CON-019,PROFILE-CON-019,project_type,schools,1.0,2026-10-01T12:00:00Z
TRAIT-CON-020,PROFILE-CON-020,project_type,housing,1.0,2026-10-01T12:00:00Z
TRAIT-CON-021,PROFILE-CON-021,project_type,workplaces,1.0,2026-10-01T12:00:00Z
TRAIT-CON-022,PROFILE-CON-022,project_type,schools,1.0,2026-10-01T12:00:00Z
TRAIT-CON-023,PROFILE-CON-023,project_type,housing,1.0,2026-10-01T12:00:00Z
TRAIT-CON-024,PROFILE-CON-024,project_type,workplaces,1.0,2026-10-01T12:00:00Z
TRAIT-CON-025,PROFILE-CON-025,project_type,schools,1.0,2026-10-01T12:00:00Z
TRAIT-CON-026,PROFILE-CON-026,project_type,housing,1.0,2026-10-01T12:00:00Z
TRAIT-CON-027,PROFILE-CON-027,project_type,workplaces,1.0,2026-10-01T12:00:00Z
TRAIT-CON-028,PROFILE-CON-028,project_type,schools,1.0,2026-10-01T12:00:00Z
TRAIT-CON-029,PROFILE-CON-029,project_type,housing,1.0,2026-10-01T12:00:00Z
TRAIT-CON-030,PROFILE-CON-030,project_type,workplaces,1.0,2026-10-01T12:00:00Z
TRAIT-CON-031,PROFILE-CON-031,project_type,schools,1.0,2026-10-01T12:00:00Z
TRAIT-CON-032,PROFILE-CON-032,project_type,housing,1.0,2026-10-01T12:00:00Z
TRAIT-CON-033,PROFILE-CON-033,project_type,workplaces,1.0,2026-10-01T12:00:00Z
TRAIT-CON-034,PROFILE-CON-034,project_type,schools,1.0,2026-10-01T12:00:00Z
TRAIT-CON-035,PROFILE-CON-035,project_type,housing,1.0,2026-10-01T12:00:00Z
TRAIT-CON-036,PROFILE-CON-036,project_type,workplaces,1.0,2026-10-01T12:00:00Z
TRAIT-CON-037,PROFILE-CON-037,project_type,schools,1.0,2026-10-01T12:00:00Z
TRAIT-CON-038,PROFILE-CON-038,project_type,housing,1.0,2026-10-01T12:00:00Z
TRAIT-CON-039,PROFILE-CON-039,project_type,workplaces,1.0,2026-10-01T12:00:00Z
TRAIT-CON-040,PROFILE-CON-040,project_type,schools,1.0,2026-10-01T12:00:00Z
TRAIT-CON-041,PROFILE-CON-041,project_type,housing,1.0,2026-10-01T12:00:00Z
TRAIT-CON-042,PROFILE-CON-042,project_type,workplaces,1.0,2026-10-01T12:00:00Z
TRAIT-CON-043,PROFILE-CON-043,project_type,schools,1.0,2026-10-01T12:00:00Z
TRAIT-CON-044,PROFILE-CON-044,project_type,housing,1.0,2026-10-01T12:00:00Z
TRAIT-CON-045,PROFILE-CON-045,project_type,workplaces,1.0,2026-10-01T12:00:00Z
TRAIT-CON-046,PROFILE-CON-046,project_type,schools,1.0,2026-10-01T12:00:00Z
TRAIT-CON-047,PROFILE-CON-047,project_type,housing,1.0,2026-10-01T12:00:00Z
TRAIT-CON-048,PROFILE-CON-048,project_type,workplaces,1.0,2026-10-01T12:00:00Z
TRAIT-CON-049,PROFILE-CON-049,project_type,schools,1.0,2026-10-01T12:00:00Z
TRAIT-CON-050,PROFILE-CON-050,project_type,housing,1.0,2026-10-01T12:00:00Z
TRAIT-CON-051,PROFILE-CON-051,project_type,workplaces,1.0,2026-10-01T12:00:00Z
TRAIT-CON-052,PROFILE-CON-052,project_type,schools,1.0,2026-10-01T12:00:00Z
TRAIT-CON-053,PROFILE-CON-053,project_type,housing,1.0,2026-10-01T12:00:00Z
TRAIT-CON-054,PROFILE-CON-054,project_type,workplaces,1.0,2026-10-01T12:00:00Z
TRAIT-CON-055,PROFILE-CON-055,project_type,schools,1.0,2026-10-01T12:00:00Z
TRAIT-CON-056,PROFILE-CON-056,project_type,housing,1.0,2026-10-01T12:00:00Z
TRAIT-CON-057,PROFILE-CON-057,project_type,workplaces,1.0,2026-10-01T12:00:00Z
TRAIT-CON-058,PROFILE-CON-058,project_type,schools,1.0,2026-10-01T12:00:00Z
TRAIT-CON-059,PROFILE-CON-059,project_type,housing,1.0,2026-10-01T12:00:00Z
TRAIT-CON-060,PROFILE-CON-060,project_type,workplaces,1.0,2026-10-01T12:00:00Z
TRAIT-CON-061,PROFILE-CON-061,project_type,schools,1.0,2026-10-01T12:00:00Z
TRAIT-CON-062,PROFILE-CON-062,project_type,housing,1.0,2026-10-01T12:00:00Z
TRAIT-CON-063,PROFILE-CON-063,project_type,workplaces,1.0,2026-10-01T12:00:00Z
TRAIT-CON-064,PROFILE-CON-064,project_type,schools,1.0,2026-10-01T12:00:00Z
TRAIT-CON-065,PROFILE-CON-065,project_type,housing,1.0,2026-10-01T12:00:00Z
TRAIT-CON-066,PROFILE-CON-066,project_type,workplaces,1.0,2026-10-01T12:00:00Z
TRAIT-CON-067,PROFILE-CON-067,project_type,schools,1.0,2026-10-01T12:00:00Z
TRAIT-CON-068,PROFILE-CON-068,project_type,housing,1.0,2026-10-01T12:00:00Z
TRAIT-CON-069,PROFILE-CON-069,project_type,workplaces,1.0,2026-10-01T12:00:00Z
TRAIT-CON-070,PROFILE-CON-070,project_type,schools,1.0,2026-10-01T12:00:00Z
TRAIT-CON-071,PROFILE-CON-071,project_type,housing,1.0,2026-10-01T12:00:00Z
TRAIT-CON-072,PROFILE-CON-072,project_type,workplaces,1.0,2026-10-01T12:00:00Z
TRAIT-CON-073,PROFILE-CON-073,project_type,schools,1.0,2026-10-01T12:00:00Z
TRAIT-CON-074,PROFILE-CON-074,project_type,housing,1.0,2026-10-01T12:00:00Z
TRAIT-CON-075,PROFILE-CON-075,project_type,workplaces,1.0,2026-10-01T12:00:00Z
TRAIT-CON-076,PROFILE-CON-076,project_type,schools,1.0,2026-10-01T12:00:00Z
TRAIT-CON-077,PROFILE-CON-077,project_type,housing,1.0,2026-10-01T12:00:00Z
TRAIT-CON-078,PROFILE-CON-078,project_type,workplaces,1.0,2026-10-01T12:00:00Z
TRAIT-CON-079,PROFILE-CON-079,project_type,schools,1.0,2026-10-01T12:00:00Z
TRAIT-CON-080,PROFILE-CON-080,project_type,housing,1.0,2026-10-01T12:00:00Z
TRAIT-CON-081,PROFILE-CON-081,project_type,workplaces,1.0,2026-10-01T12:00:00Z
TRAIT-CON-082,PROFILE-CON-082,project_type,schools,1.0,2026-10-01T12:00:00Z
TRAIT-CON-083,PROFILE-CON-083,project_type,housing,1.0,2026-10-01T12:00:00Z
TRAIT-CON-084,PROFILE-CON-084,project_type,workplaces,1.0,2026-10-01T12:00:00Z
TRAIT-CON-085,PROFILE-CON-085,project_type,schools,1.0,2026-10-01T12:00:00Z
TRAIT-CON-086,PROFILE-CON-086,project_type,housing,1.0,2026-10-01T12:00:00Z
TRAIT-CON-087,PROFILE-CON-087,project_type,workplaces,1.0,2026-10-01T12:00:00Z
TRAIT-CON-088,PROFILE-CON-088,project_type,schools,1.0,2026-10-01T12:00:00Z
TRAIT-CON-089,PROFILE-CON-089,project_type,housing,1.0,2026-10-01T12:00:00Z
TRAIT-CON-090,PROFILE-CON-090,project_type,workplaces,1.0,2026-10-01T12:00:00Z
TRAIT-CON-091,PROFILE-CON-091,project_type,schools,1.0,2026-10-01T12:00:00Z
TRAIT-CON-092,PROFILE-CON-092,project_type,housing,1.0,2026-10-01T12:00:00Z
TRAIT-CON-093,PROFILE-CON-093,project_type,workplaces,1.0,2026-10-01T12:00:00Z
TRAIT-CON-094,PROFILE-CON-094,project_type,schools,1.0,2026-10-01T12:00:00Z
TRAIT-CON-095,PROFILE-CON-095,project_type,housing,1.0,2026-10-01T12:00:00Z
TRAIT-CON-096,PROFILE-CON-096,project_type,workplaces,1.0,2026-10-01T12:00:00Z
TRAIT-CON-097,PROFILE-CON-097,project_type,schools,1.0,2026-10-01T12:00:00Z
TRAIT-CON-098,PROFILE-CON-098,project_type,housing,1.0,2026-10-01T12:00:00Z
TRAIT-CON-099,PROFILE-CON-099,project_type,workplaces,1.0,2026-10-01T12:00:00Z
TRAIT-CON-100,PROFILE-CON-100,project_type,schools,1.0,2026-10-01T12:00:00Z
