recommendation_id,profile_id,offer_id,product_id,recommendation_reason,confidence
RECOMMEND-CON-001,PROFILE-CON-001,OFFER-CON-001,PROD-CON-01,Draft supply-aware nurture; do not promise stock,0.8
RECOMMEND-CON-002,PROFILE-CON-002,OFFER-CON-002,PROD-CON-01,Draft supply-aware nurture; do not promise stock,0.8
RECOMMEND-CON-003,PROFILE-CON-003,OFFER-CON-003,PROD-CON-01,Draft supply-aware nurture; do not promise stock,0.8
RECOMMEND-CON-004,PROFILE-CON-004,OFFER-CON-004,PROD-CON-05,Draft supply-aware nurture; do not promise stock,0.8
RECOMMEND-CON-005,PROFILE-CON-005,OFFER-CON-005,PROD-CON-05,Draft supply-aware nurture; do not promise stock,0.8
RECOMMEND-CON-006,PROFILE-CON-006,OFFER-CON-006,PROD-CON-05,Draft supply-aware nurture; do not promise stock,0.8
RECOMMEND-CON-007,PROFILE-CON-007,OFFER-CON-007,PROD-CON-09,Draft supply-aware nurture; do not promise stock,0.8
RECOMMEND-CON-008,PROFILE-CON-008,OFFER-CON-008,PROD-CON-09,Draft supply-aware nurture; do not promise stock,0.8
RECOMMEND-CON-009,PROFILE-CON-009,OFFER-CON-009,PROD-CON-09,Draft supply-aware nurture; do not promise stock,0.8
RECOMMEND-CON-010,PROFILE-CON-010,OFFER-CON-010,PROD-CON-02,Draft supply-aware nurture; do not promise stock,0.8
RECOMMEND-CON-011,PROFILE-CON-011,OFFER-CON-011,PROD-CON-02,Draft supply-aware nurture; do not promise stock,0.8
RECOMMEND-CON-012,PROFILE-CON-012,OFFER-CON-012,PROD-CON-02,Draft supply-aware nurture; do not promise stock,0.8
RECOMMEND-CON-013,PROFILE-CON-013,OFFER-CON-013,PROD-CON-03,Draft supply-aware nurture; do not promise stock,0.8
RECOMMEND-CON-014,PROFILE-CON-014,OFFER-CON-014,PROD-CON-04,Draft supply-aware nurture; do not promise stock,0.8
RECOMMEND-CON-015,PROFILE-CON-015,OFFER-CON-015,PROD-CON-06,Draft supply-aware nurture; do not promise stock,0.8
RECOMMEND-CON-016,PROFILE-CON-016,OFFER-CON-016,PROD-CON-07,Draft supply-aware nurture; do not promise stock,0.8
RECOMMEND-CON-017,PROFILE-CON-017,OFFER-CON-017,PROD-CON-08,Draft supply-aware nurture; do not promise stock,0.8
RECOMMEND-CON-018,PROFILE-CON-018,OFFER-CON-018,PROD-CON-10,Draft supply-aware nurture; do not promise stock,0.8
RECOMMEND-CON-019,PROFILE-CON-019,OFFER-CON-019,PROD-CON-11,Draft supply-aware nurture; do not promise stock,0.8
RECOMMEND-CON-020,PROFILE-CON-020,OFFER-CON-020,PROD-CON-12,Draft supply-aware nurture; do not promise stock,0.8
RECOMMEND-CON-021,PROFILE-CON-021,OFFER-CON-021,PROD-CON-03,Draft supply-aware nurture; do not promise stock,0.8
RECOMMEND-CON-022,PROFILE-CON-022,OFFER-CON-022,PROD-CON-04,Draft supply-aware nurture; do not promise stock,0.8
RECOMMEND-CON-023,PROFILE-CON-023,OFFER-CON-023,PROD-CON-06,Draft supply-aware nurture; do not promise stock,0.8
RECOMMEND-CON-024,PROFILE-CON-024,OFFER-CON-024,PROD-CON-07,Draft supply-aware nurture; do not promise stock,0.8
RECOMMEND-CON-025,PROFILE-CON-025,OFFER-CON-025,PROD-CON-08,Draft supply-aware nurture; do not promise stock,0.8
RECOMMEND-CON-026,PROFILE-CON-026,OFFER-CON-026,PROD-CON-10,Draft supply-aware nurture; do not promise stock,0.8
RECOMMEND-CON-027,PROFILE-CON-027,OFFER-CON-027,PROD-CON-11,Draft supply-aware nurture; do not promise stock,0.8
RECOMMEND-CON-028,PROFILE-CON-028,OFFER-CON-028,PROD-CON-12,Draft supply-aware nurture; do not promise stock,0.8
RECOMMEND-CON-029,PROFILE-CON-029,OFFER-CON-029,PROD-CON-03,Draft supply-aware nurture; do not promise stock,0.8
RECOMMEND-CON-030,PROFILE-CON-030,OFFER-CON-030,PROD-CON-04,Draft supply-aware nurture; do not promise stock,0.8
RECOMMEND-CON-031,PROFILE-CON-031,OFFER-CON-031,PROD-CON-06,Draft supply-aware nurture; do not promise stock,0.8
RECOMMEND-CON-032,PROFILE-CON-032,OFFER-CON-032,PROD-CON-07,Draft supply-aware nurture; do not promise stock,0.8
RECOMMEND-CON-033,PROFILE-CON-033,OFFER-CON-033,PROD-CON-08,Draft supply-aware nurture; do not promise stock,0.8
RECOMMEND-CON-034,PROFILE-CON-034,OFFER-CON-034,PROD-CON-10,Draft supply-aware nurture; do not promise stock,0.8
RECOMMEND-CON-035,PROFILE-CON-035,OFFER-CON-035,PROD-CON-11,Draft supply-aware nurture; do not promise stock,0.8
RECOMMEND-CON-036,PROFILE-CON-036,OFFER-CON-036,PROD-CON-12,Draft supply-aware nurture; do not promise stock,0.8
RECOMMEND-CON-037,PROFILE-CON-037,OFFER-CON-037,PROD-CON-03,Draft supply-aware nurture; do not promise stock,0.8
RECOMMEND-CON-038,PROFILE-CON-038,OFFER-CON-038,PROD-CON-04,Draft supply-aware nurture; do not promise stock,0.8
RECOMMEND-CON-039,PROFILE-CON-039,OFFER-CON-039,PROD-CON-06,Draft supply-aware nurture; do not promise stock,0.8
RECOMMEND-CON-040,PROFILE-CON-040,OFFER-CON-040,PROD-CON-07,Draft supply-aware nurture; do not promise stock,0.8
RECOMMEND-CON-041,PROFILE-CON-041,OFFER-CON-041,PROD-CON-08,Draft supply-aware nurture; do not promise stock,0.8
RECOMMEND-CON-042,PROFILE-CON-042,OFFER-CON-042,PROD-CON-10,Draft supply-aware nurture; do not promise stock,0.8
RECOMMEND-CON-043,PROFILE-CON-043,OFFER-CON-043,PROD-CON-11,Draft supply-aware nurture; do not promise stock,0.8
RECOMMEND-CON-044,PROFILE-CON-044,OFFER-CON-044,PROD-CON-12,Draft supply-aware nurture; do not promise stock,0.8
RECOMMEND-CON-045,PROFILE-CON-045,OFFER-CON-045,PROD-CON-03,Draft supply-aware nurture; do not promise stock,0.8
RECOMMEND-CON-046,PROFILE-CON-046,OFFER-CON-046,PROD-CON-04,Draft supply-aware nurture; do not promise stock,0.8
RECOMMEND-CON-047,PROFILE-CON-047,OFFER-CON-047,PROD-CON-06,Draft supply-aware nurture; do not promise stock,0.8
RECOMMEND-CON-048,PROFILE-CON-048,OFFER-CON-048,PROD-CON-07,Draft supply-aware nurture; do not promise stock,0.8
RECOMMEND-CON-049,PROFILE-CON-049,OFFER-CON-049,PROD-CON-08,Draft supply-aware nurture; do not promise stock,0.8
RECOMMEND-CON-050,PROFILE-CON-050,OFFER-CON-050,PROD-CON-10,Draft supply-aware nurture; do not promise stock,0.8
RECOMMEND-CON-051,PROFILE-CON-051,OFFER-CON-051,PROD-CON-11,Draft supply-aware nurture; do not promise stock,0.8
RECOMMEND-CON-052,PROFILE-CON-052,OFFER-CON-052,PROD-CON-12,Draft supply-aware nurture; do not promise stock,0.8
RECOMMEND-CON-053,PROFILE-CON-053,OFFER-CON-053,PROD-CON-03,Draft supply-aware nurture; do not promise stock,0.8
RECOMMEND-CON-054,PROFILE-CON-054,OFFER-CON-054,PROD-CON-04,Draft supply-aware nurture; do not promise stock,0.8
RECOMMEND-CON-055,PROFILE-CON-055,OFFER-CON-055,PROD-CON-06,Draft supply-aware nurture; do not promise stock,0.8
RECOMMEND-CON-056,PROFILE-CON-056,OFFER-CON-056,PROD-CON-07,Draft supply-aware nurture; do not promise stock,0.8
RECOMMEND-CON-057,PROFILE-CON-057,OFFER-CON-057,PROD-CON-08,Draft supply-aware nurture; do not promise stock,0.8
RECOMMEND-CON-058,PROFILE-CON-058,OFFER-CON-058,PROD-CON-10,Draft supply-aware nurture; do not promise stock,0.8
RECOMMEND-CON-059,PROFILE-CON-059,OFFER-CON-059,PROD-CON-11,Draft supply-aware nurture; do not promise stock,0.8
RECOMMEND-CON-060,PROFILE-CON-060,OFFER-CON-060,PROD-CON-12,Draft supply-aware nurture; do not promise stock,0.8
RECOMMEND-CON-061,PROFILE-CON-061,OFFER-CON-061,PROD-CON-03,Draft supply-aware nurture; do not promise stock,0.8
RECOMMEND-CON-062,PROFILE-CON-062,OFFER-CON-062,PROD-CON-04,Draft supply-aware nurture; do not promise stock,0.8
RECOMMEND-CON-063,PROFILE-CON-063,OFFER-CON-063,PROD-CON-06,Draft supply-aware nurture; do not promise stock,0.8
RECOMMEND-CON-064,PROFILE-CON-064,OFFER-CON-064,PROD-CON-07,Draft supply-aware nurture; do not promise stock,0.8
RECOMMEND-CON-065,PROFILE-CON-065,OFFER-CON-065,PROD-CON-08,Draft supply-aware nurture; do not promise stock,0.8
RECOMMEND-CON-066,PROFILE-CON-066,OFFER-CON-066,PROD-CON-10,Draft supply-aware nurture; do not promise stock,0.8
RECOMMEND-CON-067,PROFILE-CON-067,OFFER-CON-067,PROD-CON-11,Draft supply-aware nurture; do not promise stock,0.8
RECOMMEND-CON-068,PROFILE-CON-068,OFFER-CON-068,PROD-CON-12,Draft supply-aware nurture; do not promise stock,0.8
RECOMMEND-CON-069,PROFILE-CON-069,OFFER-CON-069,PROD-CON-03,Draft supply-aware nurture; do not promise stock,0.8
RECOMMEND-CON-070,PROFILE-CON-070,OFFER-CON-070,PROD-CON-04,Draft supply-aware nurture; do not promise stock,0.8
RECOMMEND-CON-071,PROFILE-CON-071,OFFER-CON-071,PROD-CON-06,Draft supply-aware nurture; do not promise stock,0.8
RECOMMEND-CON-072,PROFILE-CON-072,OFFER-CON-072,PROD-CON-07,Draft supply-aware nurture; do not promise stock,0.8
RECOMMEND-CON-073,PROFILE-CON-073,OFFER-CON-073,PROD-CON-08,Draft supply-aware nurture; do not promise stock,0.8
RECOMMEND-CON-074,PROFILE-CON-074,OFFER-CON-074,PROD-CON-10,Draft supply-aware nurture; do not promise stock,0.8
RECOMMEND-CON-075,PROFILE-CON-075,OFFER-CON-075,PROD-CON-11,Draft supply-aware nurture; do not promise stock,0.8
RECOMMEND-CON-076,PROFILE-CON-076,OFFER-CON-076,PROD-CON-12,Draft supply-aware nurture; do not promise stock,0.8
RECOMMEND-CON-077,PROFILE-CON-077,OFFER-CON-077,PROD-CON-03,Draft supply-aware nurture; do not promise stock,0.8
RECOMMEND-CON-078,PROFILE-CON-078,OFFER-CON-078,PROD-CON-04,Draft supply-aware nurture; do not promise stock,0.8
RECOMMEND-CON-079,PROFILE-CON-079,OFFER-CON-079,PROD-CON-06,Draft supply-aware nurture; do not promise stock,0.8
RECOMMEND-CON-080,PROFILE-CON-080,OFFER-CON-080,PROD-CON-07,Draft supply-aware nurture; do not promise stock,0.8
RECOMMEND-CON-081,PROFILE-CON-081,OFFER-CON-081,PROD-CON-08,Draft supply-aware nurture; do not promise stock,0.8
RECOMMEND-CON-082,PROFILE-CON-082,OFFER-CON-082,PROD-CON-10,Draft supply-aware nurture; do not promise stock,0.8
RECOMMEND-CON-083,PROFILE-CON-083,OFFER-CON-083,PROD-CON-11,Draft supply-aware nurture; do not promise stock,0.8
RECOMMEND-CON-084,PROFILE-CON-084,OFFER-CON-084,PROD-CON-12,Draft supply-aware nurture; do not promise stock,0.8
RECOMMEND-CON-085,PROFILE-CON-085,OFFER-CON-085,PROD-CON-03,Draft supply-aware nurture; do not promise stock,0.8
RECOMMEND-CON-086,PROFILE-CON-086,OFFER-CON-086,PROD-CON-04,Draft supply-aware nurture; do not promise stock,0.8
RECOMMEND-CON-087,PROFILE-CON-087,OFFER-CON-087,PROD-CON-06,Draft supply-aware nurture; do not promise stock,0.8
RECOMMEND-CON-088,PROFILE-CON-088,OFFER-CON-088,PROD-CON-07,Draft supply-aware nurture; do not promise stock,0.8
RECOMMEND-CON-089,PROFILE-CON-089,OFFER-CON-089,PROD-CON-08,Draft supply-aware nurture; do not promise stock,0.8
RECOMMEND-CON-090,PROFILE-CON-090,OFFER-CON-090,PROD-CON-10,Draft supply-aware nurture; do not promise stock,0.8
RECOMMEND-CON-091,PROFILE-CON-091,OFFER-CON-091,PROD-CON-11,Draft supply-aware nurture; do not promise stock,0.8
RECOMMEND-CON-092,PROFILE-CON-092,OFFER-CON-092,PROD-CON-12,Draft supply-aware nurture; do not promise stock,0.8
RECOMMEND-CON-093,PROFILE-CON-093,OFFER-CON-093,PROD-CON-03,Draft supply-aware nurture; do not promise stock,0.8
RECOMMEND-CON-094,PROFILE-CON-094,OFFER-CON-094,PROD-CON-04,Draft supply-aware nurture; do not promise stock,0.8
RECOMMEND-CON-095,PROFILE-CON-095,OFFER-CON-095,PROD-CON-06,Draft supply-aware nurture; do not promise stock,0.8
RECOMMEND-CON-096,PROFILE-CON-096,OFFER-CON-096,PROD-CON-07,Draft supply-aware nurture; do not promise stock,0.8
RECOMMEND-CON-097,PROFILE-CON-097,OFFER-CON-097,PROD-CON-08,Draft supply-aware nurture; do not promise stock,0.8
RECOMMEND-CON-098,PROFILE-CON-098,OFFER-CON-098,PROD-CON-10,Draft supply-aware nurture; do not promise stock,0.8
RECOMMEND-CON-099,PROFILE-CON-099,OFFER-CON-099,PROD-CON-11,Draft supply-aware nurture; do not promise stock,0.8
RECOMMEND-CON-100,PROFILE-CON-100,OFFER-CON-100,PROD-CON-12,Draft supply-aware nurture; do not promise stock,0.8
