suppression_rule_id,audience_id,channel,rule_type,rule_value,severity
SUPPRESS-CON-001,AUDIENCE-CON-001,email,supply_and_consent_gate,Hold constrained-product activation; require consent and supply-owner approval,blocking
SUPPRESS-CON-002,AUDIENCE-CON-002,email,supply_and_consent_gate,Hold constrained-product activation; require consent and supply-owner approval,blocking
SUPPRESS-CON-003,AUDIENCE-CON-003,email,supply_and_consent_gate,Hold constrained-product activation; require consent and supply-owner approval,blocking
SUPPRESS-CON-004,AUDIENCE-CON-004,email,supply_and_consent_gate,Hold constrained-product activation; require consent and supply-owner approval,blocking
SUPPRESS-CON-005,AUDIENCE-CON-005,email,supply_and_consent_gate,Hold constrained-product activation; require consent and supply-owner approval,blocking
SUPPRESS-CON-006,AUDIENCE-CON-006,email,supply_and_consent_gate,Hold constrained-product activation; require consent and supply-owner approval,blocking
SUPPRESS-CON-007,AUDIENCE-CON-007,email,supply_and_consent_gate,Hold constrained-product activation; require consent and supply-owner approval,blocking
SUPPRESS-CON-008,AUDIENCE-CON-008,email,supply_and_consent_gate,Hold constrained-product activation; require consent and supply-owner approval,blocking
SUPPRESS-CON-009,AUDIENCE-CON-009,email,supply_and_consent_gate,Hold constrained-product activation; require consent and supply-owner approval,blocking
SUPPRESS-CON-010,AUDIENCE-CON-010,email,supply_and_consent_gate,Hold constrained-product activation; require consent and supply-owner approval,blocking
SUPPRESS-CON-011,AUDIENCE-CON-011,email,supply_and_consent_gate,Hold constrained-product activation; require consent and supply-owner approval,blocking
SUPPRESS-CON-012,AUDIENCE-CON-012,email,supply_and_consent_gate,Hold constrained-product activation; require consent and supply-owner approval,blocking
SUPPRESS-CON-013,AUDIENCE-CON-013,email,supply_and_consent_gate,Hold constrained-product activation; require consent and supply-owner approval,blocking
SUPPRESS-CON-014,AUDIENCE-CON-014,email,supply_and_consent_gate,Hold constrained-product activation; require consent and supply-owner approval,blocking
SUPPRESS-CON-015,AUDIENCE-CON-015,email,supply_and_consent_gate,Hold constrained-product activation; require consent and supply-owner approval,blocking
SUPPRESS-CON-016,AUDIENCE-CON-016,email,supply_and_consent_gate,Hold constrained-product activation; require consent and supply-owner approval,blocking
SUPPRESS-CON-017,AUDIENCE-CON-017,email,supply_and_consent_gate,Hold constrained-product activation; require consent and supply-owner approval,blocking
SUPPRESS-CON-018,AUDIENCE-CON-018,email,supply_and_consent_gate,Hold constrained-product activation; require consent and supply-owner approval,blocking
SUPPRESS-CON-019,AUDIENCE-CON-019,email,supply_and_consent_gate,Hold constrained-product activation; require consent and supply-owner approval,blocking
SUPPRESS-CON-020,AUDIENCE-CON-020,email,supply_and_consent_gate,Hold constrained-product activation; require consent and supply-owner approval,blocking
SUPPRESS-CON-021,AUDIENCE-CON-021,email,supply_and_consent_gate,Hold constrained-product activation; require consent and supply-owner approval,blocking
SUPPRESS-CON-022,AUDIENCE-CON-022,email,supply_and_consent_gate,Hold constrained-product activation; require consent and supply-owner approval,blocking
SUPPRESS-CON-023,AUDIENCE-CON-023,email,supply_and_consent_gate,Hold constrained-product activation; require consent and supply-owner approval,blocking
SUPPRESS-CON-024,AUDIENCE-CON-024,email,supply_and_consent_gate,Hold constrained-product activation; require consent and supply-owner approval,blocking
SUPPRESS-CON-025,AUDIENCE-CON-025,email,supply_and_consent_gate,Hold constrained-product activation; require consent and supply-owner approval,blocking
SUPPRESS-CON-026,AUDIENCE-CON-026,email,supply_and_consent_gate,Hold constrained-product activation; require consent and supply-owner approval,blocking
SUPPRESS-CON-027,AUDIENCE-CON-027,email,supply_and_consent_gate,Hold constrained-product activation; require consent and supply-owner approval,blocking
SUPPRESS-CON-028,AUDIENCE-CON-028,email,supply_and_consent_gate,Hold constrained-product activation; require consent and supply-owner approval,blocking
SUPPRESS-CON-029,AUDIENCE-CON-029,email,supply_and_consent_gate,Hold constrained-product activation; require consent and supply-owner approval,blocking
SUPPRESS-CON-030,AUDIENCE-CON-030,email,supply_and_consent_gate,Hold constrained-product activation; require consent and supply-owner approval,blocking
SUPPRESS-CON-031,AUDIENCE-CON-031,email,supply_and_consent_gate,Hold constrained-product activation; require consent and supply-owner approval,blocking
SUPPRESS-CON-032,AUDIENCE-CON-032,email,supply_and_consent_gate,Hold constrained-product activation; require consent and supply-owner approval,blocking
SUPPRESS-CON-033,AUDIENCE-CON-033,email,supply_and_consent_gate,Hold constrained-product activation; require consent and supply-owner approval,blocking
SUPPRESS-CON-034,AUDIENCE-CON-034,email,supply_and_consent_gate,Hold constrained-product activation; require consent and supply-owner approval,blocking
SUPPRESS-CON-035,AUDIENCE-CON-035,email,supply_and_consent_gate,Hold constrained-product activation; require consent and supply-owner approval,blocking
SUPPRESS-CON-036,AUDIENCE-CON-036,email,supply_and_consent_gate,Hold constrained-product activation; require consent and supply-owner approval,blocking
SUPPRESS-CON-037,AUDIENCE-CON-037,email,supply_and_consent_gate,Hold constrained-product activation; require consent and supply-owner approval,blocking
SUPPRESS-CON-038,AUDIENCE-CON-038,email,supply_and_consent_gate,Hold constrained-product activation; require consent and supply-owner approval,blocking
SUPPRESS-CON-039,AUDIENCE-CON-039,email,supply_and_consent_gate,Hold constrained-product activation; require consent and supply-owner approval,blocking
SUPPRESS-CON-040,AUDIENCE-CON-040,email,supply_and_consent_gate,Hold constrained-product activation; require consent and supply-owner approval,blocking
SUPPRESS-CON-041,AUDIENCE-CON-041,email,supply_and_consent_gate,Hold constrained-product activation; require consent and supply-owner approval,blocking
SUPPRESS-CON-042,AUDIENCE-CON-042,email,supply_and_consent_gate,Hold constrained-product activation; require consent and supply-owner approval,blocking
SUPPRESS-CON-043,AUDIENCE-CON-043,email,supply_and_consent_gate,Hold constrained-product activation; require consent and supply-owner approval,blocking
SUPPRESS-CON-044,AUDIENCE-CON-044,email,supply_and_consent_gate,Hold constrained-product activation; require consent and supply-owner approval,blocking
SUPPRESS-CON-045,AUDIENCE-CON-045,email,supply_and_consent_gate,Hold constrained-product activation; require consent and supply-owner approval,blocking
SUPPRESS-CON-046,AUDIENCE-CON-046,email,supply_and_consent_gate,Hold constrained-product activation; require consent and supply-owner approval,blocking
SUPPRESS-CON-047,AUDIENCE-CON-047,email,supply_and_consent_gate,Hold constrained-product activation; require consent and supply-owner approval,blocking
SUPPRESS-CON-048,AUDIENCE-CON-048,email,supply_and_consent_gate,Hold constrained-product activation; require consent and supply-owner approval,blocking
SUPPRESS-CON-049,AUDIENCE-CON-049,email,supply_and_consent_gate,Hold constrained-product activation; require consent and supply-owner approval,blocking
SUPPRESS-CON-050,AUDIENCE-CON-050,email,supply_and_consent_gate,Hold constrained-product activation; require consent and supply-owner approval,blocking
SUPPRESS-CON-051,AUDIENCE-CON-051,email,supply_and_consent_gate,Hold constrained-product activation; require consent and supply-owner approval,blocking
SUPPRESS-CON-052,AUDIENCE-CON-052,email,supply_and_consent_gate,Hold constrained-product activation; require consent and supply-owner approval,blocking
SUPPRESS-CON-053,AUDIENCE-CON-053,email,supply_and_consent_gate,Hold constrained-product activation; require consent and supply-owner approval,blocking
SUPPRESS-CON-054,AUDIENCE-CON-054,email,supply_and_consent_gate,Hold constrained-product activation; require consent and supply-owner approval,blocking
SUPPRESS-CON-055,AUDIENCE-CON-055,email,supply_and_consent_gate,Hold constrained-product activation; require consent and supply-owner approval,blocking
SUPPRESS-CON-056,AUDIENCE-CON-056,email,supply_and_consent_gate,Hold constrained-product activation; require consent and supply-owner approval,blocking
SUPPRESS-CON-057,AUDIENCE-CON-057,email,supply_and_consent_gate,Hold constrained-product activation; require consent and supply-owner approval,blocking
SUPPRESS-CON-058,AUDIENCE-CON-058,email,supply_and_consent_gate,Hold constrained-product activation; require consent and supply-owner approval,blocking
SUPPRESS-CON-059,AUDIENCE-CON-059,email,supply_and_consent_gate,Hold constrained-product activation; require consent and supply-owner approval,blocking
SUPPRESS-CON-060,AUDIENCE-CON-060,email,supply_and_consent_gate,Hold constrained-product activation; require consent and supply-owner approval,blocking
SUPPRESS-CON-061,AUDIENCE-CON-061,email,supply_and_consent_gate,Hold constrained-product activation; require consent and supply-owner approval,blocking
SUPPRESS-CON-062,AUDIENCE-CON-062,email,supply_and_consent_gate,Hold constrained-product activation; require consent and supply-owner approval,blocking
SUPPRESS-CON-063,AUDIENCE-CON-063,email,supply_and_consent_gate,Hold constrained-product activation; require consent and supply-owner approval,blocking
SUPPRESS-CON-064,AUDIENCE-CON-064,email,supply_and_consent_gate,Hold constrained-product activation; require consent and supply-owner approval,blocking
SUPPRESS-CON-065,AUDIENCE-CON-065,email,supply_and_consent_gate,Hold constrained-product activation; require consent and supply-owner approval,blocking
SUPPRESS-CON-066,AUDIENCE-CON-066,email,supply_and_consent_gate,Hold constrained-product activation; require consent and supply-owner approval,blocking
SUPPRESS-CON-067,AUDIENCE-CON-067,email,supply_and_consent_gate,Hold constrained-product activation; require consent and supply-owner approval,blocking
SUPPRESS-CON-068,AUDIENCE-CON-068,email,supply_and_consent_gate,Hold constrained-product activation; require consent and supply-owner approval,blocking
SUPPRESS-CON-069,AUDIENCE-CON-069,email,supply_and_consent_gate,Hold constrained-product activation; require consent and supply-owner approval,blocking
SUPPRESS-CON-070,AUDIENCE-CON-070,email,supply_and_consent_gate,Hold constrained-product activation; require consent and supply-owner approval,blocking
SUPPRESS-CON-071,AUDIENCE-CON-071,email,supply_and_consent_gate,Hold constrained-product activation; require consent and supply-owner approval,blocking
SUPPRESS-CON-072,AUDIENCE-CON-072,email,supply_and_consent_gate,Hold constrained-product activation; require consent and supply-owner approval,blocking
SUPPRESS-CON-073,AUDIENCE-CON-073,email,supply_and_consent_gate,Hold constrained-product activation; require consent and supply-owner approval,blocking
SUPPRESS-CON-074,AUDIENCE-CON-074,email,supply_and_consent_gate,Hold constrained-product activation; require consent and supply-owner approval,blocking
SUPPRESS-CON-075,AUDIENCE-CON-075,email,supply_and_consent_gate,Hold constrained-product activation; require consent and supply-owner approval,blocking
SUPPRESS-CON-076,AUDIENCE-CON-076,email,supply_and_consent_gate,Hold constrained-product activation; require consent and supply-owner approval,blocking
SUPPRESS-CON-077,AUDIENCE-CON-077,email,supply_and_consent_gate,Hold constrained-product activation; require consent and supply-owner approval,blocking
SUPPRESS-CON-078,AUDIENCE-CON-078,email,supply_and_consent_gate,Hold constrained-product activation; require consent and supply-owner approval,blocking
SUPPRESS-CON-079,AUDIENCE-CON-079,email,supply_and_consent_gate,Hold constrained-product activation; require consent and supply-owner approval,blocking
SUPPRESS-CON-080,AUDIENCE-CON-080,email,supply_and_consent_gate,Hold constrained-product activation; require consent and supply-owner approval,blocking
SUPPRESS-CON-081,AUDIENCE-CON-081,email,supply_and_consent_gate,Hold constrained-product activation; require consent and supply-owner approval,blocking
SUPPRESS-CON-082,AUDIENCE-CON-082,email,supply_and_consent_gate,Hold constrained-product activation; require consent and supply-owner approval,blocking
SUPPRESS-CON-083,AUDIENCE-CON-083,email,supply_and_consent_gate,Hold constrained-product activation; require consent and supply-owner approval,blocking
SUPPRESS-CON-084,AUDIENCE-CON-084,email,supply_and_consent_gate,Hold constrained-product activation; require consent and supply-owner approval,blocking
SUPPRESS-CON-085,AUDIENCE-CON-085,email,supply_and_consent_gate,Hold constrained-product activation; require consent and supply-owner approval,blocking
SUPPRESS-CON-086,AUDIENCE-CON-086,email,supply_and_consent_gate,Hold constrained-product activation; require consent and supply-owner approval,blocking
SUPPRESS-CON-087,AUDIENCE-CON-087,email,supply_and_consent_gate,Hold constrained-product activation; require consent and supply-owner approval,blocking
SUPPRESS-CON-088,AUDIENCE-CON-088,email,supply_and_consent_gate,Hold constrained-product activation; require consent and supply-owner approval,blocking
SUPPRESS-CON-089,AUDIENCE-CON-089,email,supply_and_consent_gate,Hold constrained-product activation; require consent and supply-owner approval,blocking
SUPPRESS-CON-090,AUDIENCE-CON-090,email,supply_and_consent_gate,Hold constrained-product activation; require consent and supply-owner approval,blocking
SUPPRESS-CON-091,AUDIENCE-CON-091,email,supply_and_consent_gate,Hold constrained-product activation; require consent and supply-owner approval,blocking
SUPPRESS-CON-092,AUDIENCE-CON-092,email,supply_and_consent_gate,Hold constrained-product activation; require consent and supply-owner approval,blocking
SUPPRESS-CON-093,AUDIENCE-CON-093,email,supply_and_consent_gate,Hold constrained-product activation; require consent and supply-owner approval,blocking
SUPPRESS-CON-094,AUDIENCE-CON-094,email,supply_and_consent_gate,Hold constrained-product activation; require consent and supply-owner approval,blocking
SUPPRESS-CON-095,AUDIENCE-CON-095,email,supply_and_consent_gate,Hold constrained-product activation; require consent and supply-owner approval,blocking
SUPPRESS-CON-096,AUDIENCE-CON-096,email,supply_and_consent_gate,Hold constrained-product activation; require consent and supply-owner approval,blocking
SUPPRESS-CON-097,AUDIENCE-CON-097,email,supply_and_consent_gate,Hold constrained-product activation; require consent and supply-owner approval,blocking
SUPPRESS-CON-098,AUDIENCE-CON-098,email,supply_and_consent_gate,Hold constrained-product activation; require consent and supply-owner approval,blocking
SUPPRESS-CON-099,AUDIENCE-CON-099,email,supply_and_consent_gate,Hold constrained-product activation; require consent and supply-owner approval,blocking
SUPPRESS-CON-100,AUDIENCE-CON-100,email,supply_and_consent_gate,Hold constrained-product activation; require consent and supply-owner approval,blocking
