profile_id,account_id,contact_id,profile_type,lifecycle_stage,profile_status,created_at
PROFILE-CON-001,ACC-CON-001,CONTACT-CON-001,synthetic_b2b_contact,construction_planning,active,2026-07-04T12:00:00Z
PROFILE-CON-002,ACC-CON-002,CONTACT-CON-002,synthetic_b2b_contact,construction_planning,active,2026-07-04T12:00:00Z
PROFILE-CON-003,ACC-CON-003,CONTACT-CON-003,synthetic_b2b_contact,construction_planning,active,2026-07-04T12:00:00Z
PROFILE-CON-004,ACC-CON-004,CONTACT-CON-004,synthetic_b2b_contact,construction_planning,active,2026-07-04T12:00:00Z
PROFILE-CON-005,ACC-CON-005,CONTACT-CON-005,synthetic_b2b_contact,construction_planning,active,2026-07-04T12:00:00Z
PROFILE-CON-006,ACC-CON-006,CONTACT-CON-006,synthetic_b2b_contact,construction_planning,active,2026-07-04T12:00:00Z
PROFILE-CON-007,ACC-CON-007,CONTACT-CON-007,synthetic_b2b_contact,construction_planning,active,2026-07-04T12:00:00Z
PROFILE-CON-008,ACC-CON-008,CONTACT-CON-008,synthetic_b2b_contact,construction_planning,active,2026-07-04T12:00:00Z
PROFILE-CON-009,ACC-CON-009,CONTACT-CON-009,synthetic_b2b_contact,construction_planning,active,2026-07-04T12:00:00Z
PROFILE-CON-010,ACC-CON-010,CONTACT-CON-010,synthetic_b2b_contact,construction_planning,suppressed,2026-07-04T12:00:00Z
PROFILE-CON-011,ACC-CON-011,CONTACT-CON-011,synthetic_b2b_contact,construction_planning,active,2026-07-04T12:00:00Z
PROFILE-CON-012,ACC-CON-012,CONTACT-CON-012,synthetic_b2b_contact,construction_planning,active,2026-07-04T12:00:00Z
PROFILE-CON-013,ACC-CON-013,CONTACT-CON-013,synthetic_b2b_contact,construction_planning,active,2026-07-04T12:00:00Z
PROFILE-CON-014,ACC-CON-014,CONTACT-CON-014,synthetic_b2b_contact,construction_planning,active,2026-07-04T12:00:00Z
PROFILE-CON-015,ACC-CON-015,CONTACT-CON-015,synthetic_b2b_contact,construction_planning,active,2026-07-04T12:00:00Z
PROFILE-CON-016,ACC-CON-016,CONTACT-CON-016,synthetic_b2b_contact,construction_planning,active,2026-07-04T12:00:00Z
PROFILE-CON-017,ACC-CON-017,CONTACT-CON-017,synthetic_b2b_contact,construction_planning,active,2026-07-04T12:00:00Z
PROFILE-CON-018,ACC-CON-018,CONTACT-CON-018,synthetic_b2b_contact,construction_planning,active,2026-07-04T12:00:00Z
PROFILE-CON-019,ACC-CON-019,CONTACT-CON-019,synthetic_b2b_contact,construction_planning,active,2026-07-04T12:00:00Z
PROFILE-CON-020,ACC-CON-020,CONTACT-CON-020,synthetic_b2b_contact,construction_planning,suppressed,2026-07-04T12:00:00Z
PROFILE-CON-021,ACC-CON-021,CONTACT-CON-021,synthetic_b2b_contact,construction_planning,active,2026-07-04T12:00:00Z
PROFILE-CON-022,ACC-CON-022,CONTACT-CON-022,synthetic_b2b_contact,construction_planning,active,2026-07-04T12:00:00Z
PROFILE-CON-023,ACC-CON-023,CONTACT-CON-023,synthetic_b2b_contact,construction_planning,active,2026-07-04T12:00:00Z
PROFILE-CON-024,ACC-CON-024,CONTACT-CON-024,synthetic_b2b_contact,construction_planning,active,2026-07-04T12:00:00Z
PROFILE-CON-025,ACC-CON-025,CONTACT-CON-025,synthetic_b2b_contact,construction_planning,active,2026-07-04T12:00:00Z
PROFILE-CON-026,ACC-CON-026,CONTACT-CON-026,synthetic_b2b_contact,construction_planning,active,2026-07-04T12:00:00Z
PROFILE-CON-027,ACC-CON-027,CONTACT-CON-027,synthetic_b2b_contact,construction_planning,active,2026-07-04T12:00:00Z
PROFILE-CON-028,ACC-CON-028,CONTACT-CON-028,synthetic_b2b_contact,construction_planning,active,2026-07-04T12:00:00Z
PROFILE-CON-029,ACC-CON-029,CONTACT-CON-029,synthetic_b2b_contact,construction_planning,active,2026-07-04T12:00:00Z
PROFILE-CON-030,ACC-CON-030,CONTACT-CON-030,synthetic_b2b_contact,construction_planning,suppressed,2026-07-04T12:00:00Z
PROFILE-CON-031,ACC-CON-031,CONTACT-CON-031,synthetic_b2b_contact,construction_planning,active,2026-07-04T12:00:00Z
PROFILE-CON-032,ACC-CON-032,CONTACT-CON-032,synthetic_b2b_contact,construction_planning,active,2026-07-04T12:00:00Z
PROFILE-CON-033,ACC-CON-033,CONTACT-CON-033,synthetic_b2b_contact,construction_planning,active,2026-07-04T12:00:00Z
PROFILE-CON-034,ACC-CON-034,CONTACT-CON-034,synthetic_b2b_contact,construction_planning,active,2026-07-04T12:00:00Z
PROFILE-CON-035,ACC-CON-035,CONTACT-CON-035,synthetic_b2b_contact,construction_planning,active,2026-07-04T12:00:00Z
PROFILE-CON-036,ACC-CON-036,CONTACT-CON-036,synthetic_b2b_contact,construction_planning,active,2026-07-04T12:00:00Z
PROFILE-CON-037,ACC-CON-037,CONTACT-CON-037,synthetic_b2b_contact,construction_planning,active,2026-07-04T12:00:00Z
PROFILE-CON-038,ACC-CON-038,CONTACT-CON-038,synthetic_b2b_contact,construction_planning,active,2026-07-04T12:00:00Z
PROFILE-CON-039,ACC-CON-039,CONTACT-CON-039,synthetic_b2b_contact,construction_planning,active,2026-07-04T12:00:00Z
PROFILE-CON-040,ACC-CON-040,CONTACT-CON-040,synthetic_b2b_contact,construction_planning,suppressed,2026-07-04T12:00:00Z
PROFILE-CON-041,ACC-CON-041,CONTACT-CON-041,synthetic_b2b_contact,construction_planning,active,2026-07-04T12:00:00Z
PROFILE-CON-042,ACC-CON-042,CONTACT-CON-042,synthetic_b2b_contact,construction_planning,active,2026-07-04T12:00:00Z
PROFILE-CON-043,ACC-CON-043,CONTACT-CON-043,synthetic_b2b_contact,construction_planning,active,2026-07-04T12:00:00Z
PROFILE-CON-044,ACC-CON-044,CONTACT-CON-044,synthetic_b2b_contact,construction_planning,active,2026-07-04T12:00:00Z
PROFILE-CON-045,ACC-CON-045,CONTACT-CON-045,synthetic_b2b_contact,construction_planning,active,2026-07-04T12:00:00Z
PROFILE-CON-046,ACC-CON-046,CONTACT-CON-046,synthetic_b2b_contact,construction_planning,active,2026-07-04T12:00:00Z
PROFILE-CON-047,ACC-CON-047,CONTACT-CON-047,synthetic_b2b_contact,construction_planning,active,2026-07-04T12:00:00Z
PROFILE-CON-048,ACC-CON-048,CONTACT-CON-048,synthetic_b2b_contact,construction_planning,active,2026-07-04T12:00:00Z
PROFILE-CON-049,ACC-CON-049,CONTACT-CON-049,synthetic_b2b_contact,construction_planning,active,2026-07-04T12:00:00Z
PROFILE-CON-050,ACC-CON-050,CONTACT-CON-050,synthetic_b2b_contact,construction_planning,suppressed,2026-07-04T12:00:00Z
PROFILE-CON-051,ACC-CON-051,CONTACT-CON-051,synthetic_b2b_contact,construction_planning,active,2026-07-04T12:00:00Z
PROFILE-CON-052,ACC-CON-052,CONTACT-CON-052,synthetic_b2b_contact,construction_planning,active,2026-07-04T12:00:00Z
PROFILE-CON-053,ACC-CON-053,CONTACT-CON-053,synthetic_b2b_contact,construction_planning,active,2026-07-04T12:00:00Z
PROFILE-CON-054,ACC-CON-054,CONTACT-CON-054,synthetic_b2b_contact,construction_planning,active,2026-07-04T12:00:00Z
PROFILE-CON-055,ACC-CON-055,CONTACT-CON-055,synthetic_b2b_contact,construction_planning,active,2026-07-04T12:00:00Z
PROFILE-CON-056,ACC-CON-056,CONTACT-CON-056,synthetic_b2b_contact,construction_planning,active,2026-07-04T12:00:00Z
PROFILE-CON-057,ACC-CON-057,CONTACT-CON-057,synthetic_b2b_contact,construction_planning,active,2026-07-04T12:00:00Z
PROFILE-CON-058,ACC-CON-058,CONTACT-CON-058,synthetic_b2b_contact,construction_planning,active,2026-07-04T12:00:00Z
PROFILE-CON-059,ACC-CON-059,CONTACT-CON-059,synthetic_b2b_contact,construction_planning,active,2026-07-04T12:00:00Z
PROFILE-CON-060,ACC-CON-060,CONTACT-CON-060,synthetic_b2b_contact,construction_planning,suppressed,2026-07-04T12:00:00Z
PROFILE-CON-061,ACC-CON-061,CONTACT-CON-061,synthetic_b2b_contact,construction_planning,active,2026-07-04T12:00:00Z
PROFILE-CON-062,ACC-CON-062,CONTACT-CON-062,synthetic_b2b_contact,construction_planning,active,2026-07-04T12:00:00Z
PROFILE-CON-063,ACC-CON-063,CONTACT-CON-063,synthetic_b2b_contact,construction_planning,active,2026-07-04T12:00:00Z
PROFILE-CON-064,ACC-CON-064,CONTACT-CON-064,synthetic_b2b_contact,construction_planning,active,2026-07-04T12:00:00Z
PROFILE-CON-065,ACC-CON-065,CONTACT-CON-065,synthetic_b2b_contact,construction_planning,active,2026-07-04T12:00:00Z
PROFILE-CON-066,ACC-CON-066,CONTACT-CON-066,synthetic_b2b_contact,construction_planning,active,2026-07-04T12:00:00Z
PROFILE-CON-067,ACC-CON-067,CONTACT-CON-067,synthetic_b2b_contact,construction_planning,active,2026-07-04T12:00:00Z
PROFILE-CON-068,ACC-CON-068,CONTACT-CON-068,synthetic_b2b_contact,construction_planning,active,2026-07-04T12:00:00Z
PROFILE-CON-069,ACC-CON-069,CONTACT-CON-069,synthetic_b2b_contact,construction_planning,active,2026-07-04T12:00:00Z
PROFILE-CON-070,ACC-CON-070,CONTACT-CON-070,synthetic_b2b_contact,construction_planning,suppressed,2026-07-04T12:00:00Z
PROFILE-CON-071,ACC-CON-071,CONTACT-CON-071,synthetic_b2b_contact,construction_planning,active,2026-07-04T12:00:00Z
PROFILE-CON-072,ACC-CON-072,CONTACT-CON-072,synthetic_b2b_contact,construction_planning,active,2026-07-04T12:00:00Z
PROFILE-CON-073,ACC-CON-073,CONTACT-CON-073,synthetic_b2b_contact,construction_planning,active,2026-07-04T12:00:00Z
PROFILE-CON-074,ACC-CON-074,CONTACT-CON-074,synthetic_b2b_contact,construction_planning,active,2026-07-04T12:00:00Z
PROFILE-CON-075,ACC-CON-075,CONTACT-CON-075,synthetic_b2b_contact,construction_planning,active,2026-07-04T12:00:00Z
PROFILE-CON-076,ACC-CON-076,CONTACT-CON-076,synthetic_b2b_contact,construction_planning,active,2026-07-04T12:00:00Z
PROFILE-CON-077,ACC-CON-077,CONTACT-CON-077,synthetic_b2b_contact,construction_planning,active,2026-07-04T12:00:00Z
PROFILE-CON-078,ACC-CON-078,CONTACT-CON-078,synthetic_b2b_contact,construction_planning,active,2026-07-04T12:00:00Z
PROFILE-CON-079,ACC-CON-079,CONTACT-CON-079,synthetic_b2b_contact,construction_planning,active,2026-07-04T12:00:00Z
PROFILE-CON-080,ACC-CON-080,CONTACT-CON-080,synthetic_b2b_contact,construction_planning,suppressed,2026-07-04T12:00:00Z
PROFILE-CON-081,ACC-CON-081,CONTACT-CON-081,synthetic_b2b_contact,construction_planning,active,2026-07-04T12:00:00Z
PROFILE-CON-082,ACC-CON-082,CONTACT-CON-082,synthetic_b2b_contact,construction_planning,active,2026-07-04T12:00:00Z
PROFILE-CON-083,ACC-CON-083,CONTACT-CON-083,synthetic_b2b_contact,construction_planning,active,2026-07-04T12:00:00Z
PROFILE-CON-084,ACC-CON-084,CONTACT-CON-084,synthetic_b2b_contact,construction_planning,active,2026-07-04T12:00:00Z
PROFILE-CON-085,ACC-CON-085,CONTACT-CON-085,synthetic_b2b_contact,construction_planning,active,2026-07-04T12:00:00Z
PROFILE-CON-086,ACC-CON-086,CONTACT-CON-086,synthetic_b2b_contact,construction_planning,active,2026-07-04T12:00:00Z
PROFILE-CON-087,ACC-CON-087,CONTACT-CON-087,synthetic_b2b_contact,construction_planning,active,2026-07-04T12:00:00Z
PROFILE-CON-088,ACC-CON-088,CONTACT-CON-088,synthetic_b2b_contact,construction_planning,active,2026-07-04T12:00:00Z
PROFILE-CON-089,ACC-CON-089,CONTACT-CON-089,synthetic_b2b_contact,construction_planning,active,2026-07-04T12:00:00Z
PROFILE-CON-090,ACC-CON-090,CONTACT-CON-090,synthetic_b2b_contact,construction_planning,suppressed,2026-07-04T12:00:00Z
PROFILE-CON-091,ACC-CON-091,CONTACT-CON-091,synthetic_b2b_contact,construction_planning,active,2026-07-04T12:00:00Z
PROFILE-CON-092,ACC-CON-092,CONTACT-CON-092,synthetic_b2b_contact,construction_planning,active,2026-07-04T12:00:00Z
PROFILE-CON-093,ACC-CON-093,CONTACT-CON-093,synthetic_b2b_contact,construction_planning,active,2026-07-04T12:00:00Z
PROFILE-CON-094,ACC-CON-094,CONTACT-CON-094,synthetic_b2b_contact,construction_planning,active,2026-07-04T12:00:00Z
PROFILE-CON-095,ACC-CON-095,CONTACT-CON-095,synthetic_b2b_contact,construction_planning,active,2026-07-04T12:00:00Z
PROFILE-CON-096,ACC-CON-096,CONTACT-CON-096,synthetic_b2b_contact,construction_planning,active,2026-07-04T12:00:00Z
PROFILE-CON-097,ACC-CON-097,CONTACT-CON-097,synthetic_b2b_contact,construction_planning,active,2026-07-04T12:00:00Z
PROFILE-CON-098,ACC-CON-098,CONTACT-CON-098,synthetic_b2b_contact,construction_planning,active,2026-07-04T12:00:00Z
PROFILE-CON-099,ACC-CON-099,CONTACT-CON-099,synthetic_b2b_contact,construction_planning,active,2026-07-04T12:00:00Z
PROFILE-CON-100,ACC-CON-100,CONTACT-CON-100,synthetic_b2b_contact,construction_planning,suppressed,2026-07-04T12:00:00Z
