opportunity_id,account_id,product_id,stage,expected_value,expected_close_date,currency,demand_qty,unit,confirmed
OPPORTUNITY-CON-001,ACC-CON-001,PROD-CON-01,unconfirmed_interest,6000,2026-10-23,EUR,300,m2,false
OPPORTUNITY-CON-002,ACC-CON-002,PROD-CON-01,unconfirmed_interest,1400,2026-10-23,EUR,70,m2,false
OPPORTUNITY-CON-003,ACC-CON-003,PROD-CON-01,unconfirmed_interest,1600,2026-10-23,EUR,80,m2,false
OPPORTUNITY-CON-004,ACC-CON-004,PROD-CON-05,unconfirmed_interest,1080,2026-10-23,EUR,90,m2,false
OPPORTUNITY-CON-005,ACC-CON-005,PROD-CON-05,unconfirmed_interest,1200,2026-10-23,EUR,100,m2,false
OPPORTUNITY-CON-006,ACC-CON-006,PROD-CON-05,unconfirmed_interest,1320,2026-10-23,EUR,110,m2,false
OPPORTUNITY-CON-007,ACC-CON-007,PROD-CON-09,unconfirmed_interest,4800,2026-10-23,EUR,12,unit,false
OPPORTUNITY-CON-008,ACC-CON-008,PROD-CON-09,unconfirmed_interest,5200,2026-10-23,EUR,13,unit,false
OPPORTUNITY-CON-009,ACC-CON-009,PROD-CON-09,unconfirmed_interest,5600,2026-10-23,EUR,14,unit,false
OPPORTUNITY-CON-010,ACC-CON-010,PROD-CON-02,unconfirmed_interest,900,2026-10-23,EUR,50,m2,false
OPPORTUNITY-CON-011,ACC-CON-011,PROD-CON-02,unconfirmed_interest,1080,2026-10-23,EUR,60,m2,false
OPPORTUNITY-CON-012,ACC-CON-012,PROD-CON-02,unconfirmed_interest,1260,2026-10-23,EUR,70,m2,false
OPPORTUNITY-CON-013,ACC-CON-013,PROD-CON-03,unconfirmed_interest,1920,2026-10-23,EUR,80,m2,false
OPPORTUNITY-CON-014,ACC-CON-014,PROD-CON-04,unconfirmed_interest,2520,2026-10-23,EUR,90,m2,false
OPPORTUNITY-CON-015,ACC-CON-015,PROD-CON-06,unconfirmed_interest,1400,2026-10-23,EUR,100,m2,false
OPPORTUNITY-CON-016,ACC-CON-016,PROD-CON-07,unconfirmed_interest,1760,2026-10-23,EUR,110,m2,false
OPPORTUNITY-CON-017,ACC-CON-017,PROD-CON-08,unconfirmed_interest,2040,2026-10-23,EUR,120,m2,false
OPPORTUNITY-CON-018,ACC-CON-018,PROD-CON-10,unconfirmed_interest,5850,2026-10-23,EUR,13,unit,false
OPPORTUNITY-CON-019,ACC-CON-019,PROD-CON-11,unconfirmed_interest,7000,2026-10-23,EUR,14,unit,false
OPPORTUNITY-CON-020,ACC-CON-020,PROD-CON-12,unconfirmed_interest,2750,2026-10-23,EUR,5,unit,false
OPPORTUNITY-CON-021,ACC-CON-021,PROD-CON-03,unconfirmed_interest,1440,2026-10-23,EUR,60,m2,false
OPPORTUNITY-CON-022,ACC-CON-022,PROD-CON-04,unconfirmed_interest,1960,2026-10-23,EUR,70,m2,false
OPPORTUNITY-CON-023,ACC-CON-023,PROD-CON-06,unconfirmed_interest,1120,2026-10-23,EUR,80,m2,false
OPPORTUNITY-CON-024,ACC-CON-024,PROD-CON-07,unconfirmed_interest,1440,2026-10-23,EUR,90,m2,false
OPPORTUNITY-CON-025,ACC-CON-025,PROD-CON-08,unconfirmed_interest,1700,2026-10-23,EUR,100,m2,false
OPPORTUNITY-CON-026,ACC-CON-026,PROD-CON-10,unconfirmed_interest,4950,2026-10-23,EUR,11,unit,false
OPPORTUNITY-CON-027,ACC-CON-027,PROD-CON-11,unconfirmed_interest,6000,2026-10-23,EUR,12,unit,false
OPPORTUNITY-CON-028,ACC-CON-028,PROD-CON-12,unconfirmed_interest,7150,2026-10-23,EUR,13,unit,false
OPPORTUNITY-CON-029,ACC-CON-029,PROD-CON-03,unconfirmed_interest,3360,2026-10-23,EUR,140,m2,false
OPPORTUNITY-CON-030,ACC-CON-030,PROD-CON-04,unconfirmed_interest,1400,2026-10-23,EUR,50,m2,false
OPPORTUNITY-CON-031,ACC-CON-031,PROD-CON-06,unconfirmed_interest,840,2026-10-23,EUR,60,m2,false
OPPORTUNITY-CON-032,ACC-CON-032,PROD-CON-07,unconfirmed_interest,1120,2026-10-23,EUR,70,m2,false
OPPORTUNITY-CON-033,ACC-CON-033,PROD-CON-08,unconfirmed_interest,1360,2026-10-23,EUR,80,m2,false
OPPORTUNITY-CON-034,ACC-CON-034,PROD-CON-10,unconfirmed_interest,4050,2026-10-23,EUR,9,unit,false
OPPORTUNITY-CON-035,ACC-CON-035,PROD-CON-11,unconfirmed_interest,5000,2026-10-23,EUR,10,unit,false
OPPORTUNITY-CON-036,ACC-CON-036,PROD-CON-12,unconfirmed_interest,6050,2026-10-23,EUR,11,unit,false
OPPORTUNITY-CON-037,ACC-CON-037,PROD-CON-03,unconfirmed_interest,2880,2026-10-23,EUR,120,m2,false
OPPORTUNITY-CON-038,ACC-CON-038,PROD-CON-04,unconfirmed_interest,3640,2026-10-23,EUR,130,m2,false
OPPORTUNITY-CON-039,ACC-CON-039,PROD-CON-06,unconfirmed_interest,1960,2026-10-23,EUR,140,m2,false
OPPORTUNITY-CON-040,ACC-CON-040,PROD-CON-07,unconfirmed_interest,800,2026-10-23,EUR,50,m2,false
OPPORTUNITY-CON-041,ACC-CON-041,PROD-CON-08,unconfirmed_interest,1020,2026-10-23,EUR,60,m2,false
OPPORTUNITY-CON-042,ACC-CON-042,PROD-CON-10,unconfirmed_interest,3150,2026-10-23,EUR,7,unit,false
OPPORTUNITY-CON-043,ACC-CON-043,PROD-CON-11,unconfirmed_interest,4000,2026-10-23,EUR,8,unit,false
OPPORTUNITY-CON-044,ACC-CON-044,PROD-CON-12,unconfirmed_interest,4950,2026-10-23,EUR,9,unit,false
OPPORTUNITY-CON-045,ACC-CON-045,PROD-CON-03,unconfirmed_interest,2400,2026-10-23,EUR,100,m2,false
OPPORTUNITY-CON-046,ACC-CON-046,PROD-CON-04,unconfirmed_interest,3080,2026-10-23,EUR,110,m2,false
OPPORTUNITY-CON-047,ACC-CON-047,PROD-CON-06,unconfirmed_interest,1680,2026-10-23,EUR,120,m2,false
OPPORTUNITY-CON-048,ACC-CON-048,PROD-CON-07,unconfirmed_interest,2080,2026-10-23,EUR,130,m2,false
OPPORTUNITY-CON-049,ACC-CON-049,PROD-CON-08,unconfirmed_interest,2380,2026-10-23,EUR,140,m2,false
OPPORTUNITY-CON-050,ACC-CON-050,PROD-CON-10,unconfirmed_interest,2250,2026-10-23,EUR,5,unit,false
OPPORTUNITY-CON-051,ACC-CON-051,PROD-CON-11,unconfirmed_interest,3000,2026-10-23,EUR,6,unit,false
OPPORTUNITY-CON-052,ACC-CON-052,PROD-CON-12,unconfirmed_interest,3850,2026-10-23,EUR,7,unit,false
OPPORTUNITY-CON-053,ACC-CON-053,PROD-CON-03,unconfirmed_interest,1920,2026-10-23,EUR,80,m2,false
OPPORTUNITY-CON-054,ACC-CON-054,PROD-CON-04,unconfirmed_interest,2520,2026-10-23,EUR,90,m2,false
OPPORTUNITY-CON-055,ACC-CON-055,PROD-CON-06,unconfirmed_interest,1400,2026-10-23,EUR,100,m2,false
OPPORTUNITY-CON-056,ACC-CON-056,PROD-CON-07,unconfirmed_interest,1760,2026-10-23,EUR,110,m2,false
OPPORTUNITY-CON-057,ACC-CON-057,PROD-CON-08,unconfirmed_interest,2040,2026-10-23,EUR,120,m2,false
OPPORTUNITY-CON-058,ACC-CON-058,PROD-CON-10,unconfirmed_interest,5850,2026-10-23,EUR,13,unit,false
OPPORTUNITY-CON-059,ACC-CON-059,PROD-CON-11,unconfirmed_interest,7000,2026-10-23,EUR,14,unit,false
OPPORTUNITY-CON-060,ACC-CON-060,PROD-CON-12,unconfirmed_interest,2750,2026-10-23,EUR,5,unit,false
OPPORTUNITY-CON-061,ACC-CON-061,PROD-CON-03,unconfirmed_interest,1440,2026-10-23,EUR,60,m2,false
OPPORTUNITY-CON-062,ACC-CON-062,PROD-CON-04,unconfirmed_interest,1960,2026-10-23,EUR,70,m2,false
OPPORTUNITY-CON-063,ACC-CON-063,PROD-CON-06,unconfirmed_interest,1120,2026-10-23,EUR,80,m2,false
OPPORTUNITY-CON-064,ACC-CON-064,PROD-CON-07,unconfirmed_interest,1440,2026-10-23,EUR,90,m2,false
OPPORTUNITY-CON-065,ACC-CON-065,PROD-CON-08,unconfirmed_interest,1700,2026-10-23,EUR,100,m2,false
OPPORTUNITY-CON-066,ACC-CON-066,PROD-CON-10,unconfirmed_interest,4950,2026-10-23,EUR,11,unit,false
OPPORTUNITY-CON-067,ACC-CON-067,PROD-CON-11,unconfirmed_interest,6000,2026-10-23,EUR,12,unit,false
OPPORTUNITY-CON-068,ACC-CON-068,PROD-CON-12,unconfirmed_interest,7150,2026-10-23,EUR,13,unit,false
OPPORTUNITY-CON-069,ACC-CON-069,PROD-CON-03,unconfirmed_interest,3360,2026-10-23,EUR,140,m2,false
OPPORTUNITY-CON-070,ACC-CON-070,PROD-CON-04,unconfirmed_interest,1400,2026-10-23,EUR,50,m2,false
OPPORTUNITY-CON-071,ACC-CON-071,PROD-CON-06,unconfirmed_interest,840,2026-10-23,EUR,60,m2,false
OPPORTUNITY-CON-072,ACC-CON-072,PROD-CON-07,unconfirmed_interest,1120,2026-10-23,EUR,70,m2,false
OPPORTUNITY-CON-073,ACC-CON-073,PROD-CON-08,unconfirmed_interest,1360,2026-10-23,EUR,80,m2,false
OPPORTUNITY-CON-074,ACC-CON-074,PROD-CON-10,unconfirmed_interest,4050,2026-10-23,EUR,9,unit,false
OPPORTUNITY-CON-075,ACC-CON-075,PROD-CON-11,unconfirmed_interest,5000,2026-10-23,EUR,10,unit,false
OPPORTUNITY-CON-076,ACC-CON-076,PROD-CON-12,unconfirmed_interest,6050,2026-10-23,EUR,11,unit,false
OPPORTUNITY-CON-077,ACC-CON-077,PROD-CON-03,unconfirmed_interest,2880,2026-10-23,EUR,120,m2,false
OPPORTUNITY-CON-078,ACC-CON-078,PROD-CON-04,unconfirmed_interest,3640,2026-10-23,EUR,130,m2,false
OPPORTUNITY-CON-079,ACC-CON-079,PROD-CON-06,unconfirmed_interest,1960,2026-10-23,EUR,140,m2,false
OPPORTUNITY-CON-080,ACC-CON-080,PROD-CON-07,unconfirmed_interest,800,2026-10-23,EUR,50,m2,false
OPPORTUNITY-CON-081,ACC-CON-081,PROD-CON-08,unconfirmed_interest,1020,2026-10-23,EUR,60,m2,false
OPPORTUNITY-CON-082,ACC-CON-082,PROD-CON-10,unconfirmed_interest,3150,2026-10-23,EUR,7,unit,false
OPPORTUNITY-CON-083,ACC-CON-083,PROD-CON-11,unconfirmed_interest,4000,2026-10-23,EUR,8,unit,false
OPPORTUNITY-CON-084,ACC-CON-084,PROD-CON-12,unconfirmed_interest,4950,2026-10-23,EUR,9,unit,false
OPPORTUNITY-CON-085,ACC-CON-085,PROD-CON-03,unconfirmed_interest,2400,2026-10-23,EUR,100,m2,false
OPPORTUNITY-CON-086,ACC-CON-086,PROD-CON-04,unconfirmed_interest,3080,2026-10-23,EUR,110,m2,false
OPPORTUNITY-CON-087,ACC-CON-087,PROD-CON-06,unconfirmed_interest,1680,2026-10-23,EUR,120,m2,false
OPPORTUNITY-CON-088,ACC-CON-088,PROD-CON-07,unconfirmed_interest,2080,2026-10-23,EUR,130,m2,false
OPPORTUNITY-CON-089,ACC-CON-089,PROD-CON-08,unconfirmed_interest,2380,2026-10-23,EUR,140,m2,false
OPPORTUNITY-CON-090,ACC-CON-090,PROD-CON-10,unconfirmed_interest,2250,2026-10-23,EUR,5,unit,false
OPPORTUNITY-CON-091,ACC-CON-091,PROD-CON-11,unconfirmed_interest,3000,2026-10-23,EUR,6,unit,false
OPPORTUNITY-CON-092,ACC-CON-092,PROD-CON-12,unconfirmed_interest,3850,2026-10-23,EUR,7,unit,false
OPPORTUNITY-CON-093,ACC-CON-093,PROD-CON-03,unconfirmed_interest,1920,2026-10-23,EUR,80,m2,false
OPPORTUNITY-CON-094,ACC-CON-094,PROD-CON-04,unconfirmed_interest,2520,2026-10-23,EUR,90,m2,false
OPPORTUNITY-CON-095,ACC-CON-095,PROD-CON-06,unconfirmed_interest,1400,2026-10-23,EUR,100,m2,false
OPPORTUNITY-CON-096,ACC-CON-096,PROD-CON-07,unconfirmed_interest,1760,2026-10-23,EUR,110,m2,false
OPPORTUNITY-CON-097,ACC-CON-097,PROD-CON-08,unconfirmed_interest,2040,2026-10-23,EUR,120,m2,false
OPPORTUNITY-CON-098,ACC-CON-098,PROD-CON-10,unconfirmed_interest,5850,2026-10-23,EUR,13,unit,false
OPPORTUNITY-CON-099,ACC-CON-099,PROD-CON-11,unconfirmed_interest,7000,2026-10-23,EUR,14,unit,false
OPPORTUNITY-CON-100,ACC-CON-100,PROD-CON-12,unconfirmed_interest,2750,2026-10-23,EUR,5,unit,false
