lineage_id,data_source_id,target_table,refresh_frequency,quality_status
LINEAGE-CON-accounts,SOURCE-CON-SYNTHETIC,accounts,deterministic_manual_generation,synthetic_fixture
LINEAGE-CON-customer_contacts,SOURCE-CON-SYNTHETIC,customer_contacts,deterministic_manual_generation,synthetic_fixture
LINEAGE-CON-product_families,SOURCE-CON-SYNTHETIC,product_families,deterministic_manual_generation,synthetic_fixture
LINEAGE-CON-products,SOURCE-CON-SYNTHETIC,products,deterministic_manual_generation,synthetic_fixture
LINEAGE-CON-campaigns,SOURCE-CON-SYNTHETIC,campaigns,deterministic_manual_generation,synthetic_fixture
LINEAGE-CON-leads,SOURCE-CON-SYNTHETIC,leads,deterministic_manual_generation,synthetic_fixture
LINEAGE-CON-opportunities,SOURCE-CON-SYNTHETIC,opportunities,deterministic_manual_generation,synthetic_fixture
LINEAGE-CON-sales_orders,SOURCE-CON-SYNTHETIC,sales_orders,deterministic_manual_generation,synthetic_fixture
LINEAGE-CON-customer_commitments,SOURCE-CON-SYNTHETIC,customer_commitments,deterministic_manual_generation,synthetic_fixture
LINEAGE-CON-inventory_positions,SOURCE-CON-SYNTHETIC,inventory_positions,deterministic_manual_generation,synthetic_fixture
LINEAGE-CON-supply_constraints,SOURCE-CON-SYNTHETIC,supply_constraints,deterministic_manual_generation,synthetic_fixture
LINEAGE-CON-business_risks,SOURCE-CON-SYNTHETIC,business_risks,deterministic_manual_generation,synthetic_fixture
LINEAGE-CON-unified_profiles,SOURCE-CON-SYNTHETIC,unified_profiles,deterministic_manual_generation,synthetic_fixture
LINEAGE-CON-identities,SOURCE-CON-SYNTHETIC,identities,deterministic_manual_generation,synthetic_fixture
LINEAGE-CON-identity_links,SOURCE-CON-SYNTHETIC,identity_links,deterministic_manual_generation,synthetic_fixture
LINEAGE-CON-consent_records,SOURCE-CON-SYNTHETIC,consent_records,deterministic_manual_generation,synthetic_fixture
LINEAGE-CON-profile_traits,SOURCE-CON-SYNTHETIC,profile_traits,deterministic_manual_generation,synthetic_fixture
LINEAGE-CON-audiences,SOURCE-CON-SYNTHETIC,audiences,deterministic_manual_generation,synthetic_fixture
LINEAGE-CON-audience_memberships,SOURCE-CON-SYNTHETIC,audience_memberships,deterministic_manual_generation,synthetic_fixture
LINEAGE-CON-suppression_rules,SOURCE-CON-SYNTHETIC,suppression_rules,deterministic_manual_generation,synthetic_fixture
LINEAGE-CON-destinations,SOURCE-CON-SYNTHETIC,destinations,deterministic_manual_generation,synthetic_fixture
LINEAGE-CON-activations,SOURCE-CON-SYNTHETIC,activations,deterministic_manual_generation,synthetic_fixture
LINEAGE-CON-offers,SOURCE-CON-SYNTHETIC,offers,deterministic_manual_generation,synthetic_fixture
LINEAGE-CON-recommendations,SOURCE-CON-SYNTHETIC,recommendations,deterministic_manual_generation,synthetic_fixture
LINEAGE-CON-data_sources,SOURCE-CON-SYNTHETIC,data_sources,deterministic_manual_generation,synthetic_fixture
LINEAGE-CON-lineage_records,SOURCE-CON-SYNTHETIC,lineage_records,deterministic_manual_generation,synthetic_fixture
LINEAGE-CON-demand_records,SOURCE-CON-SYNTHETIC,demand_records,deterministic_manual_generation,synthetic_fixture
LINEAGE-CON-behavioral_events,SOURCE-CON-SYNTHETIC,behavioral_events,deterministic_manual_generation,synthetic_fixture
LINEAGE-CON-journey_events,SOURCE-CON-SYNTHETIC,journey_events,deterministic_manual_generation,synthetic_fixture
LINEAGE-CON-activation_events,SOURCE-CON-SYNTHETIC,activation_events,deterministic_manual_generation,synthetic_fixture
LINEAGE-CON-demand_signals,SOURCE-CON-SYNTHETIC,demand_signals,deterministic_manual_generation,synthetic_fixture
