campaign_id,campaign_name,segment_id,product_family_id,start_date,end_date,budget,currency
CAMPAIGN-CON-001,Synthetic BuildTogether Materials schools nurture 001,SEG-CON-SCHOOLS,FAMILY-INSULATION,2026-09-25,2026-11-01,1010,EUR
CAMPAIGN-CON-002,Synthetic BuildTogether Materials housing nurture 002,SEG-CON-HOUSING,FAMILY-INSULATION,2026-09-25,2026-11-01,1020,EUR
CAMPAIGN-CON-003,Synthetic BuildTogether Materials workplaces nurture 003,SEG-CON-WORKPLACES,FAMILY-INSULATION,2026-09-25,2026-11-01,1030,EUR
CAMPAIGN-CON-004,Synthetic BuildTogether Materials schools nurture 004,SEG-CON-SCHOOLS,FAMILY-PLASTERBOARD,2026-09-25,2026-11-01,1040,EUR
CAMPAIGN-CON-005,Synthetic BuildTogether Materials housing nurture 005,SEG-CON-HOUSING,FAMILY-PLASTERBOARD,2026-09-25,2026-11-01,1050,EUR
CAMPAIGN-CON-006,Synthetic BuildTogether Materials workplaces nurture 006,SEG-CON-WORKPLACES,FAMILY-PLASTERBOARD,2026-09-25,2026-11-01,1060,EUR
CAMPAIGN-CON-007,Synthetic BuildTogether Materials schools nurture 007,SEG-CON-SCHOOLS,FAMILY-WINDOWS,2026-09-25,2026-11-01,1070,EUR
CAMPAIGN-CON-008,Synthetic BuildTogether Materials housing nurture 008,SEG-CON-HOUSING,FAMILY-WINDOWS,2026-09-25,2026-11-01,1080,EUR
CAMPAIGN-CON-009,Synthetic BuildTogether Materials workplaces nurture 009,SEG-CON-WORKPLACES,FAMILY-WINDOWS,2026-09-25,2026-11-01,1090,EUR
CAMPAIGN-CON-010,Synthetic BuildTogether Materials schools nurture 010,SEG-CON-SCHOOLS,FAMILY-INSULATION,2026-09-25,2026-11-01,1100,EUR
CAMPAIGN-CON-011,Synthetic BuildTogether Materials housing nurture 011,SEG-CON-HOUSING,FAMILY-INSULATION,2026-09-25,2026-11-01,1110,EUR
CAMPAIGN-CON-012,Synthetic BuildTogether Materials workplaces nurture 012,SEG-CON-WORKPLACES,FAMILY-INSULATION,2026-09-25,2026-11-01,1120,EUR
CAMPAIGN-CON-013,Synthetic BuildTogether Materials schools nurture 013,SEG-CON-SCHOOLS,FAMILY-INSULATION,2026-09-25,2026-11-01,1130,EUR
CAMPAIGN-CON-014,Synthetic BuildTogether Materials housing nurture 014,SEG-CON-HOUSING,FAMILY-INSULATION,2026-09-25,2026-11-01,1140,EUR
CAMPAIGN-CON-015,Synthetic BuildTogether Materials workplaces nurture 015,SEG-CON-WORKPLACES,FAMILY-PLASTERBOARD,2026-09-25,2026-11-01,1150,EUR
CAMPAIGN-CON-016,Synthetic BuildTogether Materials schools nurture 016,SEG-CON-SCHOOLS,FAMILY-PLASTERBOARD,2026-09-25,2026-11-01,1160,EUR
CAMPAIGN-CON-017,Synthetic BuildTogether Materials housing nurture 017,SEG-CON-HOUSING,FAMILY-PLASTERBOARD,2026-09-25,2026-11-01,1170,EUR
CAMPAIGN-CON-018,Synthetic BuildTogether Materials workplaces nurture 018,SEG-CON-WORKPLACES,FAMILY-WINDOWS,2026-09-25,2026-11-01,1180,EUR
CAMPAIGN-CON-019,Synthetic BuildTogether Materials schools nurture 019,SEG-CON-SCHOOLS,FAMILY-WINDOWS,2026-09-25,2026-11-01,1190,EUR
CAMPAIGN-CON-020,Synthetic BuildTogether Materials housing nurture 020,SEG-CON-HOUSING,FAMILY-WINDOWS,2026-09-25,2026-11-01,1200,EUR
CAMPAIGN-CON-021,Synthetic BuildTogether Materials workplaces nurture 021,SEG-CON-WORKPLACES,FAMILY-INSULATION,2026-09-25,2026-11-01,1210,EUR
CAMPAIGN-CON-022,Synthetic BuildTogether Materials schools nurture 022,SEG-CON-SCHOOLS,FAMILY-INSULATION,2026-09-25,2026-11-01,1220,EUR
CAMPAIGN-CON-023,Synthetic BuildTogether Materials housing nurture 023,SEG-CON-HOUSING,FAMILY-PLASTERBOARD,2026-09-25,2026-11-01,1230,EUR
CAMPAIGN-CON-024,Synthetic BuildTogether Materials workplaces nurture 024,SEG-CON-WORKPLACES,FAMILY-PLASTERBOARD,2026-09-25,2026-11-01,1240,EUR
CAMPAIGN-CON-025,Synthetic BuildTogether Materials schools nurture 025,SEG-CON-SCHOOLS,FAMILY-PLASTERBOARD,2026-09-25,2026-11-01,1250,EUR
CAMPAIGN-CON-026,Synthetic BuildTogether Materials housing nurture 026,SEG-CON-HOUSING,FAMILY-WINDOWS,2026-09-25,2026-11-01,1260,EUR
CAMPAIGN-CON-027,Synthetic BuildTogether Materials workplaces nurture 027,SEG-CON-WORKPLACES,FAMILY-WINDOWS,2026-09-25,2026-11-01,1270,EUR
CAMPAIGN-CON-028,Synthetic BuildTogether Materials schools nurture 028,SEG-CON-SCHOOLS,FAMILY-WINDOWS,2026-09-25,2026-11-01,1280,EUR
CAMPAIGN-CON-029,Synthetic BuildTogether Materials housing nurture 029,SEG-CON-HOUSING,FAMILY-INSULATION,2026-09-25,2026-11-01,1290,EUR
CAMPAIGN-CON-030,Synthetic BuildTogether Materials workplaces nurture 030,SEG-CON-WORKPLACES,FAMILY-INSULATION,2026-09-25,2026-11-01,1300,EUR
CAMPAIGN-CON-031,Synthetic BuildTogether Materials schools nurture 031,SEG-CON-SCHOOLS,FAMILY-PLASTERBOARD,2026-09-25,2026-11-01,1310,EUR
CAMPAIGN-CON-032,Synthetic BuildTogether Materials housing nurture 032,SEG-CON-HOUSING,FAMILY-PLASTERBOARD,2026-09-25,2026-11-01,1320,EUR
CAMPAIGN-CON-033,Synthetic BuildTogether Materials workplaces nurture 033,SEG-CON-WORKPLACES,FAMILY-PLASTERBOARD,2026-09-25,2026-11-01,1330,EUR
CAMPAIGN-CON-034,Synthetic BuildTogether Materials schools nurture 034,SEG-CON-SCHOOLS,FAMILY-WINDOWS,2026-09-25,2026-11-01,1340,EUR
CAMPAIGN-CON-035,Synthetic BuildTogether Materials housing nurture 035,SEG-CON-HOUSING,FAMILY-WINDOWS,2026-09-25,2026-11-01,1350,EUR
CAMPAIGN-CON-036,Synthetic BuildTogether Materials workplaces nurture 036,SEG-CON-WORKPLACES,FAMILY-WINDOWS,2026-09-25,2026-11-01,1360,EUR
CAMPAIGN-CON-037,Synthetic BuildTogether Materials schools nurture 037,SEG-CON-SCHOOLS,FAMILY-INSULATION,2026-09-25,2026-11-01,1370,EUR
CAMPAIGN-CON-038,Synthetic BuildTogether Materials housing nurture 038,SEG-CON-HOUSING,FAMILY-INSULATION,2026-09-25,2026-11-01,1380,EUR
CAMPAIGN-CON-039,Synthetic BuildTogether Materials workplaces nurture 039,SEG-CON-WORKPLACES,FAMILY-PLASTERBOARD,2026-09-25,2026-11-01,1390,EUR
CAMPAIGN-CON-040,Synthetic BuildTogether Materials schools nurture 040,SEG-CON-SCHOOLS,FAMILY-PLASTERBOARD,2026-09-25,2026-11-01,1400,EUR
CAMPAIGN-CON-041,Synthetic BuildTogether Materials housing nurture 041,SEG-CON-HOUSING,FAMILY-PLASTERBOARD,2026-09-25,2026-11-01,1410,EUR
CAMPAIGN-CON-042,Synthetic BuildTogether Materials workplaces nurture 042,SEG-CON-WORKPLACES,FAMILY-WINDOWS,2026-09-25,2026-11-01,1420,EUR
CAMPAIGN-CON-043,Synthetic BuildTogether Materials schools nurture 043,SEG-CON-SCHOOLS,FAMILY-WINDOWS,2026-09-25,2026-11-01,1430,EUR
CAMPAIGN-CON-044,Synthetic BuildTogether Materials housing nurture 044,SEG-CON-HOUSING,FAMILY-WINDOWS,2026-09-25,2026-11-01,1440,EUR
CAMPAIGN-CON-045,Synthetic BuildTogether Materials workplaces nurture 045,SEG-CON-WORKPLACES,FAMILY-INSULATION,2026-09-25,2026-11-01,1450,EUR
CAMPAIGN-CON-046,Synthetic BuildTogether Materials schools nurture 046,SEG-CON-SCHOOLS,FAMILY-INSULATION,2026-09-25,2026-11-01,1460,EUR
CAMPAIGN-CON-047,Synthetic BuildTogether Materials housing nurture 047,SEG-CON-HOUSING,FAMILY-PLASTERBOARD,2026-09-25,2026-11-01,1470,EUR
CAMPAIGN-CON-048,Synthetic BuildTogether Materials workplaces nurture 048,SEG-CON-WORKPLACES,FAMILY-PLASTERBOARD,2026-09-25,2026-11-01,1480,EUR
CAMPAIGN-CON-049,Synthetic BuildTogether Materials schools nurture 049,SEG-CON-SCHOOLS,FAMILY-PLASTERBOARD,2026-09-25,2026-11-01,1490,EUR
CAMPAIGN-CON-050,Synthetic BuildTogether Materials housing nurture 050,SEG-CON-HOUSING,FAMILY-WINDOWS,2026-09-25,2026-11-01,1500,EUR
CAMPAIGN-CON-051,Synthetic BuildTogether Materials workplaces nurture 051,SEG-CON-WORKPLACES,FAMILY-WINDOWS,2026-09-25,2026-11-01,1510,EUR
CAMPAIGN-CON-052,Synthetic BuildTogether Materials schools nurture 052,SEG-CON-SCHOOLS,FAMILY-WINDOWS,2026-09-25,2026-11-01,1520,EUR
CAMPAIGN-CON-053,Synthetic BuildTogether Materials housing nurture 053,SEG-CON-HOUSING,FAMILY-INSULATION,2026-09-25,2026-11-01,1530,EUR
CAMPAIGN-CON-054,Synthetic BuildTogether Materials workplaces nurture 054,SEG-CON-WORKPLACES,FAMILY-INSULATION,2026-09-25,2026-11-01,1540,EUR
CAMPAIGN-CON-055,Synthetic BuildTogether Materials schools nurture 055,SEG-CON-SCHOOLS,FAMILY-PLASTERBOARD,2026-09-25,2026-11-01,1550,EUR
CAMPAIGN-CON-056,Synthetic BuildTogether Materials housing nurture 056,SEG-CON-HOUSING,FAMILY-PLASTERBOARD,2026-09-25,2026-11-01,1560,EUR
CAMPAIGN-CON-057,Synthetic BuildTogether Materials workplaces nurture 057,SEG-CON-WORKPLACES,FAMILY-PLASTERBOARD,2026-09-25,2026-11-01,1570,EUR
CAMPAIGN-CON-058,Synthetic BuildTogether Materials schools nurture 058,SEG-CON-SCHOOLS,FAMILY-WINDOWS,2026-09-25,2026-11-01,1580,EUR
CAMPAIGN-CON-059,Synthetic BuildTogether Materials housing nurture 059,SEG-CON-HOUSING,FAMILY-WINDOWS,2026-09-25,2026-11-01,1590,EUR
CAMPAIGN-CON-060,Synthetic BuildTogether Materials workplaces nurture 060,SEG-CON-WORKPLACES,FAMILY-WINDOWS,2026-09-25,2026-11-01,1600,EUR
CAMPAIGN-CON-061,Synthetic BuildTogether Materials schools nurture 061,SEG-CON-SCHOOLS,FAMILY-INSULATION,2026-09-25,2026-11-01,1610,EUR
CAMPAIGN-CON-062,Synthetic BuildTogether Materials housing nurture 062,SEG-CON-HOUSING,FAMILY-INSULATION,2026-09-25,2026-11-01,1620,EUR
CAMPAIGN-CON-063,Synthetic BuildTogether Materials workplaces nurture 063,SEG-CON-WORKPLACES,FAMILY-PLASTERBOARD,2026-09-25,2026-11-01,1630,EUR
CAMPAIGN-CON-064,Synthetic BuildTogether Materials schools nurture 064,SEG-CON-SCHOOLS,FAMILY-PLASTERBOARD,2026-09-25,2026-11-01,1640,EUR
CAMPAIGN-CON-065,Synthetic BuildTogether Materials housing nurture 065,SEG-CON-HOUSING,FAMILY-PLASTERBOARD,2026-09-25,2026-11-01,1650,EUR
CAMPAIGN-CON-066,Synthetic BuildTogether Materials workplaces nurture 066,SEG-CON-WORKPLACES,FAMILY-WINDOWS,2026-09-25,2026-11-01,1660,EUR
CAMPAIGN-CON-067,Synthetic BuildTogether Materials schools nurture 067,SEG-CON-SCHOOLS,FAMILY-WINDOWS,2026-09-25,2026-11-01,1670,EUR
CAMPAIGN-CON-068,Synthetic BuildTogether Materials housing nurture 068,SEG-CON-HOUSING,FAMILY-WINDOWS,2026-09-25,2026-11-01,1680,EUR
CAMPAIGN-CON-069,Synthetic BuildTogether Materials workplaces nurture 069,SEG-CON-WORKPLACES,FAMILY-INSULATION,2026-09-25,2026-11-01,1690,EUR
CAMPAIGN-CON-070,Synthetic BuildTogether Materials schools nurture 070,SEG-CON-SCHOOLS,FAMILY-INSULATION,2026-09-25,2026-11-01,1700,EUR
CAMPAIGN-CON-071,Synthetic BuildTogether Materials housing nurture 071,SEG-CON-HOUSING,FAMILY-PLASTERBOARD,2026-09-25,2026-11-01,1710,EUR
CAMPAIGN-CON-072,Synthetic BuildTogether Materials workplaces nurture 072,SEG-CON-WORKPLACES,FAMILY-PLASTERBOARD,2026-09-25,2026-11-01,1720,EUR
CAMPAIGN-CON-073,Synthetic BuildTogether Materials schools nurture 073,SEG-CON-SCHOOLS,FAMILY-PLASTERBOARD,2026-09-25,2026-11-01,1730,EUR
CAMPAIGN-CON-074,Synthetic BuildTogether Materials housing nurture 074,SEG-CON-HOUSING,FAMILY-WINDOWS,2026-09-25,2026-11-01,1740,EUR
CAMPAIGN-CON-075,Synthetic BuildTogether Materials workplaces nurture 075,SEG-CON-WORKPLACES,FAMILY-WINDOWS,2026-09-25,2026-11-01,1750,EUR
CAMPAIGN-CON-076,Synthetic BuildTogether Materials schools nurture 076,SEG-CON-SCHOOLS,FAMILY-WINDOWS,2026-09-25,2026-11-01,1760,EUR
CAMPAIGN-CON-077,Synthetic BuildTogether Materials housing nurture 077,SEG-CON-HOUSING,FAMILY-INSULATION,2026-09-25,2026-11-01,1770,EUR
CAMPAIGN-CON-078,Synthetic BuildTogether Materials workplaces nurture 078,SEG-CON-WORKPLACES,FAMILY-INSULATION,2026-09-25,2026-11-01,1780,EUR
CAMPAIGN-CON-079,Synthetic BuildTogether Materials schools nurture 079,SEG-CON-SCHOOLS,FAMILY-PLASTERBOARD,2026-09-25,2026-11-01,1790,EUR
CAMPAIGN-CON-080,Synthetic BuildTogether Materials housing nurture 080,SEG-CON-HOUSING,FAMILY-PLASTERBOARD,2026-09-25,2026-11-01,1800,EUR
CAMPAIGN-CON-081,Synthetic BuildTogether Materials workplaces nurture 081,SEG-CON-WORKPLACES,FAMILY-PLASTERBOARD,2026-09-25,2026-11-01,1810,EUR
CAMPAIGN-CON-082,Synthetic BuildTogether Materials schools nurture 082,SEG-CON-SCHOOLS,FAMILY-WINDOWS,2026-09-25,2026-11-01,1820,EUR
CAMPAIGN-CON-083,Synthetic BuildTogether Materials housing nurture 083,SEG-CON-HOUSING,FAMILY-WINDOWS,2026-09-25,2026-11-01,1830,EUR
CAMPAIGN-CON-084,Synthetic BuildTogether Materials workplaces nurture 084,SEG-CON-WORKPLACES,FAMILY-WINDOWS,2026-09-25,2026-11-01,1840,EUR
CAMPAIGN-CON-085,Synthetic BuildTogether Materials schools nurture 085,SEG-CON-SCHOOLS,FAMILY-INSULATION,2026-09-25,2026-11-01,1850,EUR
CAMPAIGN-CON-086,Synthetic BuildTogether Materials housing nurture 086,SEG-CON-HOUSING,FAMILY-INSULATION,2026-09-25,2026-11-01,1860,EUR
CAMPAIGN-CON-087,Synthetic BuildTogether Materials workplaces nurture 087,SEG-CON-WORKPLACES,FAMILY-PLASTERBOARD,2026-09-25,2026-11-01,1870,EUR
CAMPAIGN-CON-088,Synthetic BuildTogether Materials schools nurture 088,SEG-CON-SCHOOLS,FAMILY-PLASTERBOARD,2026-09-25,2026-11-01,1880,EUR
CAMPAIGN-CON-089,Synthetic BuildTogether Materials housing nurture 089,SEG-CON-HOUSING,FAMILY-PLASTERBOARD,2026-09-25,2026-11-01,1890,EUR
CAMPAIGN-CON-090,Synthetic BuildTogether Materials workplaces nurture 090,SEG-CON-WORKPLACES,FAMILY-WINDOWS,2026-09-25,2026-11-01,1900,EUR
CAMPAIGN-CON-091,Synthetic BuildTogether Materials schools nurture 091,SEG-CON-SCHOOLS,FAMILY-WINDOWS,2026-09-25,2026-11-01,1910,EUR
CAMPAIGN-CON-092,Synthetic BuildTogether Materials housing nurture 092,SEG-CON-HOUSING,FAMILY-WINDOWS,2026-09-25,2026-11-01,1920,EUR
CAMPAIGN-CON-093,Synthetic BuildTogether Materials workplaces nurture 093,SEG-CON-WORKPLACES,FAMILY-INSULATION,2026-09-25,2026-11-01,1930,EUR
CAMPAIGN-CON-094,Synthetic BuildTogether Materials schools nurture 094,SEG-CON-SCHOOLS,FAMILY-INSULATION,2026-09-25,2026-11-01,1940,EUR
CAMPAIGN-CON-095,Synthetic BuildTogether Materials housing nurture 095,SEG-CON-HOUSING,FAMILY-PLASTERBOARD,2026-09-25,2026-11-01,1950,EUR
CAMPAIGN-CON-096,Synthetic BuildTogether Materials workplaces nurture 096,SEG-CON-WORKPLACES,FAMILY-PLASTERBOARD,2026-09-25,2026-11-01,1960,EUR
CAMPAIGN-CON-097,Synthetic BuildTogether Materials schools nurture 097,SEG-CON-SCHOOLS,FAMILY-PLASTERBOARD,2026-09-25,2026-11-01,1970,EUR
CAMPAIGN-CON-098,Synthetic BuildTogether Materials housing nurture 098,SEG-CON-HOUSING,FAMILY-WINDOWS,2026-09-25,2026-11-01,1980,EUR
CAMPAIGN-CON-099,Synthetic BuildTogether Materials workplaces nurture 099,SEG-CON-WORKPLACES,FAMILY-WINDOWS,2026-09-25,2026-11-01,1990,EUR
CAMPAIGN-CON-100,Synthetic BuildTogether Materials schools nurture 100,SEG-CON-SCHOOLS,FAMILY-WINDOWS,2026-09-25,2026-11-01,2000,EUR
