lead_id,campaign_id,account_id,profile_id,product_id,opportunity_id,lead_score,status
LEAD-CON-001,CAMPAIGN-CON-001,ACC-CON-001,PROFILE-CON-001,PROD-CON-01,OPPORTUNITY-CON-001,0.75,unconfirmed
LEAD-CON-002,CAMPAIGN-CON-002,ACC-CON-002,PROFILE-CON-002,PROD-CON-01,OPPORTUNITY-CON-002,0.75,unconfirmed
LEAD-CON-003,CAMPAIGN-CON-003,ACC-CON-003,PROFILE-CON-003,PROD-CON-01,OPPORTUNITY-CON-003,0.75,unconfirmed
LEAD-CON-004,CAMPAIGN-CON-004,ACC-CON-004,PROFILE-CON-004,PROD-CON-05,OPPORTUNITY-CON-004,0.75,unconfirmed
LEAD-CON-005,CAMPAIGN-CON-005,ACC-CON-005,PROFILE-CON-005,PROD-CON-05,OPPORTUNITY-CON-005,0.75,unconfirmed
LEAD-CON-006,CAMPAIGN-CON-006,ACC-CON-006,PROFILE-CON-006,PROD-CON-05,OPPORTUNITY-CON-006,0.75,unconfirmed
LEAD-CON-007,CAMPAIGN-CON-007,ACC-CON-007,PROFILE-CON-007,PROD-CON-09,OPPORTUNITY-CON-007,0.75,unconfirmed
LEAD-CON-008,CAMPAIGN-CON-008,ACC-CON-008,PROFILE-CON-008,PROD-CON-09,OPPORTUNITY-CON-008,0.75,unconfirmed
LEAD-CON-009,CAMPAIGN-CON-009,ACC-CON-009,PROFILE-CON-009,PROD-CON-09,OPPORTUNITY-CON-009,0.75,unconfirmed
LEAD-CON-010,CAMPAIGN-CON-010,ACC-CON-010,PROFILE-CON-010,PROD-CON-02,OPPORTUNITY-CON-010,0.75,unconfirmed
LEAD-CON-011,CAMPAIGN-CON-011,ACC-CON-011,PROFILE-CON-011,PROD-CON-02,OPPORTUNITY-CON-011,0.75,unconfirmed
LEAD-CON-012,CAMPAIGN-CON-012,ACC-CON-012,PROFILE-CON-012,PROD-CON-02,OPPORTUNITY-CON-012,0.75,unconfirmed
LEAD-CON-013,CAMPAIGN-CON-013,ACC-CON-013,PROFILE-CON-013,PROD-CON-03,OPPORTUNITY-CON-013,0.75,unconfirmed
LEAD-CON-014,CAMPAIGN-CON-014,ACC-CON-014,PROFILE-CON-014,PROD-CON-04,OPPORTUNITY-CON-014,0.75,unconfirmed
LEAD-CON-015,CAMPAIGN-CON-015,ACC-CON-015,PROFILE-CON-015,PROD-CON-06,OPPORTUNITY-CON-015,0.75,unconfirmed
LEAD-CON-016,CAMPAIGN-CON-016,ACC-CON-016,PROFILE-CON-016,PROD-CON-07,OPPORTUNITY-CON-016,0.75,unconfirmed
LEAD-CON-017,CAMPAIGN-CON-017,ACC-CON-017,PROFILE-CON-017,PROD-CON-08,OPPORTUNITY-CON-017,0.75,unconfirmed
LEAD-CON-018,CAMPAIGN-CON-018,ACC-CON-018,PROFILE-CON-018,PROD-CON-10,OPPORTUNITY-CON-018,0.75,unconfirmed
LEAD-CON-019,CAMPAIGN-CON-019,ACC-CON-019,PROFILE-CON-019,PROD-CON-11,OPPORTUNITY-CON-019,0.75,unconfirmed
LEAD-CON-020,CAMPAIGN-CON-020,ACC-CON-020,PROFILE-CON-020,PROD-CON-12,OPPORTUNITY-CON-020,0.75,unconfirmed
LEAD-CON-021,CAMPAIGN-CON-021,ACC-CON-021,PROFILE-CON-021,PROD-CON-03,OPPORTUNITY-CON-021,0.75,unconfirmed
LEAD-CON-022,CAMPAIGN-CON-022,ACC-CON-022,PROFILE-CON-022,PROD-CON-04,OPPORTUNITY-CON-022,0.75,unconfirmed
LEAD-CON-023,CAMPAIGN-CON-023,ACC-CON-023,PROFILE-CON-023,PROD-CON-06,OPPORTUNITY-CON-023,0.75,unconfirmed
LEAD-CON-024,CAMPAIGN-CON-024,ACC-CON-024,PROFILE-CON-024,PROD-CON-07,OPPORTUNITY-CON-024,0.75,unconfirmed
LEAD-CON-025,CAMPAIGN-CON-025,ACC-CON-025,PROFILE-CON-025,PROD-CON-08,OPPORTUNITY-CON-025,0.75,unconfirmed
LEAD-CON-026,CAMPAIGN-CON-026,ACC-CON-026,PROFILE-CON-026,PROD-CON-10,OPPORTUNITY-CON-026,0.75,unconfirmed
LEAD-CON-027,CAMPAIGN-CON-027,ACC-CON-027,PROFILE-CON-027,PROD-CON-11,OPPORTUNITY-CON-027,0.75,unconfirmed
LEAD-CON-028,CAMPAIGN-CON-028,ACC-CON-028,PROFILE-CON-028,PROD-CON-12,OPPORTUNITY-CON-028,0.75,unconfirmed
LEAD-CON-029,CAMPAIGN-CON-029,ACC-CON-029,PROFILE-CON-029,PROD-CON-03,OPPORTUNITY-CON-029,0.75,unconfirmed
LEAD-CON-030,CAMPAIGN-CON-030,ACC-CON-030,PROFILE-CON-030,PROD-CON-04,OPPORTUNITY-CON-030,0.75,unconfirmed
LEAD-CON-031,CAMPAIGN-CON-031,ACC-CON-031,PROFILE-CON-031,PROD-CON-06,OPPORTUNITY-CON-031,0.75,unconfirmed
LEAD-CON-032,CAMPAIGN-CON-032,ACC-CON-032,PROFILE-CON-032,PROD-CON-07,OPPORTUNITY-CON-032,0.75,unconfirmed
LEAD-CON-033,CAMPAIGN-CON-033,ACC-CON-033,PROFILE-CON-033,PROD-CON-08,OPPORTUNITY-CON-033,0.75,unconfirmed
LEAD-CON-034,CAMPAIGN-CON-034,ACC-CON-034,PROFILE-CON-034,PROD-CON-10,OPPORTUNITY-CON-034,0.75,unconfirmed
LEAD-CON-035,CAMPAIGN-CON-035,ACC-CON-035,PROFILE-CON-035,PROD-CON-11,OPPORTUNITY-CON-035,0.75,unconfirmed
LEAD-CON-036,CAMPAIGN-CON-036,ACC-CON-036,PROFILE-CON-036,PROD-CON-12,OPPORTUNITY-CON-036,0.75,unconfirmed
LEAD-CON-037,CAMPAIGN-CON-037,ACC-CON-037,PROFILE-CON-037,PROD-CON-03,OPPORTUNITY-CON-037,0.75,unconfirmed
LEAD-CON-038,CAMPAIGN-CON-038,ACC-CON-038,PROFILE-CON-038,PROD-CON-04,OPPORTUNITY-CON-038,0.75,unconfirmed
LEAD-CON-039,CAMPAIGN-CON-039,ACC-CON-039,PROFILE-CON-039,PROD-CON-06,OPPORTUNITY-CON-039,0.75,unconfirmed
LEAD-CON-040,CAMPAIGN-CON-040,ACC-CON-040,PROFILE-CON-040,PROD-CON-07,OPPORTUNITY-CON-040,0.75,unconfirmed
LEAD-CON-041,CAMPAIGN-CON-041,ACC-CON-041,PROFILE-CON-041,PROD-CON-08,OPPORTUNITY-CON-041,0.75,unconfirmed
LEAD-CON-042,CAMPAIGN-CON-042,ACC-CON-042,PROFILE-CON-042,PROD-CON-10,OPPORTUNITY-CON-042,0.75,unconfirmed
LEAD-CON-043,CAMPAIGN-CON-043,ACC-CON-043,PROFILE-CON-043,PROD-CON-11,OPPORTUNITY-CON-043,0.75,unconfirmed
LEAD-CON-044,CAMPAIGN-CON-044,ACC-CON-044,PROFILE-CON-044,PROD-CON-12,OPPORTUNITY-CON-044,0.75,unconfirmed
LEAD-CON-045,CAMPAIGN-CON-045,ACC-CON-045,PROFILE-CON-045,PROD-CON-03,OPPORTUNITY-CON-045,0.75,unconfirmed
LEAD-CON-046,CAMPAIGN-CON-046,ACC-CON-046,PROFILE-CON-046,PROD-CON-04,OPPORTUNITY-CON-046,0.75,unconfirmed
LEAD-CON-047,CAMPAIGN-CON-047,ACC-CON-047,PROFILE-CON-047,PROD-CON-06,OPPORTUNITY-CON-047,0.75,unconfirmed
LEAD-CON-048,CAMPAIGN-CON-048,ACC-CON-048,PROFILE-CON-048,PROD-CON-07,OPPORTUNITY-CON-048,0.75,unconfirmed
LEAD-CON-049,CAMPAIGN-CON-049,ACC-CON-049,PROFILE-CON-049,PROD-CON-08,OPPORTUNITY-CON-049,0.75,unconfirmed
LEAD-CON-050,CAMPAIGN-CON-050,ACC-CON-050,PROFILE-CON-050,PROD-CON-10,OPPORTUNITY-CON-050,0.75,unconfirmed
LEAD-CON-051,CAMPAIGN-CON-051,ACC-CON-051,PROFILE-CON-051,PROD-CON-11,OPPORTUNITY-CON-051,0.75,unconfirmed
LEAD-CON-052,CAMPAIGN-CON-052,ACC-CON-052,PROFILE-CON-052,PROD-CON-12,OPPORTUNITY-CON-052,0.75,unconfirmed
LEAD-CON-053,CAMPAIGN-CON-053,ACC-CON-053,PROFILE-CON-053,PROD-CON-03,OPPORTUNITY-CON-053,0.75,unconfirmed
LEAD-CON-054,CAMPAIGN-CON-054,ACC-CON-054,PROFILE-CON-054,PROD-CON-04,OPPORTUNITY-CON-054,0.75,unconfirmed
LEAD-CON-055,CAMPAIGN-CON-055,ACC-CON-055,PROFILE-CON-055,PROD-CON-06,OPPORTUNITY-CON-055,0.75,unconfirmed
LEAD-CON-056,CAMPAIGN-CON-056,ACC-CON-056,PROFILE-CON-056,PROD-CON-07,OPPORTUNITY-CON-056,0.75,unconfirmed
LEAD-CON-057,CAMPAIGN-CON-057,ACC-CON-057,PROFILE-CON-057,PROD-CON-08,OPPORTUNITY-CON-057,0.75,unconfirmed
LEAD-CON-058,CAMPAIGN-CON-058,ACC-CON-058,PROFILE-CON-058,PROD-CON-10,OPPORTUNITY-CON-058,0.75,unconfirmed
LEAD-CON-059,CAMPAIGN-CON-059,ACC-CON-059,PROFILE-CON-059,PROD-CON-11,OPPORTUNITY-CON-059,0.75,unconfirmed
LEAD-CON-060,CAMPAIGN-CON-060,ACC-CON-060,PROFILE-CON-060,PROD-CON-12,OPPORTUNITY-CON-060,0.75,unconfirmed
LEAD-CON-061,CAMPAIGN-CON-061,ACC-CON-061,PROFILE-CON-061,PROD-CON-03,OPPORTUNITY-CON-061,0.75,unconfirmed
LEAD-CON-062,CAMPAIGN-CON-062,ACC-CON-062,PROFILE-CON-062,PROD-CON-04,OPPORTUNITY-CON-062,0.75,unconfirmed
LEAD-CON-063,CAMPAIGN-CON-063,ACC-CON-063,PROFILE-CON-063,PROD-CON-06,OPPORTUNITY-CON-063,0.75,unconfirmed
LEAD-CON-064,CAMPAIGN-CON-064,ACC-CON-064,PROFILE-CON-064,PROD-CON-07,OPPORTUNITY-CON-064,0.75,unconfirmed
LEAD-CON-065,CAMPAIGN-CON-065,ACC-CON-065,PROFILE-CON-065,PROD-CON-08,OPPORTUNITY-CON-065,0.75,unconfirmed
LEAD-CON-066,CAMPAIGN-CON-066,ACC-CON-066,PROFILE-CON-066,PROD-CON-10,OPPORTUNITY-CON-066,0.75,unconfirmed
LEAD-CON-067,CAMPAIGN-CON-067,ACC-CON-067,PROFILE-CON-067,PROD-CON-11,OPPORTUNITY-CON-067,0.75,unconfirmed
LEAD-CON-068,CAMPAIGN-CON-068,ACC-CON-068,PROFILE-CON-068,PROD-CON-12,OPPORTUNITY-CON-068,0.75,unconfirmed
LEAD-CON-069,CAMPAIGN-CON-069,ACC-CON-069,PROFILE-CON-069,PROD-CON-03,OPPORTUNITY-CON-069,0.75,unconfirmed
LEAD-CON-070,CAMPAIGN-CON-070,ACC-CON-070,PROFILE-CON-070,PROD-CON-04,OPPORTUNITY-CON-070,0.75,unconfirmed
LEAD-CON-071,CAMPAIGN-CON-071,ACC-CON-071,PROFILE-CON-071,PROD-CON-06,OPPORTUNITY-CON-071,0.75,unconfirmed
LEAD-CON-072,CAMPAIGN-CON-072,ACC-CON-072,PROFILE-CON-072,PROD-CON-07,OPPORTUNITY-CON-072,0.75,unconfirmed
LEAD-CON-073,CAMPAIGN-CON-073,ACC-CON-073,PROFILE-CON-073,PROD-CON-08,OPPORTUNITY-CON-073,0.75,unconfirmed
LEAD-CON-074,CAMPAIGN-CON-074,ACC-CON-074,PROFILE-CON-074,PROD-CON-10,OPPORTUNITY-CON-074,0.75,unconfirmed
LEAD-CON-075,CAMPAIGN-CON-075,ACC-CON-075,PROFILE-CON-075,PROD-CON-11,OPPORTUNITY-CON-075,0.75,unconfirmed
LEAD-CON-076,CAMPAIGN-CON-076,ACC-CON-076,PROFILE-CON-076,PROD-CON-12,OPPORTUNITY-CON-076,0.75,unconfirmed
LEAD-CON-077,CAMPAIGN-CON-077,ACC-CON-077,PROFILE-CON-077,PROD-CON-03,OPPORTUNITY-CON-077,0.75,unconfirmed
LEAD-CON-078,CAMPAIGN-CON-078,ACC-CON-078,PROFILE-CON-078,PROD-CON-04,OPPORTUNITY-CON-078,0.75,unconfirmed
LEAD-CON-079,CAMPAIGN-CON-079,ACC-CON-079,PROFILE-CON-079,PROD-CON-06,OPPORTUNITY-CON-079,0.75,unconfirmed
LEAD-CON-080,CAMPAIGN-CON-080,ACC-CON-080,PROFILE-CON-080,PROD-CON-07,OPPORTUNITY-CON-080,0.75,unconfirmed
LEAD-CON-081,CAMPAIGN-CON-081,ACC-CON-081,PROFILE-CON-081,PROD-CON-08,OPPORTUNITY-CON-081,0.75,unconfirmed
LEAD-CON-082,CAMPAIGN-CON-082,ACC-CON-082,PROFILE-CON-082,PROD-CON-10,OPPORTUNITY-CON-082,0.75,unconfirmed
LEAD-CON-083,CAMPAIGN-CON-083,ACC-CON-083,PROFILE-CON-083,PROD-CON-11,OPPORTUNITY-CON-083,0.75,unconfirmed
LEAD-CON-084,CAMPAIGN-CON-084,ACC-CON-084,PROFILE-CON-084,PROD-CON-12,OPPORTUNITY-CON-084,0.75,unconfirmed
LEAD-CON-085,CAMPAIGN-CON-085,ACC-CON-085,PROFILE-CON-085,PROD-CON-03,OPPORTUNITY-CON-085,0.75,unconfirmed
LEAD-CON-086,CAMPAIGN-CON-086,ACC-CON-086,PROFILE-CON-086,PROD-CON-04,OPPORTUNITY-CON-086,0.75,unconfirmed
LEAD-CON-087,CAMPAIGN-CON-087,ACC-CON-087,PROFILE-CON-087,PROD-CON-06,OPPORTUNITY-CON-087,0.75,unconfirmed
LEAD-CON-088,CAMPAIGN-CON-088,ACC-CON-088,PROFILE-CON-088,PROD-CON-07,OPPORTUNITY-CON-088,0.75,unconfirmed
LEAD-CON-089,CAMPAIGN-CON-089,ACC-CON-089,PROFILE-CON-089,PROD-CON-08,OPPORTUNITY-CON-089,0.75,unconfirmed
LEAD-CON-090,CAMPAIGN-CON-090,ACC-CON-090,PROFILE-CON-090,PROD-CON-10,OPPORTUNITY-CON-090,0.75,unconfirmed
LEAD-CON-091,CAMPAIGN-CON-091,ACC-CON-091,PROFILE-CON-091,PROD-CON-11,OPPORTUNITY-CON-091,0.75,unconfirmed
LEAD-CON-092,CAMPAIGN-CON-092,ACC-CON-092,PROFILE-CON-092,PROD-CON-12,OPPORTUNITY-CON-092,0.75,unconfirmed
LEAD-CON-093,CAMPAIGN-CON-093,ACC-CON-093,PROFILE-CON-093,PROD-CON-03,OPPORTUNITY-CON-093,0.75,unconfirmed
LEAD-CON-094,CAMPAIGN-CON-094,ACC-CON-094,PROFILE-CON-094,PROD-CON-04,OPPORTUNITY-CON-094,0.75,unconfirmed
LEAD-CON-095,CAMPAIGN-CON-095,ACC-CON-095,PROFILE-CON-095,PROD-CON-06,OPPORTUNITY-CON-095,0.75,unconfirmed
LEAD-CON-096,CAMPAIGN-CON-096,ACC-CON-096,PROFILE-CON-096,PROD-CON-07,OPPORTUNITY-CON-096,0.75,unconfirmed
LEAD-CON-097,CAMPAIGN-CON-097,ACC-CON-097,PROFILE-CON-097,PROD-CON-08,OPPORTUNITY-CON-097,0.75,unconfirmed
LEAD-CON-098,CAMPAIGN-CON-098,ACC-CON-098,PROFILE-CON-098,PROD-CON-10,OPPORTUNITY-CON-098,0.75,unconfirmed
LEAD-CON-099,CAMPAIGN-CON-099,ACC-CON-099,PROFILE-CON-099,PROD-CON-11,OPPORTUNITY-CON-099,0.75,unconfirmed
LEAD-CON-100,CAMPAIGN-CON-100,ACC-CON-100,PROFILE-CON-100,PROD-CON-12,OPPORTUNITY-CON-100,0.75,unconfirmed
