account_id,account_name,region,segment_id,strategic_tier,priority_score
ACC-CON-001,Synthetic Alder School Builders,Synthetic North,SEG-CON-SCHOOLS,standard,0.41
ACC-CON-002,Synthetic Birch Apartment Contractors,Synthetic South,SEG-CON-HOUSING,strategic,0.42
ACC-CON-003,Synthetic Cedar Office Refurbishers,Synthetic North,SEG-CON-WORKPLACES,standard,0.43
ACC-CON-004,Synthetic Dune Civic Builders,Synthetic South,SEG-CON-SCHOOLS,standard,0.44
ACC-CON-005,Synthetic Elm Housing Contractors,Synthetic North,SEG-CON-HOUSING,strategic,0.45
ACC-CON-006,Synthetic Fern Workplace Builders,Synthetic South,SEG-CON-WORKPLACES,standard,0.46
ACC-CON-007,Synthetic Grove School Contractors,Synthetic North,SEG-CON-SCHOOLS,standard,0.47
ACC-CON-008,Synthetic Harbor Residential Builders,Synthetic South,SEG-CON-HOUSING,strategic,0.48
ACC-CON-009,Synthetic Iris Office Contractors,Synthetic North,SEG-CON-WORKPLACES,standard,0.49
ACC-CON-010,Synthetic Juniper Learning Builders,Synthetic South,SEG-CON-SCHOOLS,standard,0.5
ACC-CON-011,Synthetic Kite Apartment Contractors,Synthetic North,SEG-CON-HOUSING,strategic,0.51
ACC-CON-012,Synthetic Linden Office Builders,Synthetic South,SEG-CON-WORKPLACES,standard,0.52
ACC-CON-013,Synthetic Construction Partner 013,Synthetic North,SEG-CON-SCHOOLS,standard,0.53
ACC-CON-014,Synthetic Construction Partner 014,Synthetic South,SEG-CON-HOUSING,strategic,0.54
ACC-CON-015,Synthetic Construction Partner 015,Synthetic North,SEG-CON-WORKPLACES,standard,0.55
ACC-CON-016,Synthetic Construction Partner 016,Synthetic South,SEG-CON-SCHOOLS,standard,0.56
ACC-CON-017,Synthetic Construction Partner 017,Synthetic North,SEG-CON-HOUSING,strategic,0.57
ACC-CON-018,Synthetic Construction Partner 018,Synthetic South,SEG-CON-WORKPLACES,standard,0.58
ACC-CON-019,Synthetic Construction Partner 019,Synthetic North,SEG-CON-SCHOOLS,standard,0.59
ACC-CON-020,Synthetic Construction Partner 020,Synthetic South,SEG-CON-HOUSING,strategic,0.6
ACC-CON-021,Synthetic Construction Partner 021,Synthetic North,SEG-CON-WORKPLACES,standard,0.61
ACC-CON-022,Synthetic Construction Partner 022,Synthetic South,SEG-CON-SCHOOLS,standard,0.62
ACC-CON-023,Synthetic Construction Partner 023,Synthetic North,SEG-CON-HOUSING,strategic,0.63
ACC-CON-024,Synthetic Construction Partner 024,Synthetic South,SEG-CON-WORKPLACES,standard,0.64
ACC-CON-025,Synthetic Construction Partner 025,Synthetic North,SEG-CON-SCHOOLS,standard,0.65
ACC-CON-026,Synthetic Construction Partner 026,Synthetic South,SEG-CON-HOUSING,strategic,0.66
ACC-CON-027,Synthetic Construction Partner 027,Synthetic North,SEG-CON-WORKPLACES,standard,0.67
ACC-CON-028,Synthetic Construction Partner 028,Synthetic South,SEG-CON-SCHOOLS,standard,0.68
ACC-CON-029,Synthetic Construction Partner 029,Synthetic North,SEG-CON-HOUSING,strategic,0.69
ACC-CON-030,Synthetic Construction Partner 030,Synthetic South,SEG-CON-WORKPLACES,standard,0.7
ACC-CON-031,Synthetic Construction Partner 031,Synthetic North,SEG-CON-SCHOOLS,standard,0.71
ACC-CON-032,Synthetic Construction Partner 032,Synthetic South,SEG-CON-HOUSING,strategic,0.72
ACC-CON-033,Synthetic Construction Partner 033,Synthetic North,SEG-CON-WORKPLACES,standard,0.73
ACC-CON-034,Synthetic Construction Partner 034,Synthetic South,SEG-CON-SCHOOLS,standard,0.74
ACC-CON-035,Synthetic Construction Partner 035,Synthetic North,SEG-CON-HOUSING,strategic,0.75
ACC-CON-036,Synthetic Construction Partner 036,Synthetic South,SEG-CON-WORKPLACES,standard,0.76
ACC-CON-037,Synthetic Construction Partner 037,Synthetic North,SEG-CON-SCHOOLS,standard,0.77
ACC-CON-038,Synthetic Construction Partner 038,Synthetic South,SEG-CON-HOUSING,strategic,0.78
ACC-CON-039,Synthetic Construction Partner 039,Synthetic North,SEG-CON-WORKPLACES,standard,0.79
ACC-CON-040,Synthetic Construction Partner 040,Synthetic South,SEG-CON-SCHOOLS,standard,0.8
ACC-CON-041,Synthetic Construction Partner 041,Synthetic North,SEG-CON-HOUSING,strategic,0.81
ACC-CON-042,Synthetic Construction Partner 042,Synthetic South,SEG-CON-WORKPLACES,standard,0.82
ACC-CON-043,Synthetic Construction Partner 043,Synthetic North,SEG-CON-SCHOOLS,standard,0.83
ACC-CON-044,Synthetic Construction Partner 044,Synthetic South,SEG-CON-HOUSING,strategic,0.84
ACC-CON-045,Synthetic Construction Partner 045,Synthetic North,SEG-CON-WORKPLACES,standard,0.85
ACC-CON-046,Synthetic Construction Partner 046,Synthetic South,SEG-CON-SCHOOLS,standard,0.86
ACC-CON-047,Synthetic Construction Partner 047,Synthetic North,SEG-CON-HOUSING,strategic,0.87
ACC-CON-048,Synthetic Construction Partner 048,Synthetic South,SEG-CON-WORKPLACES,standard,0.88
ACC-CON-049,Synthetic Construction Partner 049,Synthetic North,SEG-CON-SCHOOLS,standard,0.89
ACC-CON-050,Synthetic Construction Partner 050,Synthetic South,SEG-CON-HOUSING,strategic,0.4
ACC-CON-051,Synthetic Construction Partner 051,Synthetic North,SEG-CON-WORKPLACES,standard,0.41
ACC-CON-052,Synthetic Construction Partner 052,Synthetic South,SEG-CON-SCHOOLS,standard,0.42
ACC-CON-053,Synthetic Construction Partner 053,Synthetic North,SEG-CON-HOUSING,strategic,0.43
ACC-CON-054,Synthetic Construction Partner 054,Synthetic South,SEG-CON-WORKPLACES,standard,0.44
ACC-CON-055,Synthetic Construction Partner 055,Synthetic North,SEG-CON-SCHOOLS,standard,0.45
ACC-CON-056,Synthetic Construction Partner 056,Synthetic South,SEG-CON-HOUSING,strategic,0.46
ACC-CON-057,Synthetic Construction Partner 057,Synthetic North,SEG-CON-WORKPLACES,standard,0.47
ACC-CON-058,Synthetic Construction Partner 058,Synthetic South,SEG-CON-SCHOOLS,standard,0.48
ACC-CON-059,Synthetic Construction Partner 059,Synthetic North,SEG-CON-HOUSING,strategic,0.49
ACC-CON-060,Synthetic Construction Partner 060,Synthetic South,SEG-CON-WORKPLACES,standard,0.5
ACC-CON-061,Synthetic Construction Partner 061,Synthetic North,SEG-CON-SCHOOLS,standard,0.51
ACC-CON-062,Synthetic Construction Partner 062,Synthetic South,SEG-CON-HOUSING,strategic,0.52
ACC-CON-063,Synthetic Construction Partner 063,Synthetic North,SEG-CON-WORKPLACES,standard,0.53
ACC-CON-064,Synthetic Construction Partner 064,Synthetic South,SEG-CON-SCHOOLS,standard,0.54
ACC-CON-065,Synthetic Construction Partner 065,Synthetic North,SEG-CON-HOUSING,strategic,0.55
ACC-CON-066,Synthetic Construction Partner 066,Synthetic South,SEG-CON-WORKPLACES,standard,0.56
ACC-CON-067,Synthetic Construction Partner 067,Synthetic North,SEG-CON-SCHOOLS,standard,0.57
ACC-CON-068,Synthetic Construction Partner 068,Synthetic South,SEG-CON-HOUSING,strategic,0.58
ACC-CON-069,Synthetic Construction Partner 069,Synthetic North,SEG-CON-WORKPLACES,standard,0.59
ACC-CON-070,Synthetic Construction Partner 070,Synthetic South,SEG-CON-SCHOOLS,standard,0.6
ACC-CON-071,Synthetic Construction Partner 071,Synthetic North,SEG-CON-HOUSING,strategic,0.61
ACC-CON-072,Synthetic Construction Partner 072,Synthetic South,SEG-CON-WORKPLACES,standard,0.62
ACC-CON-073,Synthetic Construction Partner 073,Synthetic North,SEG-CON-SCHOOLS,standard,0.63
ACC-CON-074,Synthetic Construction Partner 074,Synthetic South,SEG-CON-HOUSING,strategic,0.64
ACC-CON-075,Synthetic Construction Partner 075,Synthetic North,SEG-CON-WORKPLACES,standard,0.65
ACC-CON-076,Synthetic Construction Partner 076,Synthetic South,SEG-CON-SCHOOLS,standard,0.66
ACC-CON-077,Synthetic Construction Partner 077,Synthetic North,SEG-CON-HOUSING,strategic,0.67
ACC-CON-078,Synthetic Construction Partner 078,Synthetic South,SEG-CON-WORKPLACES,standard,0.68
ACC-CON-079,Synthetic Construction Partner 079,Synthetic North,SEG-CON-SCHOOLS,standard,0.69
ACC-CON-080,Synthetic Construction Partner 080,Synthetic South,SEG-CON-HOUSING,strategic,0.7
ACC-CON-081,Synthetic Construction Partner 081,Synthetic North,SEG-CON-WORKPLACES,standard,0.71
ACC-CON-082,Synthetic Construction Partner 082,Synthetic South,SEG-CON-SCHOOLS,standard,0.72
ACC-CON-083,Synthetic Construction Partner 083,Synthetic North,SEG-CON-HOUSING,strategic,0.73
ACC-CON-084,Synthetic Construction Partner 084,Synthetic South,SEG-CON-WORKPLACES,standard,0.74
ACC-CON-085,Synthetic Construction Partner 085,Synthetic North,SEG-CON-SCHOOLS,standard,0.75
ACC-CON-086,Synthetic Construction Partner 086,Synthetic South,SEG-CON-HOUSING,strategic,0.76
ACC-CON-087,Synthetic Construction Partner 087,Synthetic North,SEG-CON-WORKPLACES,standard,0.77
ACC-CON-088,Synthetic Construction Partner 088,Synthetic South,SEG-CON-SCHOOLS,standard,0.78
ACC-CON-089,Synthetic Construction Partner 089,Synthetic North,SEG-CON-HOUSING,strategic,0.79
ACC-CON-090,Synthetic Construction Partner 090,Synthetic South,SEG-CON-WORKPLACES,standard,0.8
ACC-CON-091,Synthetic Construction Partner 091,Synthetic North,SEG-CON-SCHOOLS,standard,0.81
ACC-CON-092,Synthetic Construction Partner 092,Synthetic South,SEG-CON-HOUSING,strategic,0.82
ACC-CON-093,Synthetic Construction Partner 093,Synthetic North,SEG-CON-WORKPLACES,standard,0.83
ACC-CON-094,Synthetic Construction Partner 094,Synthetic South,SEG-CON-SCHOOLS,standard,0.84
ACC-CON-095,Synthetic Construction Partner 095,Synthetic North,SEG-CON-HOUSING,strategic,0.85
ACC-CON-096,Synthetic Construction Partner 096,Synthetic South,SEG-CON-WORKPLACES,standard,0.86
ACC-CON-097,Synthetic Construction Partner 097,Synthetic North,SEG-CON-SCHOOLS,standard,0.87
ACC-CON-098,Synthetic Construction Partner 098,Synthetic South,SEG-CON-HOUSING,strategic,0.88
ACC-CON-099,Synthetic Construction Partner 099,Synthetic North,SEG-CON-WORKPLACES,standard,0.89
ACC-CON-100,Synthetic Construction Partner 100,Synthetic South,SEG-CON-SCHOOLS,standard,0.4
