contact_id,account_id,profile_id,email_hash,contact_role,is_primary
CONTACT-CON-001,ACC-CON-001,PROFILE-CON-001,ec7d5a6f0d00c3fb1dc21667104fcbcb2ef695d6ca410754e12a41522bbdfb0d,synthetic_project_buyer,true
CONTACT-CON-002,ACC-CON-002,PROFILE-CON-002,034b3861898824f04375ad547c27fe1b4d6c4a04d35c4246aa2dd702f3aee5c1,synthetic_project_buyer,true
CONTACT-CON-003,ACC-CON-003,PROFILE-CON-003,2ddcec3f9aac77a07372401f971187ebcc9ef688e68009f9d12c65cdfebd466f,synthetic_project_buyer,true
CONTACT-CON-004,ACC-CON-004,PROFILE-CON-004,32cf6b01f7effcae03db0fabc97a1dc270b6e154efbdc5202a9f2916e25abe1c,synthetic_project_buyer,true
CONTACT-CON-005,ACC-CON-005,PROFILE-CON-005,830c5e780e86428e8256b59311f7fdbdc9049a19872c74739a9159535f78b04c,synthetic_project_buyer,true
CONTACT-CON-006,ACC-CON-006,PROFILE-CON-006,3bffc46ef0ac1d0275acae2eddc9b04ba35d3e89dad47395e8363fed95aaee63,synthetic_project_buyer,true
CONTACT-CON-007,ACC-CON-007,PROFILE-CON-007,36b738a621b680e9fbf5d0e2713ffec2eee7906ca0a752f11c0f982047b00294,synthetic_project_buyer,true
CONTACT-CON-008,ACC-CON-008,PROFILE-CON-008,c57c0ebd2e10b6e11534c4ea501346c9a025384856b509ea70d350adef003649,synthetic_project_buyer,true
CONTACT-CON-009,ACC-CON-009,PROFILE-CON-009,cb3bbf915a4634eb08d0dbf7c21c278e4369fc08afaf71cdfaf179addfcafe03,synthetic_project_buyer,true
CONTACT-CON-010,ACC-CON-010,PROFILE-CON-010,5cc1ebcfd2cc09efb6038adb3a1025afdab823a11982a8d7d530398707b9b5f2,synthetic_project_buyer,true
CONTACT-CON-011,ACC-CON-011,PROFILE-CON-011,a6248ab0f72a82265a5b68b0441aa8d7fbc69c3e47e16d0b836bd8bba245fa16,synthetic_project_buyer,true
CONTACT-CON-012,ACC-CON-012,PROFILE-CON-012,32ded71e8fe8ccde2a47898474ee0f8767dda655b6b77145879a752cff06abfc,synthetic_project_buyer,true
CONTACT-CON-013,ACC-CON-013,PROFILE-CON-013,a1ee123186c40d63b487b3b64bdf680b4538cf9f3f74ef90cf991e4e42c98a1f,synthetic_project_buyer,true
CONTACT-CON-014,ACC-CON-014,PROFILE-CON-014,84117e6f5132e48eeeb9cfb1138b0c80a30dd9621e6ad8a7e0c48ffd5f09544e,synthetic_project_buyer,true
CONTACT-CON-015,ACC-CON-015,PROFILE-CON-015,0e37172404942aca60cf279ad3d4cd1d556225b7750f41d3a70d36ddba6d2a05,synthetic_project_buyer,true
CONTACT-CON-016,ACC-CON-016,PROFILE-CON-016,1c786a79752584e8e2b5b7d477e16cbe29f1f578df15a37caea7d27e534b69b1,synthetic_project_buyer,true
CONTACT-CON-017,ACC-CON-017,PROFILE-CON-017,efa0175b12f0f44089bfb23e76e6849391968aaf7f4dccf21426aa51b44032e6,synthetic_project_buyer,true
CONTACT-CON-018,ACC-CON-018,PROFILE-CON-018,8ea24d35e5e85932af648441d4ac06c53e42a56864cf1a07031e3900ec167a1f,synthetic_project_buyer,true
CONTACT-CON-019,ACC-CON-019,PROFILE-CON-019,8c826fe77ac315d10aad6a8609d7009d96c93e4e031deb706edc9c5afff872f2,synthetic_project_buyer,true
CONTACT-CON-020,ACC-CON-020,PROFILE-CON-020,27d35852e739e7d10f4e801149df3c34d339488b6e9402cdfe2b19b4bcb8e2e9,synthetic_project_buyer,true
CONTACT-CON-021,ACC-CON-021,PROFILE-CON-021,9a712955d04fc9abb72ad1b6b8dce27327262b2c8e0ebc09a3b04814406600ae,synthetic_project_buyer,true
CONTACT-CON-022,ACC-CON-022,PROFILE-CON-022,1e87e6a0f7d6217ab6d5ac970ef3e9ea88ac05ccae4b107b4c2fe9e1a6ff1e0f,synthetic_project_buyer,true
CONTACT-CON-023,ACC-CON-023,PROFILE-CON-023,aebd658e3cfd70bbd8ec7621482c02e197b9f07584ff5250f98160749e07fdb6,synthetic_project_buyer,true
CONTACT-CON-024,ACC-CON-024,PROFILE-CON-024,1109cd3c54ed1d1fa542ca3fe6f7a0e138287c7355423cc61e3de4f5fc8f2e8f,synthetic_project_buyer,true
CONTACT-CON-025,ACC-CON-025,PROFILE-CON-025,1bba95b67c529cc9efab725834a168394317a35d227ee8e2b0ddd3198e6bed96,synthetic_project_buyer,true
CONTACT-CON-026,ACC-CON-026,PROFILE-CON-026,7add79b91329bea02ad6e0453387363c8a10804ae4479c5ab1a44b5a8126ae57,synthetic_project_buyer,true
CONTACT-CON-027,ACC-CON-027,PROFILE-CON-027,73745f19104ab1493f19ac3139de1395130cc5e64072fc4be95969d9a808f228,synthetic_project_buyer,true
CONTACT-CON-028,ACC-CON-028,PROFILE-CON-028,29f744ad78a27ad57acb62b8bdd54e04f5afe9b51638b172b4eac79f6d8bb315,synthetic_project_buyer,true
CONTACT-CON-029,ACC-CON-029,PROFILE-CON-029,322ee104ccc687d607a059f62df8e4c391012eb91e139c2d4268e1198b2d5920,synthetic_project_buyer,true
CONTACT-CON-030,ACC-CON-030,PROFILE-CON-030,f307f0d4c59c25d117bb4abff78d39b63461c6b1d78aad49968259ab05e0f298,synthetic_project_buyer,true
CONTACT-CON-031,ACC-CON-031,PROFILE-CON-031,1016fe108c1537ca881ac7a7cdae414351bddc5f0b8baa6757ee1243c2851ada,synthetic_project_buyer,true
CONTACT-CON-032,ACC-CON-032,PROFILE-CON-032,35c762b3d36f231a9e09780ce1d8f9165d660d1c9a69759471d129d71651b37b,synthetic_project_buyer,true
CONTACT-CON-033,ACC-CON-033,PROFILE-CON-033,5cc371868f490c85dfd6b1d39b58efac8488e8791bfa74ea9342477cc356b339,synthetic_project_buyer,true
CONTACT-CON-034,ACC-CON-034,PROFILE-CON-034,215a44d7c5155db8fc7c946ea2b4fd59cbc8e9a327f3d24ed515315a807f8fed,synthetic_project_buyer,true
CONTACT-CON-035,ACC-CON-035,PROFILE-CON-035,70bf8e3b7e01a9027e2f45eb37a1959d66faa1a4043b05d4b5c43f4491aba9bc,synthetic_project_buyer,true
CONTACT-CON-036,ACC-CON-036,PROFILE-CON-036,81014b9857040aa92c92095b56174473d59b210bff240f5311ffd5bd450700f9,synthetic_project_buyer,true
CONTACT-CON-037,ACC-CON-037,PROFILE-CON-037,6cbf2ccf2881f52334b55f05acda7dbe164fafe06e74fd1b13bd6491f0457a9e,synthetic_project_buyer,true
CONTACT-CON-038,ACC-CON-038,PROFILE-CON-038,06ab7f72a393ac3730b5b52e87a75f725d068ad7e44931be783b396ce9df5337,synthetic_project_buyer,true
CONTACT-CON-039,ACC-CON-039,PROFILE-CON-039,d3dccf6097f58061ae9b892ddd61635c35f67cb04daddc9a5ace91596b02ed9b,synthetic_project_buyer,true
CONTACT-CON-040,ACC-CON-040,PROFILE-CON-040,60df03ac4983f5fbc3584246a059ef7fc00df04fb6d6a6980adabd90d0a20d3e,synthetic_project_buyer,true
CONTACT-CON-041,ACC-CON-041,PROFILE-CON-041,062f0c9f768bbe0a591eb0f1fdc0d84e59df2b5dbdd03511d777dbcf67a56f27,synthetic_project_buyer,true
CONTACT-CON-042,ACC-CON-042,PROFILE-CON-042,52df61e36bdf098da8a14d7ca76294847d283527781e2961d800766ce69ebf27,synthetic_project_buyer,true
CONTACT-CON-043,ACC-CON-043,PROFILE-CON-043,ca7725370c5ee70344fddaa726073a54aab12eba63f0229fe67633fd1169de3e,synthetic_project_buyer,true
CONTACT-CON-044,ACC-CON-044,PROFILE-CON-044,424915663e1b63dd723c952a8e3089a9d23472c68ce95028e9f557c17f24fb40,synthetic_project_buyer,true
CONTACT-CON-045,ACC-CON-045,PROFILE-CON-045,e64df298f6a5010c8462bd3ae9c89e45bbfef452029e1678d415dc0c10c01ccb,synthetic_project_buyer,true
CONTACT-CON-046,ACC-CON-046,PROFILE-CON-046,cdacf014cb372f320b826699afcadb036781f55e1fd3a90035e1f0b37c2f93d5,synthetic_project_buyer,true
CONTACT-CON-047,ACC-CON-047,PROFILE-CON-047,17bf87cff287d6014d0b9aae4ca6b753f096d43c65608d2dd8fc12fe3c03fbdc,synthetic_project_buyer,true
CONTACT-CON-048,ACC-CON-048,PROFILE-CON-048,71fa8a2f099f95565c4f01d24eb4c3ab7c5a100735b331678343399ac9ba37e4,synthetic_project_buyer,true
CONTACT-CON-049,ACC-CON-049,PROFILE-CON-049,854370c58f40ae70ddf1a313b214cf0d9896fd193eb25ba389e3375a0288bce1,synthetic_project_buyer,true
CONTACT-CON-050,ACC-CON-050,PROFILE-CON-050,a4b451fe0154b8d50bc48fbdf0e78008d31bc4f3e8e21d3f899b8dda1eed5a35,synthetic_project_buyer,true
CONTACT-CON-051,ACC-CON-051,PROFILE-CON-051,20ce4795e330720c6a6a3a541d311ba27c48bb3996ab8d75272fe26047babf56,synthetic_project_buyer,true
CONTACT-CON-052,ACC-CON-052,PROFILE-CON-052,1fc4ac3a1f7e3ba59ac47a3a2e3b52dc9781cd46ebd2250228f9f38fd4ab6ac5,synthetic_project_buyer,true
CONTACT-CON-053,ACC-CON-053,PROFILE-CON-053,8e3f0a919add3e2764d364d0bf178c5d591887f49d298f290da98c2df828ce15,synthetic_project_buyer,true
CONTACT-CON-054,ACC-CON-054,PROFILE-CON-054,8057fd2f6a7f0e961f6ab308cd7ce595796f2addccf7f2b669699cf927d2e747,synthetic_project_buyer,true
CONTACT-CON-055,ACC-CON-055,PROFILE-CON-055,261c4cbb9fe1877c80a178c5a7b9caeb0507e33fa6eb1785523ef57260ed3bf2,synthetic_project_buyer,true
CONTACT-CON-056,ACC-CON-056,PROFILE-CON-056,0de7017bb9f0da177803743b8e75f5ec2ff54250a7a5e6cd2157b221ee539ff8,synthetic_project_buyer,true
CONTACT-CON-057,ACC-CON-057,PROFILE-CON-057,fbe898be008413cae4dbceec9e324485091db872d36929ae0292c32abfb65b5b,synthetic_project_buyer,true
CONTACT-CON-058,ACC-CON-058,PROFILE-CON-058,017a53e1a91c70fa47484bad8e3fae12fb7365fe860981be63f57cdc23c2b647,synthetic_project_buyer,true
CONTACT-CON-059,ACC-CON-059,PROFILE-CON-059,65fd06ccecfdb00a94594a1eeb81e682b218164fc934d52641746260ed91f7a9,synthetic_project_buyer,true
CONTACT-CON-060,ACC-CON-060,PROFILE-CON-060,d962b80b9648ad546a75f65c51068223114c82892736a2eb55493c537ad48c83,synthetic_project_buyer,true
CONTACT-CON-061,ACC-CON-061,PROFILE-CON-061,b9d4b786ad0f5177ccbd38c22d7074aa0224d14bddff748dfd6985c9f968a795,synthetic_project_buyer,true
CONTACT-CON-062,ACC-CON-062,PROFILE-CON-062,8ad7346a30fa08aa2282a8938e09f62f348f3a567988ffe9a0560ff9a69ea54b,synthetic_project_buyer,true
CONTACT-CON-063,ACC-CON-063,PROFILE-CON-063,30841aeec4f3c29d2e21f7d83a1538fcee8b23bcded2286e64cb06936ef83087,synthetic_project_buyer,true
CONTACT-CON-064,ACC-CON-064,PROFILE-CON-064,bc78c5e3573ce6d3f15c1c296e3952bcc7c593b0b018212da5c9e0eb2e155c40,synthetic_project_buyer,true
CONTACT-CON-065,ACC-CON-065,PROFILE-CON-065,5c14c8b60e5bf9beb50503d39d79f96f11d1982a59e7f73d9f9a3f44d110999c,synthetic_project_buyer,true
CONTACT-CON-066,ACC-CON-066,PROFILE-CON-066,7e26f864c02cfe464cf2eac3b87f0b6561433218ead63e7b142a6d12a30d08c8,synthetic_project_buyer,true
CONTACT-CON-067,ACC-CON-067,PROFILE-CON-067,66470379b7876d9e718835b58f0188092b349e5051ed1e72760ec692494e499b,synthetic_project_buyer,true
CONTACT-CON-068,ACC-CON-068,PROFILE-CON-068,aa838d5a92867fc5a755089c6fa11f619d67394bb21c4400a1f8fb76ce7d53a8,synthetic_project_buyer,true
CONTACT-CON-069,ACC-CON-069,PROFILE-CON-069,893a13b1f17d904b3b2036f05014191cf2e63c974f54407fe2a983bcb2cbd4cf,synthetic_project_buyer,true
CONTACT-CON-070,ACC-CON-070,PROFILE-CON-070,03879e8e0d68c82be0818a453c2929d750999e9d05021bdaf078ca97d087d35c,synthetic_project_buyer,true
CONTACT-CON-071,ACC-CON-071,PROFILE-CON-071,626f786de3ef376e999d3e9de24c249dec4d86caf898fac0564d264672dde506,synthetic_project_buyer,true
CONTACT-CON-072,ACC-CON-072,PROFILE-CON-072,ae882c1134716fbd68cbfa65bcdd0a3be9e4bf4947a61e2517ffc8540eeace49,synthetic_project_buyer,true
CONTACT-CON-073,ACC-CON-073,PROFILE-CON-073,4f5b8ef1ce9e071739a9b2cbe1a80297507f852b455adbf92f44c098c4902f96,synthetic_project_buyer,true
CONTACT-CON-074,ACC-CON-074,PROFILE-CON-074,01ed0ef5e67453579779012ca366b6a7d95b5a1cd21e38d5a9a485709cf5cba0,synthetic_project_buyer,true
CONTACT-CON-075,ACC-CON-075,PROFILE-CON-075,e1ae27c4d775a0b37ac6d6466d652a5d5866543af1502c4f8272380595525e86,synthetic_project_buyer,true
CONTACT-CON-076,ACC-CON-076,PROFILE-CON-076,7433606becede32b856bda0209f068de32320442fc7c474ba1cbe5296c6205e8,synthetic_project_buyer,true
CONTACT-CON-077,ACC-CON-077,PROFILE-CON-077,4222d64ceecf4b0e12b410a2219bd1646b5069fe2910e402c7191cec4ae936d4,synthetic_project_buyer,true
CONTACT-CON-078,ACC-CON-078,PROFILE-CON-078,645a4777caf8f99ad3098d94b3c5d482c5ba8d75a3c80435981e60e953ff184a,synthetic_project_buyer,true
CONTACT-CON-079,ACC-CON-079,PROFILE-CON-079,45e6a881ffb7a322076a822baa2fd52cc4af459028da62ba068b45015b1252c9,synthetic_project_buyer,true
CONTACT-CON-080,ACC-CON-080,PROFILE-CON-080,8c19519520878477de7bd06166b96b5ba9fd25b1e017a59fe4fa381a0e0a5bcc,synthetic_project_buyer,true
CONTACT-CON-081,ACC-CON-081,PROFILE-CON-081,a8f7bd477c1dc4194dab30b3385ec68f13da5e0e7b4e7a893026854bea614457,synthetic_project_buyer,true
CONTACT-CON-082,ACC-CON-082,PROFILE-CON-082,825720677b7e72cb801a1bfb7bc70ef1fe007e011a5e64d8ad67a830390fc238,synthetic_project_buyer,true
CONTACT-CON-083,ACC-CON-083,PROFILE-CON-083,64c7d62fd964ab3e7eb2ab013c3cca4cb2c249a421bfd07ef06129208fc41722,synthetic_project_buyer,true
CONTACT-CON-084,ACC-CON-084,PROFILE-CON-084,9fa5ef603cbc79977b27a46f9f5043b820774bf5ea5373cc515a0d99d5028beb,synthetic_project_buyer,true
CONTACT-CON-085,ACC-CON-085,PROFILE-CON-085,3884cca7a1651210bae25832859b0f3f63ffda4e067dece7351a72688873c5ad,synthetic_project_buyer,true
CONTACT-CON-086,ACC-CON-086,PROFILE-CON-086,247bf7ef9aa7732292e682b35243e2bbe86835390cc44b1557fbe83701f0456b,synthetic_project_buyer,true
CONTACT-CON-087,ACC-CON-087,PROFILE-CON-087,7ee3baa7e94d69bf675ebe58318508f568c56d1e146620e7dec536972220ac7a,synthetic_project_buyer,true
CONTACT-CON-088,ACC-CON-088,PROFILE-CON-088,b536d2b40e49e22fb003099fc2dda546c7ddaaa10557c2a157ebbffdf6a9b977,synthetic_project_buyer,true
CONTACT-CON-089,ACC-CON-089,PROFILE-CON-089,f2cd2f649f606dea9d27b9a5f27abf27b23421c3c70cfe04683fdb481992315b,synthetic_project_buyer,true
CONTACT-CON-090,ACC-CON-090,PROFILE-CON-090,e0c18ae6b9202e1792f69d45acb8ad040245426dc5d89faa352e36ad2fc97823,synthetic_project_buyer,true
CONTACT-CON-091,ACC-CON-091,PROFILE-CON-091,31bdcd04e9ee85762fb2b4ad1d9ab6af7d190e00d01a53082e0f34df83db3685,synthetic_project_buyer,true
CONTACT-CON-092,ACC-CON-092,PROFILE-CON-092,43bb18c8d5e6088b0cae14e725dc3dd6e011c27b01166dfc9e6a76b5fd4bf115,synthetic_project_buyer,true
CONTACT-CON-093,ACC-CON-093,PROFILE-CON-093,34012d431ebeff2dd21056ae86fa274bdbfc12c37c4f5b7b95e554ebf7007a43,synthetic_project_buyer,true
CONTACT-CON-094,ACC-CON-094,PROFILE-CON-094,06ea527c3c6ae3c99e59a58d25cbdbcc5a1805fb399b2055587250278500e01a,synthetic_project_buyer,true
CONTACT-CON-095,ACC-CON-095,PROFILE-CON-095,99410e3e8c18663d03b01e739af1833ddc05a51fb95758e7491497c0ff4927c5,synthetic_project_buyer,true
CONTACT-CON-096,ACC-CON-096,PROFILE-CON-096,a6243d6e4a0a2e7a16b9dc528e61d16ffdb763f5530fa0e70f0c9ddfb09f4192,synthetic_project_buyer,true
CONTACT-CON-097,ACC-CON-097,PROFILE-CON-097,c918eccaa6acc73f10544f1b151782b699788013c8c303a79c5cdadfb386e22f,synthetic_project_buyer,true
CONTACT-CON-098,ACC-CON-098,PROFILE-CON-098,8c3898d060c53920456a9a8cf1c5045a4c944301da0e5ba6f57eed3264fb6f94,synthetic_project_buyer,true
CONTACT-CON-099,ACC-CON-099,PROFILE-CON-099,03b88003c2bf94b97a610963ca568129022fb00a2524d28a225709cbf43c98cc,synthetic_project_buyer,true
CONTACT-CON-100,ACC-CON-100,PROFILE-CON-100,23471bebfac91a84b1fac53a9aed152012d1fa1c0bca6efc1903cf18ca585803,synthetic_project_buyer,true
