business_risk_id,commitment_id,constraint_id,risk_score,risk_driver,unfilled_value,currency
RISK-CON-0001,COMMIT-CON-0001,CONSTRAINT-CON-01,0.0,protected_by_proposed_allocation,0,EUR
RISK-CON-0002,COMMIT-CON-0002,CONSTRAINT-CON-01,0.3333,unfilled_confirmed_commitment,4000,EUR
RISK-CON-0003,COMMIT-CON-0003,CONSTRAINT-CON-01,1.0,unfilled_confirmed_commitment,8000,EUR
RISK-CON-0010,COMMIT-CON-0010,CONSTRAINT-CON-02,0.0,protected_by_proposed_allocation,0,EUR
RISK-CON-0011,COMMIT-CON-0011,CONSTRAINT-CON-02,0.4,unfilled_confirmed_commitment,1800,EUR
RISK-CON-0012,COMMIT-CON-0012,CONSTRAINT-CON-02,1.0,unfilled_confirmed_commitment,3600,EUR
RISK-CON-0077,COMMIT-CON-0077,CONSTRAINT-CON-03,0.0,protected_by_proposed_allocation,0,EUR
RISK-CON-0165,COMMIT-CON-0165,CONSTRAINT-CON-03,0.0,protected_by_proposed_allocation,0,EUR
RISK-CON-0013,COMMIT-CON-0013,CONSTRAINT-CON-03,0.0,protected_by_proposed_allocation,0,EUR
RISK-CON-0109,COMMIT-CON-0109,CONSTRAINT-CON-03,0.0,protected_by_proposed_allocation,0,EUR
RISK-CON-0181,COMMIT-CON-0181,CONSTRAINT-CON-03,0.0,protected_by_proposed_allocation,0,EUR
RISK-CON-0021,COMMIT-CON-0021,CONSTRAINT-CON-03,0.0,protected_by_proposed_allocation,0,EUR
RISK-CON-0101,COMMIT-CON-0101,CONSTRAINT-CON-03,0.0,protected_by_proposed_allocation,0,EUR
RISK-CON-0029,COMMIT-CON-0029,CONSTRAINT-CON-03,0.0,protected_by_proposed_allocation,0,EUR
RISK-CON-0093,COMMIT-CON-0093,CONSTRAINT-CON-03,0.0,protected_by_proposed_allocation,0,EUR
RISK-CON-0061,COMMIT-CON-0061,CONSTRAINT-CON-03,0.0,protected_by_proposed_allocation,0,EUR
RISK-CON-0037,COMMIT-CON-0037,CONSTRAINT-CON-03,0.0,protected_by_proposed_allocation,0,EUR
RISK-CON-0117,COMMIT-CON-0117,CONSTRAINT-CON-03,0.0,protected_by_proposed_allocation,0,EUR
RISK-CON-0141,COMMIT-CON-0141,CONSTRAINT-CON-03,0.0,protected_by_proposed_allocation,0,EUR
RISK-CON-0157,COMMIT-CON-0157,CONSTRAINT-CON-03,0.0,protected_by_proposed_allocation,0,EUR
RISK-CON-0189,COMMIT-CON-0189,CONSTRAINT-CON-03,0.6765,unfilled_confirmed_commitment,2760,EUR
RISK-CON-0045,COMMIT-CON-0045,CONSTRAINT-CON-03,1.0,unfilled_confirmed_commitment,10800,EUR
RISK-CON-0053,COMMIT-CON-0053,CONSTRAINT-CON-03,1.0,unfilled_confirmed_commitment,4320,EUR
RISK-CON-0133,COMMIT-CON-0133,CONSTRAINT-CON-03,1.0,unfilled_confirmed_commitment,11040,EUR
RISK-CON-0173,COMMIT-CON-0173,CONSTRAINT-CON-03,1.0,unfilled_confirmed_commitment,3840,EUR
RISK-CON-0197,COMMIT-CON-0197,CONSTRAINT-CON-03,1.0,unfilled_confirmed_commitment,2400,EUR
RISK-CON-0149,COMMIT-CON-0149,CONSTRAINT-CON-03,1.0,unfilled_confirmed_commitment,6960,EUR
RISK-CON-0069,COMMIT-CON-0069,CONSTRAINT-CON-03,1.0,unfilled_confirmed_commitment,2400,EUR
RISK-CON-0125,COMMIT-CON-0125,CONSTRAINT-CON-03,1.0,unfilled_confirmed_commitment,11280,EUR
RISK-CON-0085,COMMIT-CON-0085,CONSTRAINT-CON-03,1.0,unfilled_confirmed_commitment,10320,EUR
RISK-CON-0014,COMMIT-CON-0014,CONSTRAINT-CON-04,0.0,protected_by_proposed_allocation,0,EUR
RISK-CON-0110,COMMIT-CON-0110,CONSTRAINT-CON-04,0.0,protected_by_proposed_allocation,0,EUR
RISK-CON-0070,COMMIT-CON-0070,CONSTRAINT-CON-04,0.0,protected_by_proposed_allocation,0,EUR
RISK-CON-0046,COMMIT-CON-0046,CONSTRAINT-CON-04,0.0,protected_by_proposed_allocation,0,EUR
RISK-CON-0142,COMMIT-CON-0142,CONSTRAINT-CON-04,0.0,protected_by_proposed_allocation,0,EUR
RISK-CON-0118,COMMIT-CON-0118,CONSTRAINT-CON-04,0.0,protected_by_proposed_allocation,0,EUR
RISK-CON-0182,COMMIT-CON-0182,CONSTRAINT-CON-04,0.0,protected_by_proposed_allocation,0,EUR
RISK-CON-0198,COMMIT-CON-0198,CONSTRAINT-CON-04,0.0,protected_by_proposed_allocation,0,EUR
RISK-CON-0158,COMMIT-CON-0158,CONSTRAINT-CON-04,0.0,protected_by_proposed_allocation,0,EUR
RISK-CON-0054,COMMIT-CON-0054,CONSTRAINT-CON-04,0.0,protected_by_proposed_allocation,0,EUR
RISK-CON-0022,COMMIT-CON-0022,CONSTRAINT-CON-04,0.0,protected_by_proposed_allocation,0,EUR
RISK-CON-0190,COMMIT-CON-0190,CONSTRAINT-CON-04,0.0,protected_by_proposed_allocation,0,EUR
RISK-CON-0038,COMMIT-CON-0038,CONSTRAINT-CON-04,0.0,protected_by_proposed_allocation,0,EUR
RISK-CON-0126,COMMIT-CON-0126,CONSTRAINT-CON-04,0.0,protected_by_proposed_allocation,0,EUR
RISK-CON-0102,COMMIT-CON-0102,CONSTRAINT-CON-04,0.0,protected_by_proposed_allocation,0,EUR
RISK-CON-0078,COMMIT-CON-0078,CONSTRAINT-CON-04,0.4,unfilled_confirmed_commitment,3696,EUR
RISK-CON-0150,COMMIT-CON-0150,CONSTRAINT-CON-04,1.0,unfilled_confirmed_commitment,12040,EUR
RISK-CON-0134,COMMIT-CON-0134,CONSTRAINT-CON-04,1.0,unfilled_confirmed_commitment,13440,EUR
RISK-CON-0030,COMMIT-CON-0030,CONSTRAINT-CON-04,1.0,unfilled_confirmed_commitment,9520,EUR
RISK-CON-0094,COMMIT-CON-0094,CONSTRAINT-CON-04,1.0,unfilled_confirmed_commitment,2800,EUR
RISK-CON-0086,COMMIT-CON-0086,CONSTRAINT-CON-04,1.0,unfilled_confirmed_commitment,10360,EUR
RISK-CON-0062,COMMIT-CON-0062,CONSTRAINT-CON-04,1.0,unfilled_confirmed_commitment,9520,EUR
RISK-CON-0174,COMMIT-CON-0174,CONSTRAINT-CON-04,1.0,unfilled_confirmed_commitment,10080,EUR
RISK-CON-0166,COMMIT-CON-0166,CONSTRAINT-CON-04,1.0,unfilled_confirmed_commitment,3920,EUR
RISK-CON-0004,COMMIT-CON-0004,CONSTRAINT-CON-05,0.0,protected_by_proposed_allocation,0,EUR
RISK-CON-0005,COMMIT-CON-0005,CONSTRAINT-CON-05,0.375,unfilled_confirmed_commitment,1800,EUR
RISK-CON-0006,COMMIT-CON-0006,CONSTRAINT-CON-05,1.0,unfilled_confirmed_commitment,3600,EUR
RISK-CON-0079,COMMIT-CON-0079,CONSTRAINT-CON-06,0.0,protected_by_proposed_allocation,0,EUR
RISK-CON-0095,COMMIT-CON-0095,CONSTRAINT-CON-06,0.0,protected_by_proposed_allocation,0,EUR
RISK-CON-0103,COMMIT-CON-0103,CONSTRAINT-CON-06,0.0,protected_by_proposed_allocation,0,EUR
RISK-CON-0183,COMMIT-CON-0183,CONSTRAINT-CON-06,0.0,protected_by_proposed_allocation,0,EUR
RISK-CON-0167,COMMIT-CON-0167,CONSTRAINT-CON-06,0.0,protected_by_proposed_allocation,0,EUR
RISK-CON-0143,COMMIT-CON-0143,CONSTRAINT-CON-06,0.0,protected_by_proposed_allocation,0,EUR
RISK-CON-0015,COMMIT-CON-0015,CONSTRAINT-CON-06,0.0,protected_by_proposed_allocation,0,EUR
RISK-CON-0023,COMMIT-CON-0023,CONSTRAINT-CON-06,0.0,protected_by_proposed_allocation,0,EUR
RISK-CON-0047,COMMIT-CON-0047,CONSTRAINT-CON-06,0.0,protected_by_proposed_allocation,0,EUR
RISK-CON-0071,COMMIT-CON-0071,CONSTRAINT-CON-06,0.0,protected_by_proposed_allocation,0,EUR
RISK-CON-0175,COMMIT-CON-0175,CONSTRAINT-CON-06,0.0,protected_by_proposed_allocation,0,EUR
RISK-CON-0111,COMMIT-CON-0111,CONSTRAINT-CON-06,0.0,protected_by_proposed_allocation,0,EUR
RISK-CON-0119,COMMIT-CON-0119,CONSTRAINT-CON-06,0.0,protected_by_proposed_allocation,0,EUR
RISK-CON-0039,COMMIT-CON-0039,CONSTRAINT-CON-06,0.0,protected_by_proposed_allocation,0,EUR
RISK-CON-0063,COMMIT-CON-0063,CONSTRAINT-CON-06,0.2051,unfilled_confirmed_commitment,1120,EUR
RISK-CON-0199,COMMIT-CON-0199,CONSTRAINT-CON-06,1.0,unfilled_confirmed_commitment,1960,EUR
RISK-CON-0087,COMMIT-CON-0087,CONSTRAINT-CON-06,1.0,unfilled_confirmed_commitment,3080,EUR
RISK-CON-0127,COMMIT-CON-0127,CONSTRAINT-CON-06,1.0,unfilled_confirmed_commitment,1820,EUR
RISK-CON-0159,COMMIT-CON-0159,CONSTRAINT-CON-06,1.0,unfilled_confirmed_commitment,1820,EUR
RISK-CON-0191,COMMIT-CON-0191,CONSTRAINT-CON-06,1.0,unfilled_confirmed_commitment,1680,EUR
RISK-CON-0151,COMMIT-CON-0151,CONSTRAINT-CON-06,1.0,unfilled_confirmed_commitment,6300,EUR
RISK-CON-0055,COMMIT-CON-0055,CONSTRAINT-CON-06,1.0,unfilled_confirmed_commitment,6580,EUR
RISK-CON-0135,COMMIT-CON-0135,CONSTRAINT-CON-06,1.0,unfilled_confirmed_commitment,2100,EUR
RISK-CON-0031,COMMIT-CON-0031,CONSTRAINT-CON-06,1.0,unfilled_confirmed_commitment,3920,EUR
RISK-CON-0080,COMMIT-CON-0080,CONSTRAINT-CON-07,0.0,protected_by_proposed_allocation,0,EUR
RISK-CON-0112,COMMIT-CON-0112,CONSTRAINT-CON-07,0.0,protected_by_proposed_allocation,0,EUR
RISK-CON-0056,COMMIT-CON-0056,CONSTRAINT-CON-07,0.0,protected_by_proposed_allocation,0,EUR
RISK-CON-0144,COMMIT-CON-0144,CONSTRAINT-CON-07,0.0,protected_by_proposed_allocation,0,EUR
RISK-CON-0176,COMMIT-CON-0176,CONSTRAINT-CON-07,0.0,protected_by_proposed_allocation,0,EUR
RISK-CON-0064,COMMIT-CON-0064,CONSTRAINT-CON-07,0.0,protected_by_proposed_allocation,0,EUR
RISK-CON-0096,COMMIT-CON-0096,CONSTRAINT-CON-07,0.0,protected_by_proposed_allocation,0,EUR
RISK-CON-0152,COMMIT-CON-0152,CONSTRAINT-CON-07,0.0,protected_by_proposed_allocation,0,EUR
RISK-CON-0024,COMMIT-CON-0024,CONSTRAINT-CON-07,0.0,protected_by_proposed_allocation,0,EUR
RISK-CON-0104,COMMIT-CON-0104,CONSTRAINT-CON-07,0.0,protected_by_proposed_allocation,0,EUR
RISK-CON-0048,COMMIT-CON-0048,CONSTRAINT-CON-07,0.0,protected_by_proposed_allocation,0,EUR
RISK-CON-0120,COMMIT-CON-0120,CONSTRAINT-CON-07,0.0,protected_by_proposed_allocation,0,EUR
RISK-CON-0184,COMMIT-CON-0184,CONSTRAINT-CON-07,0.0,protected_by_proposed_allocation,0,EUR
RISK-CON-0040,COMMIT-CON-0040,CONSTRAINT-CON-07,0.0,protected_by_proposed_allocation,0,EUR
RISK-CON-0160,COMMIT-CON-0160,CONSTRAINT-CON-07,0.0,protected_by_proposed_allocation,0,EUR
RISK-CON-0032,COMMIT-CON-0032,CONSTRAINT-CON-07,0.0,protected_by_proposed_allocation,0,EUR
RISK-CON-0016,COMMIT-CON-0016,CONSTRAINT-CON-07,0.0,protected_by_proposed_allocation,0,EUR
RISK-CON-0072,COMMIT-CON-0072,CONSTRAINT-CON-07,0.844,unfilled_confirmed_commitment,6752,EUR
RISK-CON-0200,COMMIT-CON-0200,CONSTRAINT-CON-07,1.0,unfilled_confirmed_commitment,7840,EUR
RISK-CON-0192,COMMIT-CON-0192,CONSTRAINT-CON-07,1.0,unfilled_confirmed_commitment,5920,EUR
RISK-CON-0128,COMMIT-CON-0128,CONSTRAINT-CON-07,1.0,unfilled_confirmed_commitment,6400,EUR
RISK-CON-0136,COMMIT-CON-0136,CONSTRAINT-CON-07,1.0,unfilled_confirmed_commitment,7520,EUR
RISK-CON-0168,COMMIT-CON-0168,CONSTRAINT-CON-07,1.0,unfilled_confirmed_commitment,5280,EUR
RISK-CON-0088,COMMIT-CON-0088,CONSTRAINT-CON-07,1.0,unfilled_confirmed_commitment,5600,EUR
RISK-CON-0177,COMMIT-CON-0177,CONSTRAINT-CON-08,0.0,protected_by_proposed_allocation,0,EUR
RISK-CON-0017,COMMIT-CON-0017,CONSTRAINT-CON-08,0.0,protected_by_proposed_allocation,0,EUR
RISK-CON-0153,COMMIT-CON-0153,CONSTRAINT-CON-08,0.0,protected_by_proposed_allocation,0,EUR
RISK-CON-0145,COMMIT-CON-0145,CONSTRAINT-CON-08,0.0,protected_by_proposed_allocation,0,EUR
RISK-CON-0169,COMMIT-CON-0169,CONSTRAINT-CON-08,0.0,protected_by_proposed_allocation,0,EUR
RISK-CON-0073,COMMIT-CON-0073,CONSTRAINT-CON-08,0.0,protected_by_proposed_allocation,0,EUR
RISK-CON-0081,COMMIT-CON-0081,CONSTRAINT-CON-08,0.0,protected_by_proposed_allocation,0,EUR
RISK-CON-0185,COMMIT-CON-0185,CONSTRAINT-CON-08,0.0,protected_by_proposed_allocation,0,EUR
RISK-CON-0161,COMMIT-CON-0161,CONSTRAINT-CON-08,0.0,protected_by_proposed_allocation,0,EUR
RISK-CON-0025,COMMIT-CON-0025,CONSTRAINT-CON-08,0.0,protected_by_proposed_allocation,0,EUR
RISK-CON-0121,COMMIT-CON-0121,CONSTRAINT-CON-08,0.0,protected_by_proposed_allocation,0,EUR
RISK-CON-0057,COMMIT-CON-0057,CONSTRAINT-CON-08,0.0,protected_by_proposed_allocation,0,EUR
RISK-CON-0137,COMMIT-CON-0137,CONSTRAINT-CON-08,0.0,protected_by_proposed_allocation,0,EUR
RISK-CON-0129,COMMIT-CON-0129,CONSTRAINT-CON-08,0.0,protected_by_proposed_allocation,0,EUR
RISK-CON-0097,COMMIT-CON-0097,CONSTRAINT-CON-08,0.1774,unfilled_confirmed_commitment,935,EUR
RISK-CON-0033,COMMIT-CON-0033,CONSTRAINT-CON-08,1.0,unfilled_confirmed_commitment,7820,EUR
RISK-CON-0049,COMMIT-CON-0049,CONSTRAINT-CON-08,1.0,unfilled_confirmed_commitment,2380,EUR
RISK-CON-0193,COMMIT-CON-0193,CONSTRAINT-CON-08,1.0,unfilled_confirmed_commitment,5100,EUR
RISK-CON-0089,COMMIT-CON-0089,CONSTRAINT-CON-08,1.0,unfilled_confirmed_commitment,5610,EUR
RISK-CON-0105,COMMIT-CON-0105,CONSTRAINT-CON-08,1.0,unfilled_confirmed_commitment,6120,EUR
RISK-CON-0041,COMMIT-CON-0041,CONSTRAINT-CON-08,1.0,unfilled_confirmed_commitment,2380,EUR
RISK-CON-0065,COMMIT-CON-0065,CONSTRAINT-CON-08,1.0,unfilled_confirmed_commitment,2890,EUR
RISK-CON-0113,COMMIT-CON-0113,CONSTRAINT-CON-08,1.0,unfilled_confirmed_commitment,6460,EUR
RISK-CON-0007,COMMIT-CON-0007,CONSTRAINT-CON-09,0.0,protected_by_proposed_allocation,0,EUR
RISK-CON-0008,COMMIT-CON-0008,CONSTRAINT-CON-09,0.6,unfilled_confirmed_commitment,6000,EUR
RISK-CON-0009,COMMIT-CON-0009,CONSTRAINT-CON-09,1.0,unfilled_confirmed_commitment,8000,EUR
RISK-CON-0090,COMMIT-CON-0090,CONSTRAINT-CON-10,0.0,protected_by_proposed_allocation,0,EUR
RISK-CON-0018,COMMIT-CON-0018,CONSTRAINT-CON-10,0.0,protected_by_proposed_allocation,0,EUR
RISK-CON-0074,COMMIT-CON-0074,CONSTRAINT-CON-10,0.0,protected_by_proposed_allocation,0,EUR
RISK-CON-0058,COMMIT-CON-0058,CONSTRAINT-CON-10,0.0,protected_by_proposed_allocation,0,EUR
RISK-CON-0082,COMMIT-CON-0082,CONSTRAINT-CON-10,0.0,protected_by_proposed_allocation,0,EUR
RISK-CON-0130,COMMIT-CON-0130,CONSTRAINT-CON-10,0.0,protected_by_proposed_allocation,0,EUR
RISK-CON-0146,COMMIT-CON-0146,CONSTRAINT-CON-10,0.0,protected_by_proposed_allocation,0,EUR
RISK-CON-0026,COMMIT-CON-0026,CONSTRAINT-CON-10,0.0,protected_by_proposed_allocation,0,EUR
RISK-CON-0194,COMMIT-CON-0194,CONSTRAINT-CON-10,0.0,protected_by_proposed_allocation,0,EUR
RISK-CON-0154,COMMIT-CON-0154,CONSTRAINT-CON-10,0.0,protected_by_proposed_allocation,0,EUR
RISK-CON-0170,COMMIT-CON-0170,CONSTRAINT-CON-10,0.0,protected_by_proposed_allocation,0,EUR
RISK-CON-0162,COMMIT-CON-0162,CONSTRAINT-CON-10,0.0,protected_by_proposed_allocation,0,EUR
RISK-CON-0178,COMMIT-CON-0178,CONSTRAINT-CON-10,0.0,protected_by_proposed_allocation,0,EUR
RISK-CON-0034,COMMIT-CON-0034,CONSTRAINT-CON-10,0.0,protected_by_proposed_allocation,0,EUR
RISK-CON-0114,COMMIT-CON-0114,CONSTRAINT-CON-10,0.0,protected_by_proposed_allocation,0,EUR
RISK-CON-0050,COMMIT-CON-0050,CONSTRAINT-CON-10,0.8,unfilled_confirmed_commitment,10800,EUR
RISK-CON-0098,COMMIT-CON-0098,CONSTRAINT-CON-10,1.0,unfilled_confirmed_commitment,11250,EUR
RISK-CON-0186,COMMIT-CON-0186,CONSTRAINT-CON-10,1.0,unfilled_confirmed_commitment,12150,EUR
RISK-CON-0042,COMMIT-CON-0042,CONSTRAINT-CON-10,1.0,unfilled_confirmed_commitment,9000,EUR
RISK-CON-0106,COMMIT-CON-0106,CONSTRAINT-CON-10,1.0,unfilled_confirmed_commitment,5850,EUR
RISK-CON-0122,COMMIT-CON-0122,CONSTRAINT-CON-10,1.0,unfilled_confirmed_commitment,20250,EUR
RISK-CON-0138,COMMIT-CON-0138,CONSTRAINT-CON-10,1.0,unfilled_confirmed_commitment,10350,EUR
RISK-CON-0066,COMMIT-CON-0066,CONSTRAINT-CON-10,1.0,unfilled_confirmed_commitment,12150,EUR
RISK-CON-0123,COMMIT-CON-0123,CONSTRAINT-CON-11,0.0,protected_by_proposed_allocation,0,EUR
RISK-CON-0179,COMMIT-CON-0179,CONSTRAINT-CON-11,0.0,protected_by_proposed_allocation,0,EUR
RISK-CON-0019,COMMIT-CON-0019,CONSTRAINT-CON-11,0.0,protected_by_proposed_allocation,0,EUR
RISK-CON-0131,COMMIT-CON-0131,CONSTRAINT-CON-11,0.0,protected_by_proposed_allocation,0,EUR
RISK-CON-0155,COMMIT-CON-0155,CONSTRAINT-CON-11,0.0,protected_by_proposed_allocation,0,EUR
RISK-CON-0115,COMMIT-CON-0115,CONSTRAINT-CON-11,0.0,protected_by_proposed_allocation,0,EUR
RISK-CON-0107,COMMIT-CON-0107,CONSTRAINT-CON-11,0.0,protected_by_proposed_allocation,0,EUR
RISK-CON-0091,COMMIT-CON-0091,CONSTRAINT-CON-11,0.0,protected_by_proposed_allocation,0,EUR
RISK-CON-0067,COMMIT-CON-0067,CONSTRAINT-CON-11,0.0,protected_by_proposed_allocation,0,EUR
RISK-CON-0043,COMMIT-CON-0043,CONSTRAINT-CON-11,0.0,protected_by_proposed_allocation,0,EUR
RISK-CON-0195,COMMIT-CON-0195,CONSTRAINT-CON-11,0.0,protected_by_proposed_allocation,0,EUR
RISK-CON-0139,COMMIT-CON-0139,CONSTRAINT-CON-11,0.0,protected_by_proposed_allocation,0,EUR
RISK-CON-0027,COMMIT-CON-0027,CONSTRAINT-CON-11,0.0,protected_by_proposed_allocation,0,EUR
RISK-CON-0147,COMMIT-CON-0147,CONSTRAINT-CON-11,0.0,protected_by_proposed_allocation,0,EUR
RISK-CON-0083,COMMIT-CON-0083,CONSTRAINT-CON-11,0.0,protected_by_proposed_allocation,0,EUR
RISK-CON-0163,COMMIT-CON-0163,CONSTRAINT-CON-11,0.65,unfilled_confirmed_commitment,6500,EUR
RISK-CON-0035,COMMIT-CON-0035,CONSTRAINT-CON-11,1.0,unfilled_confirmed_commitment,12000,EUR
RISK-CON-0171,COMMIT-CON-0171,CONSTRAINT-CON-11,1.0,unfilled_confirmed_commitment,6000,EUR
RISK-CON-0059,COMMIT-CON-0059,CONSTRAINT-CON-11,1.0,unfilled_confirmed_commitment,8500,EUR
RISK-CON-0099,COMMIT-CON-0099,CONSTRAINT-CON-11,1.0,unfilled_confirmed_commitment,20500,EUR
RISK-CON-0051,COMMIT-CON-0051,CONSTRAINT-CON-11,1.0,unfilled_confirmed_commitment,20500,EUR
RISK-CON-0187,COMMIT-CON-0187,CONSTRAINT-CON-11,1.0,unfilled_confirmed_commitment,21000,EUR
RISK-CON-0075,COMMIT-CON-0075,CONSTRAINT-CON-11,1.0,unfilled_confirmed_commitment,22000,EUR
RISK-CON-0124,COMMIT-CON-0124,CONSTRAINT-CON-12,0.0,protected_by_proposed_allocation,0,EUR
RISK-CON-0028,COMMIT-CON-0028,CONSTRAINT-CON-12,0.0,protected_by_proposed_allocation,0,EUR
RISK-CON-0188,COMMIT-CON-0188,CONSTRAINT-CON-12,0.0,protected_by_proposed_allocation,0,EUR
RISK-CON-0132,COMMIT-CON-0132,CONSTRAINT-CON-12,0.0,protected_by_proposed_allocation,0,EUR
RISK-CON-0180,COMMIT-CON-0180,CONSTRAINT-CON-12,0.0,protected_by_proposed_allocation,0,EUR
RISK-CON-0172,COMMIT-CON-0172,CONSTRAINT-CON-12,0.0,protected_by_proposed_allocation,0,EUR
RISK-CON-0108,COMMIT-CON-0108,CONSTRAINT-CON-12,0.0,protected_by_proposed_allocation,0,EUR
RISK-CON-0036,COMMIT-CON-0036,CONSTRAINT-CON-12,0.0,protected_by_proposed_allocation,0,EUR
RISK-CON-0116,COMMIT-CON-0116,CONSTRAINT-CON-12,0.0,protected_by_proposed_allocation,0,EUR
RISK-CON-0052,COMMIT-CON-0052,CONSTRAINT-CON-12,0.0,protected_by_proposed_allocation,0,EUR
RISK-CON-0068,COMMIT-CON-0068,CONSTRAINT-CON-12,0.0,protected_by_proposed_allocation,0,EUR
RISK-CON-0084,COMMIT-CON-0084,CONSTRAINT-CON-12,0.0,protected_by_proposed_allocation,0,EUR
RISK-CON-0076,COMMIT-CON-0076,CONSTRAINT-CON-12,0.0,protected_by_proposed_allocation,0,EUR
RISK-CON-0164,COMMIT-CON-0164,CONSTRAINT-CON-12,0.0222,unfilled_confirmed_commitment,550,EUR
RISK-CON-0196,COMMIT-CON-0196,CONSTRAINT-CON-12,1.0,unfilled_confirmed_commitment,6600,EUR
RISK-CON-0140,COMMIT-CON-0140,CONSTRAINT-CON-12,1.0,unfilled_confirmed_commitment,19250,EUR
RISK-CON-0020,COMMIT-CON-0020,CONSTRAINT-CON-12,1.0,unfilled_confirmed_commitment,24750,EUR
RISK-CON-0156,COMMIT-CON-0156,CONSTRAINT-CON-12,1.0,unfilled_confirmed_commitment,17050,EUR
RISK-CON-0044,COMMIT-CON-0044,CONSTRAINT-CON-12,1.0,unfilled_confirmed_commitment,18700,EUR
RISK-CON-0148,COMMIT-CON-0148,CONSTRAINT-CON-12,1.0,unfilled_confirmed_commitment,11000,EUR
RISK-CON-0092,COMMIT-CON-0092,CONSTRAINT-CON-12,1.0,unfilled_confirmed_commitment,6050,EUR
RISK-CON-0100,COMMIT-CON-0100,CONSTRAINT-CON-12,1.0,unfilled_confirmed_commitment,9900,EUR
RISK-CON-0060,COMMIT-CON-0060,CONSTRAINT-CON-12,1.0,unfilled_confirmed_commitment,11000,EUR
