commitment_id,order_id,account_id,product_id,contract_id,commit_status,commit_date,priority,record_id,cluster_id,project_name,project_site,milestone_name,milestone_date,allocation_rank,allocated_qty,shortage_qty,planned_inbound_qty,substitution_allowed,substitute_product_id,qualification_status,approval_required,anchor
COMMIT-CON-0001,ORDER-CON-0001,ACC-CON-001,PROD-CON-01,CONTRACT-CON-0001,committed,2026-10-05,contractual,REC-CON-0001,POOL-CON-01,Synthetic Alder School Renovation,Synthetic Project Site 0001,Insulation installation,2026-10-06,1,800,0,0,false,,not_requested,true,true
COMMIT-CON-0002,ORDER-CON-0002,ACC-CON-002,PROD-CON-01,CONTRACT-CON-0002,at_risk,2026-10-09,strategic,REC-CON-0002,POOL-CON-01,Synthetic Birch Apartments,Synthetic Project Site 0002,Internal fit-out,2026-10-10,2,400,200,0,false,,not_requested,true,true
COMMIT-CON-0003,ORDER-CON-0003,ACC-CON-003,PROD-CON-01,CONTRACT-CON-0003,at_risk,2026-10-16,standard,REC-CON-0003,POOL-CON-01,Synthetic Cedar Office Refurbishment,Synthetic Project Site 0003,Office reopening preparation,2026-10-17,3,0,400,0,false,,not_requested,true,true
COMMIT-CON-0010,ORDER-CON-0010,ACC-CON-010,PROD-CON-02,CONTRACT-CON-0010,committed,2026-10-07,contractual,REC-CON-0010,POOL-CON-02,Synthetic Juniper School Loft,Synthetic Project Site 0010,Loft installation,2026-10-08,1,350,0,0,false,,not_requested,true,true
COMMIT-CON-0011,ORDER-CON-0011,ACC-CON-011,PROD-CON-02,CONTRACT-CON-0011,at_risk,2026-10-11,strategic,REC-CON-0011,POOL-CON-02,Synthetic Kite Apartments,Synthetic Project Site 0011,Loft installation,2026-10-12,2,150,100,0,false,,not_requested,true,true
COMMIT-CON-0012,ORDER-CON-0012,ACC-CON-012,PROD-CON-02,CONTRACT-CON-0012,at_risk,2026-10-18,standard,REC-CON-0012,POOL-CON-02,Synthetic Linden Office Loft,Synthetic Project Site 0012,Loft installation,2026-10-19,3,0,200,0,false,,not_requested,true,true
COMMIT-CON-0077,ORDER-CON-0077,ACC-CON-077,PROD-CON-03,CONTRACT-CON-0077,committed,2026-10-08,contractual,REC-CON-0077,POOL-CON-03,Synthetic Office Refurbishment 077,Synthetic Project Site 0077,Material installation,2026-10-09,1,410,0,0,false,,not_requested,true,false
COMMIT-CON-0165,ORDER-CON-0165,ACC-CON-065,PROD-CON-03,CONTRACT-CON-0165,committed,2026-10-08,contractual,REC-CON-0165,POOL-CON-03,Synthetic School Renovation 165,Synthetic Project Site 0165,Material installation,2026-10-09,2,450,0,0,false,,not_requested,true,false
COMMIT-CON-0013,ORDER-CON-0013,ACC-CON-013,PROD-CON-03,CONTRACT-CON-0013,committed,2026-10-11,contractual,REC-CON-0013,POOL-CON-03,Synthetic Apartments 013,Synthetic Project Site 0013,Material installation,2026-10-12,3,500,0,0,false,,not_requested,true,false
COMMIT-CON-0109,ORDER-CON-0109,ACC-CON-009,PROD-CON-03,CONTRACT-CON-0109,committed,2026-10-14,contractual,REC-CON-0109,POOL-CON-03,Synthetic Apartments 109,Synthetic Project Site 0109,Material installation,2026-10-15,4,250,0,0,false,,not_requested,true,false
COMMIT-CON-0181,ORDER-CON-0181,ACC-CON-081,PROD-CON-03,CONTRACT-CON-0181,committed,2026-10-15,contractual,REC-CON-0181,POOL-CON-03,Synthetic Apartments 181,Synthetic Project Site 0181,Material installation,2026-10-16,5,400,0,0,false,,not_requested,true,false
COMMIT-CON-0021,ORDER-CON-0021,ACC-CON-021,PROD-CON-03,CONTRACT-CON-0021,committed,2026-10-21,contractual,REC-CON-0021,POOL-CON-03,Synthetic School Renovation 021,Synthetic Project Site 0021,Material installation,2026-10-22,6,440,0,0,false,,not_requested,true,false
COMMIT-CON-0101,ORDER-CON-0101,ACC-CON-001,PROD-CON-03,CONTRACT-CON-0101,committed,2026-10-23,contractual,REC-CON-0101,POOL-CON-03,Synthetic Office Refurbishment 101,Synthetic Project Site 0101,Material installation,2026-10-24,7,460,0,0,false,,not_requested,true,false
COMMIT-CON-0029,ORDER-CON-0029,ACC-CON-029,PROD-CON-03,CONTRACT-CON-0029,committed,2026-10-25,contractual,REC-CON-0029,POOL-CON-03,Synthetic Office Refurbishment 029,Synthetic Project Site 0029,Material installation,2026-10-26,8,390,0,0,false,,not_requested,true,false
COMMIT-CON-0093,ORDER-CON-0093,ACC-CON-093,PROD-CON-03,CONTRACT-CON-0093,committed,2026-10-26,contractual,REC-CON-0093,POOL-CON-03,Synthetic School Renovation 093,Synthetic Project Site 0093,Material installation,2026-10-27,9,240,0,0,false,,not_requested,true,false
COMMIT-CON-0061,ORDER-CON-0061,ACC-CON-061,PROD-CON-03,CONTRACT-CON-0061,committed,2026-10-27,contractual,REC-CON-0061,POOL-CON-03,Synthetic Apartments 061,Synthetic Project Site 0061,Material installation,2026-10-28,10,370,0,0,false,,not_requested,true,false
COMMIT-CON-0037,ORDER-CON-0037,ACC-CON-037,PROD-CON-03,CONTRACT-CON-0037,committed,2026-10-20,strategic,REC-CON-0037,POOL-CON-03,Synthetic Apartments 037,Synthetic Project Site 0037,Material installation,2026-10-21,11,160,0,0,false,,not_requested,true,false
COMMIT-CON-0117,ORDER-CON-0117,ACC-CON-017,PROD-CON-03,CONTRACT-CON-0117,committed,2026-10-21,strategic,REC-CON-0117,POOL-CON-03,Synthetic School Renovation 117,Synthetic Project Site 0117,Material installation,2026-10-22,12,200,0,0,false,,not_requested,true,false
COMMIT-CON-0141,ORDER-CON-0141,ACC-CON-041,PROD-CON-03,CONTRACT-CON-0141,committed,2026-10-22,strategic,REC-CON-0141,POOL-CON-03,Synthetic School Renovation 141,Synthetic Project Site 0141,Material installation,2026-10-23,13,290,0,0,false,,not_requested,true,false
COMMIT-CON-0157,ORDER-CON-0157,ACC-CON-057,PROD-CON-03,CONTRACT-CON-0157,committed,2026-11-04,strategic,REC-CON-0157,POOL-CON-03,Synthetic Apartments 157,Synthetic Project Site 0157,Material installation,2026-11-05,14,500,0,0,false,,not_requested,true,false
COMMIT-CON-0189,ORDER-CON-0189,ACC-CON-089,PROD-CON-03,CONTRACT-CON-0189,at_risk,2026-11-05,strategic,REC-CON-0189,POOL-CON-03,Synthetic School Renovation 189,Synthetic Project Site 0189,Material installation,2026-11-06,15,55,115,0,false,,not_requested,true,false
COMMIT-CON-0045,ORDER-CON-0045,ACC-CON-045,PROD-CON-03,CONTRACT-CON-0045,at_risk,2026-10-15,standard,REC-CON-0045,POOL-CON-03,Synthetic School Renovation 045,Synthetic Project Site 0045,Material installation,2026-10-16,16,0,450,0,false,,not_requested,true,false
COMMIT-CON-0053,ORDER-CON-0053,ACC-CON-053,PROD-CON-03,CONTRACT-CON-0053,at_risk,2026-10-15,standard,REC-CON-0053,POOL-CON-03,Synthetic Office Refurbishment 053,Synthetic Project Site 0053,Material installation,2026-10-16,17,0,180,0,false,,not_requested,true,false
COMMIT-CON-0133,ORDER-CON-0133,ACC-CON-033,PROD-CON-03,CONTRACT-CON-0133,at_risk,2026-10-15,standard,REC-CON-0133,POOL-CON-03,Synthetic Apartments 133,Synthetic Project Site 0133,Material installation,2026-10-16,18,0,460,0,false,,not_requested,true,false
COMMIT-CON-0173,ORDER-CON-0173,ACC-CON-073,PROD-CON-03,CONTRACT-CON-0173,at_risk,2026-10-19,standard,REC-CON-0173,POOL-CON-03,Synthetic Office Refurbishment 173,Synthetic Project Site 0173,Material installation,2026-10-20,19,0,160,0,false,,not_requested,true,false
COMMIT-CON-0197,ORDER-CON-0197,ACC-CON-097,PROD-CON-03,CONTRACT-CON-0197,at_risk,2026-10-24,standard,REC-CON-0197,POOL-CON-03,Synthetic Office Refurbishment 197,Synthetic Project Site 0197,Material installation,2026-10-25,20,0,100,0,false,,not_requested,true,false
COMMIT-CON-0149,ORDER-CON-0149,ACC-CON-049,PROD-CON-03,CONTRACT-CON-0149,at_risk,2026-10-27,standard,REC-CON-0149,POOL-CON-03,Synthetic Office Refurbishment 149,Synthetic Project Site 0149,Material installation,2026-10-28,21,0,290,0,false,,not_requested,true,false
COMMIT-CON-0069,ORDER-CON-0069,ACC-CON-069,PROD-CON-03,CONTRACT-CON-0069,at_risk,2026-10-31,standard,REC-CON-0069,POOL-CON-03,Synthetic School Renovation 069,Synthetic Project Site 0069,Material installation,2026-11-01,22,0,100,0,false,,not_requested,true,false
COMMIT-CON-0125,ORDER-CON-0125,ACC-CON-025,PROD-CON-03,CONTRACT-CON-0125,at_risk,2026-10-31,standard,REC-CON-0125,POOL-CON-03,Synthetic Office Refurbishment 125,Synthetic Project Site 0125,Material installation,2026-11-01,23,0,470,0,false,,not_requested,true,false
COMMIT-CON-0085,ORDER-CON-0085,ACC-CON-085,PROD-CON-03,CONTRACT-CON-0085,at_risk,2026-11-04,standard,REC-CON-0085,POOL-CON-03,Synthetic Apartments 085,Synthetic Project Site 0085,Material installation,2026-11-05,24,0,430,0,false,,not_requested,true,false
COMMIT-CON-0014,ORDER-CON-0014,ACC-CON-014,PROD-CON-04,CONTRACT-CON-0014,committed,2026-10-15,contractual,REC-CON-0014,POOL-CON-04,Synthetic Office Refurbishment 014,Synthetic Project Site 0014,Material installation,2026-10-16,1,270,0,0,false,,not_requested,true,false
COMMIT-CON-0110,ORDER-CON-0110,ACC-CON-010,PROD-CON-04,CONTRACT-CON-0110,committed,2026-10-22,contractual,REC-CON-0110,POOL-CON-04,Synthetic Office Refurbishment 110,Synthetic Project Site 0110,Material installation,2026-10-23,2,440,0,0,false,,not_requested,true,false
COMMIT-CON-0070,ORDER-CON-0070,ACC-CON-070,PROD-CON-04,CONTRACT-CON-0070,committed,2026-10-24,contractual,REC-CON-0070,POOL-CON-04,Synthetic Apartments 070,Synthetic Project Site 0070,Material installation,2026-10-25,3,260,0,0,false,,not_requested,true,false
COMMIT-CON-0046,ORDER-CON-0046,ACC-CON-046,PROD-CON-04,CONTRACT-CON-0046,committed,2026-11-03,contractual,REC-CON-0046,POOL-CON-04,Synthetic Apartments 046,Synthetic Project Site 0046,Material installation,2026-11-04,4,300,0,0,false,,not_requested,true,false
COMMIT-CON-0142,ORDER-CON-0142,ACC-CON-042,PROD-CON-04,CONTRACT-CON-0142,committed,2026-10-08,strategic,REC-CON-0142,POOL-CON-04,Synthetic Apartments 142,Synthetic Project Site 0142,Material installation,2026-10-09,5,140,0,0,false,,not_requested,true,false
COMMIT-CON-0118,ORDER-CON-0118,ACC-CON-018,PROD-CON-04,CONTRACT-CON-0118,committed,2026-10-14,strategic,REC-CON-0118,POOL-CON-04,Synthetic Apartments 118,Synthetic Project Site 0118,Material installation,2026-10-15,6,400,0,0,false,,not_requested,true,false
COMMIT-CON-0182,ORDER-CON-0182,ACC-CON-082,PROD-CON-04,CONTRACT-CON-0182,committed,2026-10-19,strategic,REC-CON-0182,POOL-CON-04,Synthetic Office Refurbishment 182,Synthetic Project Site 0182,Material installation,2026-10-20,7,390,0,0,false,,not_requested,true,false
COMMIT-CON-0198,ORDER-CON-0198,ACC-CON-098,PROD-CON-04,CONTRACT-CON-0198,committed,2026-10-19,strategic,REC-CON-0198,POOL-CON-04,Synthetic School Renovation 198,Synthetic Project Site 0198,Material installation,2026-10-20,8,220,0,0,false,,not_requested,true,false
COMMIT-CON-0158,ORDER-CON-0158,ACC-CON-058,PROD-CON-04,CONTRACT-CON-0158,committed,2026-10-23,strategic,REC-CON-0158,POOL-CON-04,Synthetic Office Refurbishment 158,Synthetic Project Site 0158,Material installation,2026-10-24,9,420,0,0,false,,not_requested,true,false
COMMIT-CON-0054,ORDER-CON-0054,ACC-CON-054,PROD-CON-04,CONTRACT-CON-0054,committed,2026-10-25,strategic,REC-CON-0054,POOL-CON-04,Synthetic School Renovation 054,Synthetic Project Site 0054,Material installation,2026-10-26,10,450,0,0,false,,not_requested,true,false
COMMIT-CON-0022,ORDER-CON-0022,ACC-CON-022,PROD-CON-04,CONTRACT-CON-0022,committed,2026-10-26,strategic,REC-CON-0022,POOL-CON-04,Synthetic Apartments 022,Synthetic Project Site 0022,Material installation,2026-10-27,11,380,0,0,false,,not_requested,true,false
COMMIT-CON-0190,ORDER-CON-0190,ACC-CON-090,PROD-CON-04,CONTRACT-CON-0190,committed,2026-10-26,strategic,REC-CON-0190,POOL-CON-04,Synthetic Apartments 190,Synthetic Project Site 0190,Material installation,2026-10-27,12,210,0,0,false,,not_requested,true,false
COMMIT-CON-0038,ORDER-CON-0038,ACC-CON-038,PROD-CON-04,CONTRACT-CON-0038,committed,2026-10-28,strategic,REC-CON-0038,POOL-CON-04,Synthetic Office Refurbishment 038,Synthetic Project Site 0038,Material installation,2026-10-29,13,390,0,0,false,,not_requested,true,false
COMMIT-CON-0126,ORDER-CON-0126,ACC-CON-026,PROD-CON-04,CONTRACT-CON-0126,committed,2026-10-31,strategic,REC-CON-0126,POOL-CON-04,Synthetic School Renovation 126,Synthetic Project Site 0126,Material installation,2026-11-01,14,130,0,0,false,,not_requested,true,false
COMMIT-CON-0102,ORDER-CON-0102,ACC-CON-002,PROD-CON-04,CONTRACT-CON-0102,committed,2026-11-02,strategic,REC-CON-0102,POOL-CON-04,Synthetic School Renovation 102,Synthetic Project Site 0102,Material installation,2026-11-03,15,400,0,0,false,,not_requested,true,false
COMMIT-CON-0078,ORDER-CON-0078,ACC-CON-078,PROD-CON-04,CONTRACT-CON-0078,at_risk,2026-11-05,strategic,REC-CON-0078,POOL-CON-04,Synthetic School Renovation 078,Synthetic Project Site 0078,Material installation,2026-11-06,16,198,132,0,false,,not_requested,true,false
COMMIT-CON-0150,ORDER-CON-0150,ACC-CON-050,PROD-CON-04,CONTRACT-CON-0150,at_risk,2026-10-08,standard,REC-CON-0150,POOL-CON-04,Synthetic School Renovation 150,Synthetic Project Site 0150,Material installation,2026-10-09,17,0,430,0,false,,not_requested,true,false
COMMIT-CON-0134,ORDER-CON-0134,ACC-CON-034,PROD-CON-04,CONTRACT-CON-0134,at_risk,2026-10-09,standard,REC-CON-0134,POOL-CON-04,Synthetic Office Refurbishment 134,Synthetic Project Site 0134,Material installation,2026-10-10,18,0,480,0,false,,not_requested,true,false
COMMIT-CON-0030,ORDER-CON-0030,ACC-CON-030,PROD-CON-04,CONTRACT-CON-0030,at_risk,2026-10-10,standard,REC-CON-0030,POOL-CON-04,Synthetic School Renovation 030,Synthetic Project Site 0030,Material installation,2026-10-11,19,0,340,0,false,,not_requested,true,false
COMMIT-CON-0094,ORDER-CON-0094,ACC-CON-094,PROD-CON-04,CONTRACT-CON-0094,at_risk,2026-10-10,standard,REC-CON-0094,POOL-CON-04,Synthetic Apartments 094,Synthetic Project Site 0094,Material installation,2026-10-11,20,0,100,0,false,,not_requested,true,false
COMMIT-CON-0086,ORDER-CON-0086,ACC-CON-086,PROD-CON-04,CONTRACT-CON-0086,at_risk,2026-10-14,standard,REC-CON-0086,POOL-CON-04,Synthetic Office Refurbishment 086,Synthetic Project Site 0086,Material installation,2026-10-15,21,0,370,0,false,,not_requested,true,false
COMMIT-CON-0062,ORDER-CON-0062,ACC-CON-062,PROD-CON-04,CONTRACT-CON-0062,at_risk,2026-10-20,standard,REC-CON-0062,POOL-CON-04,Synthetic Office Refurbishment 062,Synthetic Project Site 0062,Material installation,2026-10-21,22,0,340,0,false,,not_requested,true,false
COMMIT-CON-0174,ORDER-CON-0174,ACC-CON-074,PROD-CON-04,CONTRACT-CON-0174,at_risk,2026-10-27,standard,REC-CON-0174,POOL-CON-04,Synthetic School Renovation 174,Synthetic Project Site 0174,Material installation,2026-10-28,23,0,360,0,false,,not_requested,true,false
COMMIT-CON-0166,ORDER-CON-0166,ACC-CON-066,PROD-CON-04,CONTRACT-CON-0166,at_risk,2026-11-05,standard,REC-CON-0166,POOL-CON-04,Synthetic Apartments 166,Synthetic Project Site 0166,Material installation,2026-11-06,24,0,140,0,false,,not_requested,true,false
COMMIT-CON-0004,ORDER-CON-0004,ACC-CON-004,PROD-CON-05,CONTRACT-CON-0004,committed,2026-10-06,contractual,REC-CON-0004,POOL-CON-05,Synthetic Dune Community Hall,Synthetic Project Site 0004,Partition installation,2026-10-07,1,500,0,0,false,,not_requested,true,true
COMMIT-CON-0005,ORDER-CON-0005,ACC-CON-005,PROD-CON-05,CONTRACT-CON-0005,at_risk,2026-10-10,strategic,REC-CON-0005,POOL-CON-05,Synthetic Elm Apartments,Synthetic Project Site 0005,Room partitions,2026-10-11,2,250,150,0,true,PROD-CON-06,human_review_required,true,true
COMMIT-CON-0006,ORDER-CON-0006,ACC-CON-006,PROD-CON-05,CONTRACT-CON-0006,at_risk,2026-10-14,standard,REC-CON-0006,POOL-CON-05,Synthetic Fern Office Refurbishment,Synthetic Project Site 0006,Interior fit-out,2026-10-15,3,0,300,0,true,PROD-CON-06,human_review_required,true,true
COMMIT-CON-0079,ORDER-CON-0079,ACC-CON-079,PROD-CON-06,CONTRACT-CON-0079,committed,2026-10-09,contractual,REC-CON-0079,POOL-CON-06,Synthetic Apartments 079,Synthetic Project Site 0079,Material installation,2026-10-10,1,250,0,0,false,,not_requested,true,false
COMMIT-CON-0095,ORDER-CON-0095,ACC-CON-095,PROD-CON-06,CONTRACT-CON-0095,committed,2026-10-09,contractual,REC-CON-0095,POOL-CON-06,Synthetic Office Refurbishment 095,Synthetic Project Site 0095,Material installation,2026-10-10,2,500,0,0,false,,not_requested,true,false
COMMIT-CON-0103,ORDER-CON-0103,ACC-CON-003,PROD-CON-06,CONTRACT-CON-0103,committed,2026-10-11,contractual,REC-CON-0103,POOL-CON-06,Synthetic Apartments 103,Synthetic Project Site 0103,Material installation,2026-10-12,3,220,0,0,false,,not_requested,true,false
COMMIT-CON-0183,ORDER-CON-0183,ACC-CON-083,PROD-CON-06,CONTRACT-CON-0183,committed,2026-10-15,contractual,REC-CON-0183,POOL-CON-06,Synthetic School Renovation 183,Synthetic Project Site 0183,Material installation,2026-10-16,4,240,0,0,false,,not_requested,true,false
COMMIT-CON-0167,ORDER-CON-0167,ACC-CON-067,PROD-CON-06,CONTRACT-CON-0167,committed,2026-10-25,contractual,REC-CON-0167,POOL-CON-06,Synthetic Office Refurbishment 167,Synthetic Project Site 0167,Material installation,2026-10-26,5,190,0,0,false,,not_requested,true,false
COMMIT-CON-0143,ORDER-CON-0143,ACC-CON-043,PROD-CON-06,CONTRACT-CON-0143,committed,2026-10-26,contractual,REC-CON-0143,POOL-CON-06,Synthetic Office Refurbishment 143,Synthetic Project Site 0143,Material installation,2026-10-27,6,490,0,0,false,,not_requested,true,false
COMMIT-CON-0015,ORDER-CON-0015,ACC-CON-015,PROD-CON-06,CONTRACT-CON-0015,committed,2026-10-31,contractual,REC-CON-0015,POOL-CON-06,Synthetic School Renovation 015,Synthetic Project Site 0015,Material installation,2026-11-01,7,180,0,0,false,,not_requested,true,false
COMMIT-CON-0023,ORDER-CON-0023,ACC-CON-023,PROD-CON-06,CONTRACT-CON-0023,committed,2026-11-01,contractual,REC-CON-0023,POOL-CON-06,Synthetic Office Refurbishment 023,Synthetic Project Site 0023,Material installation,2026-11-02,8,100,0,0,false,,not_requested,true,false
COMMIT-CON-0047,ORDER-CON-0047,ACC-CON-047,PROD-CON-06,CONTRACT-CON-0047,committed,2026-11-03,contractual,REC-CON-0047,POOL-CON-06,Synthetic Office Refurbishment 047,Synthetic Project Site 0047,Material installation,2026-11-04,9,240,0,0,false,,not_requested,true,false
COMMIT-CON-0071,ORDER-CON-0071,ACC-CON-071,PROD-CON-06,CONTRACT-CON-0071,committed,2026-11-06,contractual,REC-CON-0071,POOL-CON-06,Synthetic Office Refurbishment 071,Synthetic Project Site 0071,Material installation,2026-11-07,10,420,0,0,false,,not_requested,true,false
COMMIT-CON-0175,ORDER-CON-0175,ACC-CON-075,PROD-CON-06,CONTRACT-CON-0175,committed,2026-11-06,contractual,REC-CON-0175,POOL-CON-06,Synthetic Apartments 175,Synthetic Project Site 0175,Material installation,2026-11-07,11,190,0,0,false,,not_requested,true,false
COMMIT-CON-0111,ORDER-CON-0111,ACC-CON-011,PROD-CON-06,CONTRACT-CON-0111,committed,2026-10-13,strategic,REC-CON-0111,POOL-CON-06,Synthetic School Renovation 111,Synthetic Project Site 0111,Material installation,2026-10-14,12,370,0,0,false,,not_requested,true,false
COMMIT-CON-0119,ORDER-CON-0119,ACC-CON-019,PROD-CON-06,CONTRACT-CON-0119,committed,2026-10-13,strategic,REC-CON-0119,POOL-CON-06,Synthetic Office Refurbishment 119,Synthetic Project Site 0119,Material installation,2026-10-14,13,130,0,0,false,,not_requested,true,false
COMMIT-CON-0039,ORDER-CON-0039,ACC-CON-039,PROD-CON-06,CONTRACT-CON-0039,committed,2026-10-19,strategic,REC-CON-0039,POOL-CON-06,Synthetic School Renovation 039,Synthetic Project Site 0039,Material installation,2026-10-20,14,200,0,0,false,,not_requested,true,false
COMMIT-CON-0063,ORDER-CON-0063,ACC-CON-063,PROD-CON-06,CONTRACT-CON-0063,at_risk,2026-10-24,strategic,REC-CON-0063,POOL-CON-06,Synthetic School Renovation 063,Synthetic Project Site 0063,Material installation,2026-10-25,15,310,80,0,false,,not_requested,true,false
COMMIT-CON-0199,ORDER-CON-0199,ACC-CON-099,PROD-CON-06,CONTRACT-CON-0199,at_risk,2026-10-29,strategic,REC-CON-0199,POOL-CON-06,Synthetic Apartments 199,Synthetic Project Site 0199,Material installation,2026-10-30,16,0,140,0,false,,not_requested,true,false
COMMIT-CON-0087,ORDER-CON-0087,ACC-CON-087,PROD-CON-06,CONTRACT-CON-0087,at_risk,2026-10-30,strategic,REC-CON-0087,POOL-CON-06,Synthetic School Renovation 087,Synthetic Project Site 0087,Material installation,2026-10-31,17,0,220,0,false,,not_requested,true,false
COMMIT-CON-0127,ORDER-CON-0127,ACC-CON-027,PROD-CON-06,CONTRACT-CON-0127,at_risk,2026-10-09,standard,REC-CON-0127,POOL-CON-06,Synthetic Apartments 127,Synthetic Project Site 0127,Material installation,2026-10-10,18,0,130,0,false,,not_requested,true,false
COMMIT-CON-0159,ORDER-CON-0159,ACC-CON-059,PROD-CON-06,CONTRACT-CON-0159,at_risk,2026-10-10,standard,REC-CON-0159,POOL-CON-06,Synthetic School Renovation 159,Synthetic Project Site 0159,Material installation,2026-10-11,19,0,130,0,false,,not_requested,true,false
COMMIT-CON-0191,ORDER-CON-0191,ACC-CON-091,PROD-CON-06,CONTRACT-CON-0191,at_risk,2026-10-11,standard,REC-CON-0191,POOL-CON-06,Synthetic Office Refurbishment 191,Synthetic Project Site 0191,Material installation,2026-10-12,20,0,120,0,false,,not_requested,true,false
COMMIT-CON-0151,ORDER-CON-0151,ACC-CON-051,PROD-CON-06,CONTRACT-CON-0151,at_risk,2026-10-17,standard,REC-CON-0151,POOL-CON-06,Synthetic Apartments 151,Synthetic Project Site 0151,Material installation,2026-10-18,21,0,450,0,false,,not_requested,true,false
COMMIT-CON-0055,ORDER-CON-0055,ACC-CON-055,PROD-CON-06,CONTRACT-CON-0055,at_risk,2026-10-21,standard,REC-CON-0055,POOL-CON-06,Synthetic Apartments 055,Synthetic Project Site 0055,Material installation,2026-10-22,22,0,470,0,false,,not_requested,true,false
COMMIT-CON-0135,ORDER-CON-0135,ACC-CON-035,PROD-CON-06,CONTRACT-CON-0135,at_risk,2026-10-21,standard,REC-CON-0135,POOL-CON-06,Synthetic School Renovation 135,Synthetic Project Site 0135,Material installation,2026-10-22,23,0,150,0,false,,not_requested,true,false
COMMIT-CON-0031,ORDER-CON-0031,ACC-CON-031,PROD-CON-06,CONTRACT-CON-0031,at_risk,2026-11-03,standard,REC-CON-0031,POOL-CON-06,Synthetic Apartments 031,Synthetic Project Site 0031,Material installation,2026-11-04,24,0,280,0,false,,not_requested,true,false
COMMIT-CON-0080,ORDER-CON-0080,ACC-CON-080,PROD-CON-07,CONTRACT-CON-0080,committed,2026-10-10,contractual,REC-CON-0080,POOL-CON-07,Synthetic Office Refurbishment 080,Synthetic Project Site 0080,Material installation,2026-10-11,1,460,0,0,false,,not_requested,true,false
COMMIT-CON-0112,ORDER-CON-0112,ACC-CON-012,PROD-CON-07,CONTRACT-CON-0112,committed,2026-10-15,contractual,REC-CON-0112,POOL-CON-07,Synthetic Apartments 112,Synthetic Project Site 0112,Material installation,2026-10-16,2,390,0,0,false,,not_requested,true,false
COMMIT-CON-0056,ORDER-CON-0056,ACC-CON-056,PROD-CON-07,CONTRACT-CON-0056,committed,2026-10-19,contractual,REC-CON-0056,POOL-CON-07,Synthetic Office Refurbishment 056,Synthetic Project Site 0056,Material installation,2026-10-20,3,350,0,0,false,,not_requested,true,false
COMMIT-CON-0144,ORDER-CON-0144,ACC-CON-044,PROD-CON-07,CONTRACT-CON-0144,committed,2026-10-25,contractual,REC-CON-0144,POOL-CON-07,Synthetic School Renovation 144,Synthetic Project Site 0144,Material installation,2026-10-26,4,140,0,0,false,,not_requested,true,false
COMMIT-CON-0176,ORDER-CON-0176,ACC-CON-076,PROD-CON-07,CONTRACT-CON-0176,committed,2026-11-02,contractual,REC-CON-0176,POOL-CON-07,Synthetic Office Refurbishment 176,Synthetic Project Site 0176,Material installation,2026-11-03,5,200,0,0,false,,not_requested,true,false
COMMIT-CON-0064,ORDER-CON-0064,ACC-CON-064,PROD-CON-07,CONTRACT-CON-0064,committed,2026-11-04,contractual,REC-CON-0064,POOL-CON-07,Synthetic Apartments 064,Synthetic Project Site 0064,Material installation,2026-11-05,6,450,0,0,false,,not_requested,true,false
COMMIT-CON-0096,ORDER-CON-0096,ACC-CON-096,PROD-CON-07,CONTRACT-CON-0096,committed,2026-11-05,contractual,REC-CON-0096,POOL-CON-07,Synthetic School Renovation 096,Synthetic Project Site 0096,Material installation,2026-11-06,7,140,0,0,false,,not_requested,true,false
COMMIT-CON-0152,ORDER-CON-0152,ACC-CON-052,PROD-CON-07,CONTRACT-CON-0152,committed,2026-11-05,contractual,REC-CON-0152,POOL-CON-07,Synthetic Office Refurbishment 152,Synthetic Project Site 0152,Material installation,2026-11-06,8,160,0,0,false,,not_requested,true,false
COMMIT-CON-0024,ORDER-CON-0024,ACC-CON-024,PROD-CON-07,CONTRACT-CON-0024,committed,2026-10-18,strategic,REC-CON-0024,POOL-CON-07,Synthetic School Renovation 024,Synthetic Project Site 0024,Material installation,2026-10-19,9,370,0,0,false,,not_requested,true,false
COMMIT-CON-0104,ORDER-CON-0104,ACC-CON-004,PROD-CON-07,CONTRACT-CON-0104,committed,2026-10-19,strategic,REC-CON-0104,POOL-CON-07,Synthetic Office Refurbishment 104,Synthetic Project Site 0104,Material installation,2026-10-20,10,370,0,0,false,,not_requested,true,false
COMMIT-CON-0048,ORDER-CON-0048,ACC-CON-048,PROD-CON-07,CONTRACT-CON-0048,committed,2026-10-20,strategic,REC-CON-0048,POOL-CON-07,Synthetic School Renovation 048,Synthetic Project Site 0048,Material installation,2026-10-21,11,300,0,0,false,,not_requested,true,false
COMMIT-CON-0120,ORDER-CON-0120,ACC-CON-020,PROD-CON-07,CONTRACT-CON-0120,committed,2026-10-20,strategic,REC-CON-0120,POOL-CON-07,Synthetic School Renovation 120,Synthetic Project Site 0120,Material installation,2026-10-21,12,100,0,0,false,,not_requested,true,false
COMMIT-CON-0184,ORDER-CON-0184,ACC-CON-084,PROD-CON-07,CONTRACT-CON-0184,committed,2026-10-20,strategic,REC-CON-0184,POOL-CON-07,Synthetic Apartments 184,Synthetic Project Site 0184,Material installation,2026-10-21,13,220,0,0,false,,not_requested,true,false
COMMIT-CON-0040,ORDER-CON-0040,ACC-CON-040,PROD-CON-07,CONTRACT-CON-0040,committed,2026-10-29,strategic,REC-CON-0040,POOL-CON-07,Synthetic Apartments 040,Synthetic Project Site 0040,Material installation,2026-10-30,14,230,0,0,false,,not_requested,true,false
COMMIT-CON-0160,ORDER-CON-0160,ACC-CON-060,PROD-CON-07,CONTRACT-CON-0160,committed,2026-11-03,strategic,REC-CON-0160,POOL-CON-07,Synthetic Apartments 160,Synthetic Project Site 0160,Material installation,2026-11-04,15,370,0,0,false,,not_requested,true,false
COMMIT-CON-0032,ORDER-CON-0032,ACC-CON-032,PROD-CON-07,CONTRACT-CON-0032,committed,2026-11-05,strategic,REC-CON-0032,POOL-CON-07,Synthetic Office Refurbishment 032,Synthetic Project Site 0032,Material installation,2026-11-06,16,490,0,0,false,,not_requested,true,false
COMMIT-CON-0016,ORDER-CON-0016,ACC-CON-016,PROD-CON-07,CONTRACT-CON-0016,committed,2026-10-10,standard,REC-CON-0016,POOL-CON-07,Synthetic Apartments 016,Synthetic Project Site 0016,Material installation,2026-10-11,17,440,0,0,false,,not_requested,true,false
COMMIT-CON-0072,ORDER-CON-0072,ACC-CON-072,PROD-CON-07,CONTRACT-CON-0072,at_risk,2026-10-17,standard,REC-CON-0072,POOL-CON-07,Synthetic School Renovation 072,Synthetic Project Site 0072,Material installation,2026-10-18,18,78,422,0,false,,not_requested,true,false
COMMIT-CON-0200,ORDER-CON-0200,ACC-CON-100,PROD-CON-07,CONTRACT-CON-0200,at_risk,2026-10-18,standard,REC-CON-0200,POOL-CON-07,Synthetic Office Refurbishment 200,Synthetic Project Site 0200,Material installation,2026-10-19,19,0,490,0,false,,not_requested,true,false
COMMIT-CON-0192,ORDER-CON-0192,ACC-CON-092,PROD-CON-07,CONTRACT-CON-0192,at_risk,2026-10-19,standard,REC-CON-0192,POOL-CON-07,Synthetic School Renovation 192,Synthetic Project Site 0192,Material installation,2026-10-20,20,0,370,0,false,,not_requested,true,false
COMMIT-CON-0128,ORDER-CON-0128,ACC-CON-028,PROD-CON-07,CONTRACT-CON-0128,at_risk,2026-10-24,standard,REC-CON-0128,POOL-CON-07,Synthetic Office Refurbishment 128,Synthetic Project Site 0128,Material installation,2026-10-25,21,0,400,0,false,,not_requested,true,false
COMMIT-CON-0136,ORDER-CON-0136,ACC-CON-036,PROD-CON-07,CONTRACT-CON-0136,at_risk,2026-10-26,standard,REC-CON-0136,POOL-CON-07,Synthetic Apartments 136,Synthetic Project Site 0136,Material installation,2026-10-27,22,0,470,0,false,,not_requested,true,false
COMMIT-CON-0168,ORDER-CON-0168,ACC-CON-068,PROD-CON-07,CONTRACT-CON-0168,at_risk,2026-10-26,standard,REC-CON-0168,POOL-CON-07,Synthetic School Renovation 168,Synthetic Project Site 0168,Material installation,2026-10-27,23,0,330,0,false,,not_requested,true,false
COMMIT-CON-0088,ORDER-CON-0088,ACC-CON-088,PROD-CON-07,CONTRACT-CON-0088,at_risk,2026-10-29,standard,REC-CON-0088,POOL-CON-07,Synthetic Apartments 088,Synthetic Project Site 0088,Material installation,2026-10-30,24,0,350,0,false,,not_requested,true,false
COMMIT-CON-0177,ORDER-CON-0177,ACC-CON-077,PROD-CON-08,CONTRACT-CON-0177,committed,2026-10-08,contractual,REC-CON-0177,POOL-CON-08,Synthetic School Renovation 177,Synthetic Project Site 0177,Material installation,2026-10-09,1,360,0,0,false,,not_requested,true,false
COMMIT-CON-0017,ORDER-CON-0017,ACC-CON-017,PROD-CON-08,CONTRACT-CON-0017,committed,2026-10-09,contractual,REC-CON-0017,POOL-CON-08,Synthetic Office Refurbishment 017,Synthetic Project Site 0017,Material installation,2026-10-10,2,370,0,0,false,,not_requested,true,false
COMMIT-CON-0153,ORDER-CON-0153,ACC-CON-053,PROD-CON-08,CONTRACT-CON-0153,committed,2026-10-11,contractual,REC-CON-0153,POOL-CON-08,Synthetic School Renovation 153,Synthetic Project Site 0153,Material installation,2026-10-12,3,260,0,0,false,,not_requested,true,false
COMMIT-CON-0145,ORDER-CON-0145,ACC-CON-045,PROD-CON-08,CONTRACT-CON-0145,committed,2026-10-16,contractual,REC-CON-0145,POOL-CON-08,Synthetic Apartments 145,Synthetic Project Site 0145,Material installation,2026-10-17,4,420,0,0,false,,not_requested,true,false
COMMIT-CON-0169,ORDER-CON-0169,ACC-CON-069,PROD-CON-08,CONTRACT-CON-0169,committed,2026-10-21,contractual,REC-CON-0169,POOL-CON-08,Synthetic Apartments 169,Synthetic Project Site 0169,Material installation,2026-10-22,5,190,0,0,false,,not_requested,true,false
COMMIT-CON-0073,ORDER-CON-0073,ACC-CON-073,PROD-CON-08,CONTRACT-CON-0073,committed,2026-10-27,contractual,REC-CON-0073,POOL-CON-08,Synthetic Apartments 073,Synthetic Project Site 0073,Material installation,2026-10-28,6,420,0,0,false,,not_requested,true,false
COMMIT-CON-0081,ORDER-CON-0081,ACC-CON-081,PROD-CON-08,CONTRACT-CON-0081,committed,2026-11-03,contractual,REC-CON-0081,POOL-CON-08,Synthetic School Renovation 081,Synthetic Project Site 0081,Material installation,2026-11-04,7,410,0,0,false,,not_requested,true,false
COMMIT-CON-0185,ORDER-CON-0185,ACC-CON-085,PROD-CON-08,CONTRACT-CON-0185,committed,2026-11-04,contractual,REC-CON-0185,POOL-CON-08,Synthetic Office Refurbishment 185,Synthetic Project Site 0185,Material installation,2026-11-05,8,270,0,0,false,,not_requested,true,false
COMMIT-CON-0161,ORDER-CON-0161,ACC-CON-061,PROD-CON-08,CONTRACT-CON-0161,committed,2026-10-08,strategic,REC-CON-0161,POOL-CON-08,Synthetic Office Refurbishment 161,Synthetic Project Site 0161,Material installation,2026-10-09,9,120,0,0,false,,not_requested,true,false
COMMIT-CON-0025,ORDER-CON-0025,ACC-CON-025,PROD-CON-08,CONTRACT-CON-0025,committed,2026-10-14,strategic,REC-CON-0025,POOL-CON-08,Synthetic Apartments 025,Synthetic Project Site 0025,Material installation,2026-10-15,10,190,0,0,false,,not_requested,true,false
COMMIT-CON-0121,ORDER-CON-0121,ACC-CON-021,PROD-CON-08,CONTRACT-CON-0121,committed,2026-10-17,strategic,REC-CON-0121,POOL-CON-08,Synthetic Apartments 121,Synthetic Project Site 0121,Material installation,2026-10-18,11,390,0,0,false,,not_requested,true,false
COMMIT-CON-0057,ORDER-CON-0057,ACC-CON-057,PROD-CON-08,CONTRACT-CON-0057,committed,2026-10-24,strategic,REC-CON-0057,POOL-CON-08,Synthetic School Renovation 057,Synthetic Project Site 0057,Material installation,2026-10-25,12,180,0,0,false,,not_requested,true,false
COMMIT-CON-0137,ORDER-CON-0137,ACC-CON-037,PROD-CON-08,CONTRACT-CON-0137,committed,2026-11-06,strategic,REC-CON-0137,POOL-CON-08,Synthetic Office Refurbishment 137,Synthetic Project Site 0137,Material installation,2026-11-07,13,300,0,0,false,,not_requested,true,false
COMMIT-CON-0129,ORDER-CON-0129,ACC-CON-029,PROD-CON-08,CONTRACT-CON-0129,committed,2026-10-09,standard,REC-CON-0129,POOL-CON-08,Synthetic School Renovation 129,Synthetic Project Site 0129,Material installation,2026-10-10,14,200,0,0,false,,not_requested,true,false
COMMIT-CON-0097,ORDER-CON-0097,ACC-CON-097,PROD-CON-08,CONTRACT-CON-0097,at_risk,2026-10-10,standard,REC-CON-0097,POOL-CON-08,Synthetic Apartments 097,Synthetic Project Site 0097,Material installation,2026-10-11,15,255,55,0,false,,not_requested,true,false
COMMIT-CON-0033,ORDER-CON-0033,ACC-CON-033,PROD-CON-08,CONTRACT-CON-0033,at_risk,2026-10-14,standard,REC-CON-0033,POOL-CON-08,Synthetic School Renovation 033,Synthetic Project Site 0033,Material installation,2026-10-15,16,0,460,0,false,,not_requested,true,false
COMMIT-CON-0049,ORDER-CON-0049,ACC-CON-049,PROD-CON-08,CONTRACT-CON-0049,at_risk,2026-10-14,standard,REC-CON-0049,POOL-CON-08,Synthetic Apartments 049,Synthetic Project Site 0049,Material installation,2026-10-15,17,0,140,0,false,,not_requested,true,false
COMMIT-CON-0193,ORDER-CON-0193,ACC-CON-093,PROD-CON-08,CONTRACT-CON-0193,at_risk,2026-10-21,standard,REC-CON-0193,POOL-CON-08,Synthetic Apartments 193,Synthetic Project Site 0193,Material installation,2026-10-22,18,0,300,0,false,,not_requested,true,false
COMMIT-CON-0089,ORDER-CON-0089,ACC-CON-089,PROD-CON-08,CONTRACT-CON-0089,at_risk,2026-10-22,standard,REC-CON-0089,POOL-CON-08,Synthetic Office Refurbishment 089,Synthetic Project Site 0089,Material installation,2026-10-23,19,0,330,0,false,,not_requested,true,false
COMMIT-CON-0105,ORDER-CON-0105,ACC-CON-005,PROD-CON-08,CONTRACT-CON-0105,at_risk,2026-10-22,standard,REC-CON-0105,POOL-CON-08,Synthetic School Renovation 105,Synthetic Project Site 0105,Material installation,2026-10-23,20,0,360,0,false,,not_requested,true,false
COMMIT-CON-0041,ORDER-CON-0041,ACC-CON-041,PROD-CON-08,CONTRACT-CON-0041,at_risk,2026-10-27,standard,REC-CON-0041,POOL-CON-08,Synthetic Office Refurbishment 041,Synthetic Project Site 0041,Material installation,2026-10-28,21,0,140,0,false,,not_requested,true,false
COMMIT-CON-0065,ORDER-CON-0065,ACC-CON-065,PROD-CON-08,CONTRACT-CON-0065,at_risk,2026-10-29,standard,REC-CON-0065,POOL-CON-08,Synthetic Office Refurbishment 065,Synthetic Project Site 0065,Material installation,2026-10-30,22,0,170,0,false,,not_requested,true,false
COMMIT-CON-0113,ORDER-CON-0113,ACC-CON-013,PROD-CON-08,CONTRACT-CON-0113,at_risk,2026-11-02,standard,REC-CON-0113,POOL-CON-08,Synthetic Office Refurbishment 113,Synthetic Project Site 0113,Material installation,2026-11-03,23,0,380,0,false,,not_requested,true,false
COMMIT-CON-0007,ORDER-CON-0007,ACC-CON-007,PROD-CON-09,CONTRACT-CON-0007,committed,2026-10-06,contractual,REC-CON-0007,POOL-CON-09,Synthetic Grove School Renovation,Synthetic Project Site 0007,Window installation,2026-10-07,1,30,0,0,false,,not_requested,true,true
COMMIT-CON-0008,ORDER-CON-0008,ACC-CON-008,PROD-CON-09,CONTRACT-CON-0008,at_risk,2026-10-10,strategic,REC-CON-0008,POOL-CON-09,Synthetic Harbor Apartments,Synthetic Project Site 0008,Window installation,2026-10-11,2,10,15,15,false,,not_requested,true,true
COMMIT-CON-0009,ORDER-CON-0009,ACC-CON-009,PROD-CON-09,CONTRACT-CON-0009,at_risk,2026-10-14,standard,REC-CON-0009,POOL-CON-09,Synthetic Iris Office Refurbishment,Synthetic Project Site 0009,Window installation,2026-10-15,3,0,20,20,false,,not_requested,true,true
COMMIT-CON-0090,ORDER-CON-0090,ACC-CON-090,PROD-CON-10,CONTRACT-CON-0090,committed,2026-10-11,contractual,REC-CON-0090,POOL-CON-10,Synthetic School Renovation 090,Synthetic Project Site 0090,Material installation,2026-10-12,1,38,0,0,false,,not_requested,true,false
COMMIT-CON-0018,ORDER-CON-0018,ACC-CON-018,PROD-CON-10,CONTRACT-CON-0018,committed,2026-10-14,contractual,REC-CON-0018,POOL-CON-10,Synthetic School Renovation 018,Synthetic Project Site 0018,Material installation,2026-10-15,2,15,0,0,false,,not_requested,true,false
COMMIT-CON-0074,ORDER-CON-0074,ACC-CON-074,PROD-CON-10,CONTRACT-CON-0074,committed,2026-10-19,contractual,REC-CON-0074,POOL-CON-10,Synthetic Office Refurbishment 074,Synthetic Project Site 0074,Material installation,2026-10-20,3,19,0,0,false,,not_requested,true,false
COMMIT-CON-0058,ORDER-CON-0058,ACC-CON-058,PROD-CON-10,CONTRACT-CON-0058,committed,2026-11-01,contractual,REC-CON-0058,POOL-CON-10,Synthetic Apartments 058,Synthetic Project Site 0058,Material installation,2026-11-02,4,15,0,0,false,,not_requested,true,false
COMMIT-CON-0082,ORDER-CON-0082,ACC-CON-082,PROD-CON-10,CONTRACT-CON-0082,committed,2026-11-01,contractual,REC-CON-0082,POOL-CON-10,Synthetic Apartments 082,Synthetic Project Site 0082,Material installation,2026-11-02,5,44,0,0,false,,not_requested,true,false
COMMIT-CON-0130,ORDER-CON-0130,ACC-CON-030,PROD-CON-10,CONTRACT-CON-0130,committed,2026-11-04,contractual,REC-CON-0130,POOL-CON-10,Synthetic Apartments 130,Synthetic Project Site 0130,Material installation,2026-11-05,6,15,0,0,false,,not_requested,true,false
COMMIT-CON-0146,ORDER-CON-0146,ACC-CON-046,PROD-CON-10,CONTRACT-CON-0146,committed,2026-11-05,contractual,REC-CON-0146,POOL-CON-10,Synthetic Office Refurbishment 146,Synthetic Project Site 0146,Material installation,2026-11-06,7,32,0,0,false,,not_requested,true,false
COMMIT-CON-0026,ORDER-CON-0026,ACC-CON-026,PROD-CON-10,CONTRACT-CON-0026,committed,2026-10-10,strategic,REC-CON-0026,POOL-CON-10,Synthetic Office Refurbishment 026,Synthetic Project Site 0026,Material installation,2026-10-11,8,16,0,0,false,,not_requested,true,false
COMMIT-CON-0194,ORDER-CON-0194,ACC-CON-094,PROD-CON-10,CONTRACT-CON-0194,committed,2026-10-11,strategic,REC-CON-0194,POOL-CON-10,Synthetic Office Refurbishment 194,Synthetic Project Site 0194,Material installation,2026-10-12,9,42,0,0,false,,not_requested,true,false
COMMIT-CON-0154,ORDER-CON-0154,ACC-CON-054,PROD-CON-10,CONTRACT-CON-0154,committed,2026-10-12,strategic,REC-CON-0154,POOL-CON-10,Synthetic Apartments 154,Synthetic Project Site 0154,Material installation,2026-10-13,10,45,0,0,false,,not_requested,true,false
COMMIT-CON-0170,ORDER-CON-0170,ACC-CON-070,PROD-CON-10,CONTRACT-CON-0170,committed,2026-10-17,strategic,REC-CON-0170,POOL-CON-10,Synthetic Office Refurbishment 170,Synthetic Project Site 0170,Material installation,2026-10-18,11,12,0,0,false,,not_requested,true,false
COMMIT-CON-0162,ORDER-CON-0162,ACC-CON-062,PROD-CON-10,CONTRACT-CON-0162,committed,2026-10-28,strategic,REC-CON-0162,POOL-CON-10,Synthetic School Renovation 162,Synthetic Project Site 0162,Material installation,2026-10-29,12,18,0,0,false,,not_requested,true,false
COMMIT-CON-0178,ORDER-CON-0178,ACC-CON-078,PROD-CON-10,CONTRACT-CON-0178,committed,2026-11-02,strategic,REC-CON-0178,POOL-CON-10,Synthetic Apartments 178,Synthetic Project Site 0178,Material installation,2026-11-03,13,31,0,0,false,,not_requested,true,false
COMMIT-CON-0034,ORDER-CON-0034,ACC-CON-034,PROD-CON-10,CONTRACT-CON-0034,committed,2026-10-09,standard,REC-CON-0034,POOL-CON-10,Synthetic Apartments 034,Synthetic Project Site 0034,Material installation,2026-10-10,14,14,0,0,false,,not_requested,true,false
COMMIT-CON-0114,ORDER-CON-0114,ACC-CON-014,PROD-CON-10,CONTRACT-CON-0114,committed,2026-10-09,standard,REC-CON-0114,POOL-CON-10,Synthetic School Renovation 114,Synthetic Project Site 0114,Material installation,2026-10-10,15,16,0,0,false,,not_requested,true,false
COMMIT-CON-0050,ORDER-CON-0050,ACC-CON-050,PROD-CON-10,CONTRACT-CON-0050,at_risk,2026-10-14,standard,REC-CON-0050,POOL-CON-10,Synthetic Office Refurbishment 050,Synthetic Project Site 0050,Material installation,2026-10-15,16,6,24,0,false,,not_requested,true,false
COMMIT-CON-0098,ORDER-CON-0098,ACC-CON-098,PROD-CON-10,CONTRACT-CON-0098,at_risk,2026-10-16,standard,REC-CON-0098,POOL-CON-10,Synthetic Office Refurbishment 098,Synthetic Project Site 0098,Material installation,2026-10-17,17,0,25,0,false,,not_requested,true,false
COMMIT-CON-0186,ORDER-CON-0186,ACC-CON-086,PROD-CON-10,CONTRACT-CON-0186,at_risk,2026-10-19,standard,REC-CON-0186,POOL-CON-10,Synthetic School Renovation 186,Synthetic Project Site 0186,Material installation,2026-10-20,18,0,27,0,false,,not_requested,true,false
COMMIT-CON-0042,ORDER-CON-0042,ACC-CON-042,PROD-CON-10,CONTRACT-CON-0042,at_risk,2026-10-25,standard,REC-CON-0042,POOL-CON-10,Synthetic School Renovation 042,Synthetic Project Site 0042,Material installation,2026-10-26,19,0,20,0,false,,not_requested,true,false
COMMIT-CON-0106,ORDER-CON-0106,ACC-CON-006,PROD-CON-10,CONTRACT-CON-0106,at_risk,2026-10-29,standard,REC-CON-0106,POOL-CON-10,Synthetic Apartments 106,Synthetic Project Site 0106,Material installation,2026-10-30,20,0,13,0,false,,not_requested,true,false
COMMIT-CON-0122,ORDER-CON-0122,ACC-CON-022,PROD-CON-10,CONTRACT-CON-0122,at_risk,2026-10-29,standard,REC-CON-0122,POOL-CON-10,Synthetic Office Refurbishment 122,Synthetic Project Site 0122,Material installation,2026-10-30,21,0,45,0,false,,not_requested,true,false
COMMIT-CON-0138,ORDER-CON-0138,ACC-CON-038,PROD-CON-10,CONTRACT-CON-0138,at_risk,2026-10-29,standard,REC-CON-0138,POOL-CON-10,Synthetic School Renovation 138,Synthetic Project Site 0138,Material installation,2026-10-30,22,0,23,0,false,,not_requested,true,false
COMMIT-CON-0066,ORDER-CON-0066,ACC-CON-066,PROD-CON-10,CONTRACT-CON-0066,at_risk,2026-11-01,standard,REC-CON-0066,POOL-CON-10,Synthetic School Renovation 066,Synthetic Project Site 0066,Material installation,2026-11-02,23,0,27,0,false,,not_requested,true,false
COMMIT-CON-0123,ORDER-CON-0123,ACC-CON-023,PROD-CON-11,CONTRACT-CON-0123,committed,2026-10-12,contractual,REC-CON-0123,POOL-CON-11,Synthetic School Renovation 123,Synthetic Project Site 0123,Material installation,2026-10-13,1,41,0,0,false,,not_requested,true,false
COMMIT-CON-0179,ORDER-CON-0179,ACC-CON-079,PROD-CON-11,CONTRACT-CON-0179,committed,2026-10-16,contractual,REC-CON-0179,POOL-CON-11,Synthetic Office Refurbishment 179,Synthetic Project Site 0179,Material installation,2026-10-17,2,25,0,0,false,,not_requested,true,false
COMMIT-CON-0019,ORDER-CON-0019,ACC-CON-019,PROD-CON-11,CONTRACT-CON-0019,committed,2026-10-27,contractual,REC-CON-0019,POOL-CON-11,Synthetic Apartments 019,Synthetic Project Site 0019,Material installation,2026-10-28,3,42,0,0,false,,not_requested,true,false
COMMIT-CON-0131,ORDER-CON-0131,ACC-CON-031,PROD-CON-11,CONTRACT-CON-0131,committed,2026-10-27,contractual,REC-CON-0131,POOL-CON-11,Synthetic Office Refurbishment 131,Synthetic Project Site 0131,Material installation,2026-10-28,4,14,0,0,false,,not_requested,true,false
COMMIT-CON-0155,ORDER-CON-0155,ACC-CON-055,PROD-CON-11,CONTRACT-CON-0155,committed,2026-10-27,contractual,REC-CON-0155,POOL-CON-11,Synthetic Office Refurbishment 155,Synthetic Project Site 0155,Material installation,2026-10-28,5,28,0,0,false,,not_requested,true,false
COMMIT-CON-0115,ORDER-CON-0115,ACC-CON-015,PROD-CON-11,CONTRACT-CON-0115,committed,2026-11-03,contractual,REC-CON-0115,POOL-CON-11,Synthetic Apartments 115,Synthetic Project Site 0115,Material installation,2026-11-04,6,44,0,0,false,,not_requested,true,false
COMMIT-CON-0107,ORDER-CON-0107,ACC-CON-007,PROD-CON-11,CONTRACT-CON-0107,committed,2026-10-09,strategic,REC-CON-0107,POOL-CON-11,Synthetic Office Refurbishment 107,Synthetic Project Site 0107,Material installation,2026-10-10,7,16,0,0,false,,not_requested,true,false
COMMIT-CON-0091,ORDER-CON-0091,ACC-CON-091,PROD-CON-11,CONTRACT-CON-0091,committed,2026-10-10,strategic,REC-CON-0091,POOL-CON-11,Synthetic Apartments 091,Synthetic Project Site 0091,Material installation,2026-10-11,8,24,0,0,false,,not_requested,true,false
COMMIT-CON-0067,ORDER-CON-0067,ACC-CON-067,PROD-CON-11,CONTRACT-CON-0067,committed,2026-10-11,strategic,REC-CON-0067,POOL-CON-11,Synthetic Apartments 067,Synthetic Project Site 0067,Material installation,2026-10-12,9,31,0,0,false,,not_requested,true,false
COMMIT-CON-0043,ORDER-CON-0043,ACC-CON-043,PROD-CON-11,CONTRACT-CON-0043,committed,2026-10-13,strategic,REC-CON-0043,POOL-CON-11,Synthetic Apartments 043,Synthetic Project Site 0043,Material installation,2026-10-14,10,25,0,0,false,,not_requested,true,false
COMMIT-CON-0195,ORDER-CON-0195,ACC-CON-095,PROD-CON-11,CONTRACT-CON-0195,committed,2026-10-14,strategic,REC-CON-0195,POOL-CON-11,Synthetic School Renovation 195,Synthetic Project Site 0195,Material installation,2026-10-15,11,46,0,0,false,,not_requested,true,false
COMMIT-CON-0139,ORDER-CON-0139,ACC-CON-039,PROD-CON-11,CONTRACT-CON-0139,committed,2026-10-15,strategic,REC-CON-0139,POOL-CON-11,Synthetic Apartments 139,Synthetic Project Site 0139,Material installation,2026-10-16,12,30,0,0,false,,not_requested,true,false
COMMIT-CON-0027,ORDER-CON-0027,ACC-CON-027,PROD-CON-11,CONTRACT-CON-0027,committed,2026-10-19,strategic,REC-CON-0027,POOL-CON-11,Synthetic School Renovation 027,Synthetic Project Site 0027,Material installation,2026-10-20,13,16,0,0,false,,not_requested,true,false
COMMIT-CON-0147,ORDER-CON-0147,ACC-CON-047,PROD-CON-11,CONTRACT-CON-0147,committed,2026-10-19,strategic,REC-CON-0147,POOL-CON-11,Synthetic School Renovation 147,Synthetic Project Site 0147,Material installation,2026-10-20,14,25,0,0,false,,not_requested,true,false
COMMIT-CON-0083,ORDER-CON-0083,ACC-CON-083,PROD-CON-11,CONTRACT-CON-0083,committed,2026-10-29,strategic,REC-CON-0083,POOL-CON-11,Synthetic Office Refurbishment 083,Synthetic Project Site 0083,Material installation,2026-10-30,15,18,0,0,false,,not_requested,true,false
COMMIT-CON-0163,ORDER-CON-0163,ACC-CON-063,PROD-CON-11,CONTRACT-CON-0163,at_risk,2026-10-31,strategic,REC-CON-0163,POOL-CON-11,Synthetic Apartments 163,Synthetic Project Site 0163,Material installation,2026-11-01,16,7,13,0,false,,not_requested,true,false
COMMIT-CON-0035,ORDER-CON-0035,ACC-CON-035,PROD-CON-11,CONTRACT-CON-0035,at_risk,2026-11-01,strategic,REC-CON-0035,POOL-CON-11,Synthetic Office Refurbishment 035,Synthetic Project Site 0035,Material installation,2026-11-02,17,0,24,0,false,,not_requested,true,false
COMMIT-CON-0171,ORDER-CON-0171,ACC-CON-071,PROD-CON-11,CONTRACT-CON-0171,at_risk,2026-11-05,strategic,REC-CON-0171,POOL-CON-11,Synthetic School Renovation 171,Synthetic Project Site 0171,Material installation,2026-11-06,18,0,12,0,false,,not_requested,true,false
COMMIT-CON-0059,ORDER-CON-0059,ACC-CON-059,PROD-CON-11,CONTRACT-CON-0059,at_risk,2026-10-12,standard,REC-CON-0059,POOL-CON-11,Synthetic Office Refurbishment 059,Synthetic Project Site 0059,Material installation,2026-10-13,19,0,17,0,false,,not_requested,true,false
COMMIT-CON-0099,ORDER-CON-0099,ACC-CON-099,PROD-CON-11,CONTRACT-CON-0099,at_risk,2026-10-14,standard,REC-CON-0099,POOL-CON-11,Synthetic School Renovation 099,Synthetic Project Site 0099,Material installation,2026-10-15,20,0,41,0,false,,not_requested,true,false
COMMIT-CON-0051,ORDER-CON-0051,ACC-CON-051,PROD-CON-11,CONTRACT-CON-0051,at_risk,2026-10-20,standard,REC-CON-0051,POOL-CON-11,Synthetic School Renovation 051,Synthetic Project Site 0051,Material installation,2026-10-21,21,0,41,0,false,,not_requested,true,false
COMMIT-CON-0187,ORDER-CON-0187,ACC-CON-087,PROD-CON-11,CONTRACT-CON-0187,at_risk,2026-10-20,standard,REC-CON-0187,POOL-CON-11,Synthetic Apartments 187,Synthetic Project Site 0187,Material installation,2026-10-21,22,0,42,0,false,,not_requested,true,false
COMMIT-CON-0075,ORDER-CON-0075,ACC-CON-075,PROD-CON-11,CONTRACT-CON-0075,at_risk,2026-11-01,standard,REC-CON-0075,POOL-CON-11,Synthetic School Renovation 075,Synthetic Project Site 0075,Material installation,2026-11-02,23,0,44,0,false,,not_requested,true,false
COMMIT-CON-0124,ORDER-CON-0124,ACC-CON-024,PROD-CON-12,CONTRACT-CON-0124,committed,2026-10-14,contractual,REC-CON-0124,POOL-CON-12,Synthetic Apartments 124,Synthetic Project Site 0124,Material installation,2026-10-15,1,28,0,0,false,,not_requested,true,false
COMMIT-CON-0028,ORDER-CON-0028,ACC-CON-028,PROD-CON-12,CONTRACT-CON-0028,committed,2026-10-16,contractual,REC-CON-0028,POOL-CON-12,Synthetic Apartments 028,Synthetic Project Site 0028,Material installation,2026-10-17,2,48,0,0,false,,not_requested,true,false
COMMIT-CON-0188,ORDER-CON-0188,ACC-CON-088,PROD-CON-12,CONTRACT-CON-0188,committed,2026-10-18,contractual,REC-CON-0188,POOL-CON-12,Synthetic Office Refurbishment 188,Synthetic Project Site 0188,Material installation,2026-10-19,3,44,0,0,false,,not_requested,true,false
COMMIT-CON-0132,ORDER-CON-0132,ACC-CON-032,PROD-CON-12,CONTRACT-CON-0132,committed,2026-10-20,contractual,REC-CON-0132,POOL-CON-12,Synthetic School Renovation 132,Synthetic Project Site 0132,Material installation,2026-10-21,4,25,0,0,false,,not_requested,true,false
COMMIT-CON-0180,ORDER-CON-0180,ACC-CON-080,PROD-CON-12,CONTRACT-CON-0180,committed,2026-10-20,contractual,REC-CON-0180,POOL-CON-12,Synthetic School Renovation 180,Synthetic Project Site 0180,Material installation,2026-10-21,5,16,0,0,false,,not_requested,true,false
COMMIT-CON-0172,ORDER-CON-0172,ACC-CON-072,PROD-CON-12,CONTRACT-CON-0172,committed,2026-10-29,contractual,REC-CON-0172,POOL-CON-12,Synthetic Apartments 172,Synthetic Project Site 0172,Material installation,2026-10-30,6,23,0,0,false,,not_requested,true,false
COMMIT-CON-0108,ORDER-CON-0108,ACC-CON-008,PROD-CON-12,CONTRACT-CON-0108,committed,2026-11-02,contractual,REC-CON-0108,POOL-CON-12,Synthetic School Renovation 108,Synthetic Project Site 0108,Material installation,2026-11-03,7,31,0,0,false,,not_requested,true,false
COMMIT-CON-0036,ORDER-CON-0036,ACC-CON-036,PROD-CON-12,CONTRACT-CON-0036,committed,2026-11-04,contractual,REC-CON-0036,POOL-CON-12,Synthetic School Renovation 036,Synthetic Project Site 0036,Material installation,2026-11-05,8,15,0,0,false,,not_requested,true,false
COMMIT-CON-0116,ORDER-CON-0116,ACC-CON-016,PROD-CON-12,CONTRACT-CON-0116,committed,2026-11-06,contractual,REC-CON-0116,POOL-CON-12,Synthetic Office Refurbishment 116,Synthetic Project Site 0116,Material installation,2026-11-07,9,15,0,0,false,,not_requested,true,false
COMMIT-CON-0052,ORDER-CON-0052,ACC-CON-052,PROD-CON-12,CONTRACT-CON-0052,committed,2026-10-12,strategic,REC-CON-0052,POOL-CON-12,Synthetic Apartments 052,Synthetic Project Site 0052,Material installation,2026-10-13,10,39,0,0,false,,not_requested,true,false
COMMIT-CON-0068,ORDER-CON-0068,ACC-CON-068,PROD-CON-12,CONTRACT-CON-0068,committed,2026-10-13,strategic,REC-CON-0068,POOL-CON-12,Synthetic Office Refurbishment 068,Synthetic Project Site 0068,Material installation,2026-10-14,11,37,0,0,false,,not_requested,true,false
COMMIT-CON-0084,ORDER-CON-0084,ACC-CON-084,PROD-CON-12,CONTRACT-CON-0084,committed,2026-10-13,strategic,REC-CON-0084,POOL-CON-12,Synthetic School Renovation 084,Synthetic Project Site 0084,Material installation,2026-10-14,12,45,0,0,false,,not_requested,true,false
COMMIT-CON-0076,ORDER-CON-0076,ACC-CON-076,PROD-CON-12,CONTRACT-CON-0076,committed,2026-10-27,strategic,REC-CON-0076,POOL-CON-12,Synthetic Apartments 076,Synthetic Project Site 0076,Material installation,2026-10-28,13,10,0,0,false,,not_requested,true,false
COMMIT-CON-0164,ORDER-CON-0164,ACC-CON-064,PROD-CON-12,CONTRACT-CON-0164,at_risk,2026-10-30,strategic,REC-CON-0164,POOL-CON-12,Synthetic Office Refurbishment 164,Synthetic Project Site 0164,Material installation,2026-10-31,14,44,1,0,false,,not_requested,true,false
COMMIT-CON-0196,ORDER-CON-0196,ACC-CON-096,PROD-CON-12,CONTRACT-CON-0196,at_risk,2026-10-30,strategic,REC-CON-0196,POOL-CON-12,Synthetic Apartments 196,Synthetic Project Site 0196,Material installation,2026-10-31,15,0,12,0,false,,not_requested,true,false
COMMIT-CON-0140,ORDER-CON-0140,ACC-CON-040,PROD-CON-12,CONTRACT-CON-0140,at_risk,2026-10-12,standard,REC-CON-0140,POOL-CON-12,Synthetic Office Refurbishment 140,Synthetic Project Site 0140,Material installation,2026-10-13,16,0,35,0,false,,not_requested,true,false
COMMIT-CON-0020,ORDER-CON-0020,ACC-CON-020,PROD-CON-12,CONTRACT-CON-0020,at_risk,2026-10-14,standard,REC-CON-0020,POOL-CON-12,Synthetic Office Refurbishment 020,Synthetic Project Site 0020,Material installation,2026-10-15,17,0,45,0,false,,not_requested,true,false
COMMIT-CON-0156,ORDER-CON-0156,ACC-CON-056,PROD-CON-12,CONTRACT-CON-0156,at_risk,2026-10-14,standard,REC-CON-0156,POOL-CON-12,Synthetic School Renovation 156,Synthetic Project Site 0156,Material installation,2026-10-15,18,0,31,0,false,,not_requested,true,false
COMMIT-CON-0044,ORDER-CON-0044,ACC-CON-044,PROD-CON-12,CONTRACT-CON-0044,at_risk,2026-10-16,standard,REC-CON-0044,POOL-CON-12,Synthetic Office Refurbishment 044,Synthetic Project Site 0044,Material installation,2026-10-17,19,0,34,0,false,,not_requested,true,false
COMMIT-CON-0148,ORDER-CON-0148,ACC-CON-048,PROD-CON-12,CONTRACT-CON-0148,at_risk,2026-10-22,standard,REC-CON-0148,POOL-CON-12,Synthetic Apartments 148,Synthetic Project Site 0148,Material installation,2026-10-23,20,0,20,0,false,,not_requested,true,false
COMMIT-CON-0092,ORDER-CON-0092,ACC-CON-092,PROD-CON-12,CONTRACT-CON-0092,at_risk,2026-10-26,standard,REC-CON-0092,POOL-CON-12,Synthetic Office Refurbishment 092,Synthetic Project Site 0092,Material installation,2026-10-27,21,0,11,0,false,,not_requested,true,false
COMMIT-CON-0100,ORDER-CON-0100,ACC-CON-100,PROD-CON-12,CONTRACT-CON-0100,at_risk,2026-10-31,standard,REC-CON-0100,POOL-CON-12,Synthetic Apartments 100,Synthetic Project Site 0100,Material installation,2026-11-01,22,0,18,0,false,,not_requested,true,false
COMMIT-CON-0060,ORDER-CON-0060,ACC-CON-060,PROD-CON-12,CONTRACT-CON-0060,at_risk,2026-11-02,standard,REC-CON-0060,POOL-CON-12,Synthetic School Renovation 060,Synthetic Project Site 0060,Material installation,2026-11-03,23,0,20,0,false,,not_requested,true,false
