order_id,account_id,product_id,order_qty,committed_date,order_value,unit_price,unit,currency
ORDER-CON-0001,ACC-CON-001,PROD-CON-01,800,2026-10-05,16000,20,m2,EUR
ORDER-CON-0002,ACC-CON-002,PROD-CON-01,600,2026-10-09,12000,20,m2,EUR
ORDER-CON-0003,ACC-CON-003,PROD-CON-01,400,2026-10-16,8000,20,m2,EUR
ORDER-CON-0010,ACC-CON-010,PROD-CON-02,350,2026-10-07,6300,18,m2,EUR
ORDER-CON-0011,ACC-CON-011,PROD-CON-02,250,2026-10-11,4500,18,m2,EUR
ORDER-CON-0012,ACC-CON-012,PROD-CON-02,200,2026-10-18,3600,18,m2,EUR
ORDER-CON-0077,ACC-CON-077,PROD-CON-03,410,2026-10-08,9840,24,m2,EUR
ORDER-CON-0165,ACC-CON-065,PROD-CON-03,450,2026-10-08,10800,24,m2,EUR
ORDER-CON-0013,ACC-CON-013,PROD-CON-03,500,2026-10-11,12000,24,m2,EUR
ORDER-CON-0109,ACC-CON-009,PROD-CON-03,250,2026-10-14,6000,24,m2,EUR
ORDER-CON-0181,ACC-CON-081,PROD-CON-03,400,2026-10-15,9600,24,m2,EUR
ORDER-CON-0021,ACC-CON-021,PROD-CON-03,440,2026-10-21,10560,24,m2,EUR
ORDER-CON-0101,ACC-CON-001,PROD-CON-03,460,2026-10-23,11040,24,m2,EUR
ORDER-CON-0029,ACC-CON-029,PROD-CON-03,390,2026-10-25,9360,24,m2,EUR
ORDER-CON-0093,ACC-CON-093,PROD-CON-03,240,2026-10-26,5760,24,m2,EUR
ORDER-CON-0061,ACC-CON-061,PROD-CON-03,370,2026-10-27,8880,24,m2,EUR
ORDER-CON-0037,ACC-CON-037,PROD-CON-03,160,2026-10-20,3840,24,m2,EUR
ORDER-CON-0117,ACC-CON-017,PROD-CON-03,200,2026-10-21,4800,24,m2,EUR
ORDER-CON-0141,ACC-CON-041,PROD-CON-03,290,2026-10-22,6960,24,m2,EUR
ORDER-CON-0157,ACC-CON-057,PROD-CON-03,500,2026-11-04,12000,24,m2,EUR
ORDER-CON-0189,ACC-CON-089,PROD-CON-03,170,2026-11-05,4080,24,m2,EUR
ORDER-CON-0045,ACC-CON-045,PROD-CON-03,450,2026-10-15,10800,24,m2,EUR
ORDER-CON-0053,ACC-CON-053,PROD-CON-03,180,2026-10-15,4320,24,m2,EUR
ORDER-CON-0133,ACC-CON-033,PROD-CON-03,460,2026-10-15,11040,24,m2,EUR
ORDER-CON-0173,ACC-CON-073,PROD-CON-03,160,2026-10-19,3840,24,m2,EUR
ORDER-CON-0197,ACC-CON-097,PROD-CON-03,100,2026-10-24,2400,24,m2,EUR
ORDER-CON-0149,ACC-CON-049,PROD-CON-03,290,2026-10-27,6960,24,m2,EUR
ORDER-CON-0069,ACC-CON-069,PROD-CON-03,100,2026-10-31,2400,24,m2,EUR
ORDER-CON-0125,ACC-CON-025,PROD-CON-03,470,2026-10-31,11280,24,m2,EUR
ORDER-CON-0085,ACC-CON-085,PROD-CON-03,430,2026-11-04,10320,24,m2,EUR
ORDER-CON-0014,ACC-CON-014,PROD-CON-04,270,2026-10-15,7560,28,m2,EUR
ORDER-CON-0110,ACC-CON-010,PROD-CON-04,440,2026-10-22,12320,28,m2,EUR
ORDER-CON-0070,ACC-CON-070,PROD-CON-04,260,2026-10-24,7280,28,m2,EUR
ORDER-CON-0046,ACC-CON-046,PROD-CON-04,300,2026-11-03,8400,28,m2,EUR
ORDER-CON-0142,ACC-CON-042,PROD-CON-04,140,2026-10-08,3920,28,m2,EUR
ORDER-CON-0118,ACC-CON-018,PROD-CON-04,400,2026-10-14,11200,28,m2,EUR
ORDER-CON-0182,ACC-CON-082,PROD-CON-04,390,2026-10-19,10920,28,m2,EUR
ORDER-CON-0198,ACC-CON-098,PROD-CON-04,220,2026-10-19,6160,28,m2,EUR
ORDER-CON-0158,ACC-CON-058,PROD-CON-04,420,2026-10-23,11760,28,m2,EUR
ORDER-CON-0054,ACC-CON-054,PROD-CON-04,450,2026-10-25,12600,28,m2,EUR
ORDER-CON-0022,ACC-CON-022,PROD-CON-04,380,2026-10-26,10640,28,m2,EUR
ORDER-CON-0190,ACC-CON-090,PROD-CON-04,210,2026-10-26,5880,28,m2,EUR
ORDER-CON-0038,ACC-CON-038,PROD-CON-04,390,2026-10-28,10920,28,m2,EUR
ORDER-CON-0126,ACC-CON-026,PROD-CON-04,130,2026-10-31,3640,28,m2,EUR
ORDER-CON-0102,ACC-CON-002,PROD-CON-04,400,2026-11-02,11200,28,m2,EUR
ORDER-CON-0078,ACC-CON-078,PROD-CON-04,330,2026-11-05,9240,28,m2,EUR
ORDER-CON-0150,ACC-CON-050,PROD-CON-04,430,2026-10-08,12040,28,m2,EUR
ORDER-CON-0134,ACC-CON-034,PROD-CON-04,480,2026-10-09,13440,28,m2,EUR
ORDER-CON-0030,ACC-CON-030,PROD-CON-04,340,2026-10-10,9520,28,m2,EUR
ORDER-CON-0094,ACC-CON-094,PROD-CON-04,100,2026-10-10,2800,28,m2,EUR
ORDER-CON-0086,ACC-CON-086,PROD-CON-04,370,2026-10-14,10360,28,m2,EUR
ORDER-CON-0062,ACC-CON-062,PROD-CON-04,340,2026-10-20,9520,28,m2,EUR
ORDER-CON-0174,ACC-CON-074,PROD-CON-04,360,2026-10-27,10080,28,m2,EUR
ORDER-CON-0166,ACC-CON-066,PROD-CON-04,140,2026-11-05,3920,28,m2,EUR
ORDER-CON-0004,ACC-CON-004,PROD-CON-05,500,2026-10-06,6000,12,m2,EUR
ORDER-CON-0005,ACC-CON-005,PROD-CON-05,400,2026-10-10,4800,12,m2,EUR
ORDER-CON-0006,ACC-CON-006,PROD-CON-05,300,2026-10-14,3600,12,m2,EUR
ORDER-CON-0079,ACC-CON-079,PROD-CON-06,250,2026-10-09,3500,14,m2,EUR
ORDER-CON-0095,ACC-CON-095,PROD-CON-06,500,2026-10-09,7000,14,m2,EUR
ORDER-CON-0103,ACC-CON-003,PROD-CON-06,220,2026-10-11,3080,14,m2,EUR
ORDER-CON-0183,ACC-CON-083,PROD-CON-06,240,2026-10-15,3360,14,m2,EUR
ORDER-CON-0167,ACC-CON-067,PROD-CON-06,190,2026-10-25,2660,14,m2,EUR
ORDER-CON-0143,ACC-CON-043,PROD-CON-06,490,2026-10-26,6860,14,m2,EUR
ORDER-CON-0015,ACC-CON-015,PROD-CON-06,180,2026-10-31,2520,14,m2,EUR
ORDER-CON-0023,ACC-CON-023,PROD-CON-06,100,2026-11-01,1400,14,m2,EUR
ORDER-CON-0047,ACC-CON-047,PROD-CON-06,240,2026-11-03,3360,14,m2,EUR
ORDER-CON-0071,ACC-CON-071,PROD-CON-06,420,2026-11-06,5880,14,m2,EUR
ORDER-CON-0175,ACC-CON-075,PROD-CON-06,190,2026-11-06,2660,14,m2,EUR
ORDER-CON-0111,ACC-CON-011,PROD-CON-06,370,2026-10-13,5180,14,m2,EUR
ORDER-CON-0119,ACC-CON-019,PROD-CON-06,130,2026-10-13,1820,14,m2,EUR
ORDER-CON-0039,ACC-CON-039,PROD-CON-06,200,2026-10-19,2800,14,m2,EUR
ORDER-CON-0063,ACC-CON-063,PROD-CON-06,390,2026-10-24,5460,14,m2,EUR
ORDER-CON-0199,ACC-CON-099,PROD-CON-06,140,2026-10-29,1960,14,m2,EUR
ORDER-CON-0087,ACC-CON-087,PROD-CON-06,220,2026-10-30,3080,14,m2,EUR
ORDER-CON-0127,ACC-CON-027,PROD-CON-06,130,2026-10-09,1820,14,m2,EUR
ORDER-CON-0159,ACC-CON-059,PROD-CON-06,130,2026-10-10,1820,14,m2,EUR
ORDER-CON-0191,ACC-CON-091,PROD-CON-06,120,2026-10-11,1680,14,m2,EUR
ORDER-CON-0151,ACC-CON-051,PROD-CON-06,450,2026-10-17,6300,14,m2,EUR
ORDER-CON-0055,ACC-CON-055,PROD-CON-06,470,2026-10-21,6580,14,m2,EUR
ORDER-CON-0135,ACC-CON-035,PROD-CON-06,150,2026-10-21,2100,14,m2,EUR
ORDER-CON-0031,ACC-CON-031,PROD-CON-06,280,2026-11-03,3920,14,m2,EUR
ORDER-CON-0080,ACC-CON-080,PROD-CON-07,460,2026-10-10,7360,16,m2,EUR
ORDER-CON-0112,ACC-CON-012,PROD-CON-07,390,2026-10-15,6240,16,m2,EUR
ORDER-CON-0056,ACC-CON-056,PROD-CON-07,350,2026-10-19,5600,16,m2,EUR
ORDER-CON-0144,ACC-CON-044,PROD-CON-07,140,2026-10-25,2240,16,m2,EUR
ORDER-CON-0176,ACC-CON-076,PROD-CON-07,200,2026-11-02,3200,16,m2,EUR
ORDER-CON-0064,ACC-CON-064,PROD-CON-07,450,2026-11-04,7200,16,m2,EUR
ORDER-CON-0096,ACC-CON-096,PROD-CON-07,140,2026-11-05,2240,16,m2,EUR
ORDER-CON-0152,ACC-CON-052,PROD-CON-07,160,2026-11-05,2560,16,m2,EUR
ORDER-CON-0024,ACC-CON-024,PROD-CON-07,370,2026-10-18,5920,16,m2,EUR
ORDER-CON-0104,ACC-CON-004,PROD-CON-07,370,2026-10-19,5920,16,m2,EUR
ORDER-CON-0048,ACC-CON-048,PROD-CON-07,300,2026-10-20,4800,16,m2,EUR
ORDER-CON-0120,ACC-CON-020,PROD-CON-07,100,2026-10-20,1600,16,m2,EUR
ORDER-CON-0184,ACC-CON-084,PROD-CON-07,220,2026-10-20,3520,16,m2,EUR
ORDER-CON-0040,ACC-CON-040,PROD-CON-07,230,2026-10-29,3680,16,m2,EUR
ORDER-CON-0160,ACC-CON-060,PROD-CON-07,370,2026-11-03,5920,16,m2,EUR
ORDER-CON-0032,ACC-CON-032,PROD-CON-07,490,2026-11-05,7840,16,m2,EUR
ORDER-CON-0016,ACC-CON-016,PROD-CON-07,440,2026-10-10,7040,16,m2,EUR
ORDER-CON-0072,ACC-CON-072,PROD-CON-07,500,2026-10-17,8000,16,m2,EUR
ORDER-CON-0200,ACC-CON-100,PROD-CON-07,490,2026-10-18,7840,16,m2,EUR
ORDER-CON-0192,ACC-CON-092,PROD-CON-07,370,2026-10-19,5920,16,m2,EUR
ORDER-CON-0128,ACC-CON-028,PROD-CON-07,400,2026-10-24,6400,16,m2,EUR
ORDER-CON-0136,ACC-CON-036,PROD-CON-07,470,2026-10-26,7520,16,m2,EUR
ORDER-CON-0168,ACC-CON-068,PROD-CON-07,330,2026-10-26,5280,16,m2,EUR
ORDER-CON-0088,ACC-CON-088,PROD-CON-07,350,2026-10-29,5600,16,m2,EUR
ORDER-CON-0177,ACC-CON-077,PROD-CON-08,360,2026-10-08,6120,17,m2,EUR
ORDER-CON-0017,ACC-CON-017,PROD-CON-08,370,2026-10-09,6290,17,m2,EUR
ORDER-CON-0153,ACC-CON-053,PROD-CON-08,260,2026-10-11,4420,17,m2,EUR
ORDER-CON-0145,ACC-CON-045,PROD-CON-08,420,2026-10-16,7140,17,m2,EUR
ORDER-CON-0169,ACC-CON-069,PROD-CON-08,190,2026-10-21,3230,17,m2,EUR
ORDER-CON-0073,ACC-CON-073,PROD-CON-08,420,2026-10-27,7140,17,m2,EUR
ORDER-CON-0081,ACC-CON-081,PROD-CON-08,410,2026-11-03,6970,17,m2,EUR
ORDER-CON-0185,ACC-CON-085,PROD-CON-08,270,2026-11-04,4590,17,m2,EUR
ORDER-CON-0161,ACC-CON-061,PROD-CON-08,120,2026-10-08,2040,17,m2,EUR
ORDER-CON-0025,ACC-CON-025,PROD-CON-08,190,2026-10-14,3230,17,m2,EUR
ORDER-CON-0121,ACC-CON-021,PROD-CON-08,390,2026-10-17,6630,17,m2,EUR
ORDER-CON-0057,ACC-CON-057,PROD-CON-08,180,2026-10-24,3060,17,m2,EUR
ORDER-CON-0137,ACC-CON-037,PROD-CON-08,300,2026-11-06,5100,17,m2,EUR
ORDER-CON-0129,ACC-CON-029,PROD-CON-08,200,2026-10-09,3400,17,m2,EUR
ORDER-CON-0097,ACC-CON-097,PROD-CON-08,310,2026-10-10,5270,17,m2,EUR
ORDER-CON-0033,ACC-CON-033,PROD-CON-08,460,2026-10-14,7820,17,m2,EUR
ORDER-CON-0049,ACC-CON-049,PROD-CON-08,140,2026-10-14,2380,17,m2,EUR
ORDER-CON-0193,ACC-CON-093,PROD-CON-08,300,2026-10-21,5100,17,m2,EUR
ORDER-CON-0089,ACC-CON-089,PROD-CON-08,330,2026-10-22,5610,17,m2,EUR
ORDER-CON-0105,ACC-CON-005,PROD-CON-08,360,2026-10-22,6120,17,m2,EUR
ORDER-CON-0041,ACC-CON-041,PROD-CON-08,140,2026-10-27,2380,17,m2,EUR
ORDER-CON-0065,ACC-CON-065,PROD-CON-08,170,2026-10-29,2890,17,m2,EUR
ORDER-CON-0113,ACC-CON-013,PROD-CON-08,380,2026-11-02,6460,17,m2,EUR
ORDER-CON-0007,ACC-CON-007,PROD-CON-09,30,2026-10-06,12000,400,unit,EUR
ORDER-CON-0008,ACC-CON-008,PROD-CON-09,25,2026-10-10,10000,400,unit,EUR
ORDER-CON-0009,ACC-CON-009,PROD-CON-09,20,2026-10-14,8000,400,unit,EUR
ORDER-CON-0090,ACC-CON-090,PROD-CON-10,38,2026-10-11,17100,450,unit,EUR
ORDER-CON-0018,ACC-CON-018,PROD-CON-10,15,2026-10-14,6750,450,unit,EUR
ORDER-CON-0074,ACC-CON-074,PROD-CON-10,19,2026-10-19,8550,450,unit,EUR
ORDER-CON-0058,ACC-CON-058,PROD-CON-10,15,2026-11-01,6750,450,unit,EUR
ORDER-CON-0082,ACC-CON-082,PROD-CON-10,44,2026-11-01,19800,450,unit,EUR
ORDER-CON-0130,ACC-CON-030,PROD-CON-10,15,2026-11-04,6750,450,unit,EUR
ORDER-CON-0146,ACC-CON-046,PROD-CON-10,32,2026-11-05,14400,450,unit,EUR
ORDER-CON-0026,ACC-CON-026,PROD-CON-10,16,2026-10-10,7200,450,unit,EUR
ORDER-CON-0194,ACC-CON-094,PROD-CON-10,42,2026-10-11,18900,450,unit,EUR
ORDER-CON-0154,ACC-CON-054,PROD-CON-10,45,2026-10-12,20250,450,unit,EUR
ORDER-CON-0170,ACC-CON-070,PROD-CON-10,12,2026-10-17,5400,450,unit,EUR
ORDER-CON-0162,ACC-CON-062,PROD-CON-10,18,2026-10-28,8100,450,unit,EUR
ORDER-CON-0178,ACC-CON-078,PROD-CON-10,31,2026-11-02,13950,450,unit,EUR
ORDER-CON-0034,ACC-CON-034,PROD-CON-10,14,2026-10-09,6300,450,unit,EUR
ORDER-CON-0114,ACC-CON-014,PROD-CON-10,16,2026-10-09,7200,450,unit,EUR
ORDER-CON-0050,ACC-CON-050,PROD-CON-10,30,2026-10-14,13500,450,unit,EUR
ORDER-CON-0098,ACC-CON-098,PROD-CON-10,25,2026-10-16,11250,450,unit,EUR
ORDER-CON-0186,ACC-CON-086,PROD-CON-10,27,2026-10-19,12150,450,unit,EUR
ORDER-CON-0042,ACC-CON-042,PROD-CON-10,20,2026-10-25,9000,450,unit,EUR
ORDER-CON-0106,ACC-CON-006,PROD-CON-10,13,2026-10-29,5850,450,unit,EUR
ORDER-CON-0122,ACC-CON-022,PROD-CON-10,45,2026-10-29,20250,450,unit,EUR
ORDER-CON-0138,ACC-CON-038,PROD-CON-10,23,2026-10-29,10350,450,unit,EUR
ORDER-CON-0066,ACC-CON-066,PROD-CON-10,27,2026-11-01,12150,450,unit,EUR
ORDER-CON-0123,ACC-CON-023,PROD-CON-11,41,2026-10-12,20500,500,unit,EUR
ORDER-CON-0179,ACC-CON-079,PROD-CON-11,25,2026-10-16,12500,500,unit,EUR
ORDER-CON-0019,ACC-CON-019,PROD-CON-11,42,2026-10-27,21000,500,unit,EUR
ORDER-CON-0131,ACC-CON-031,PROD-CON-11,14,2026-10-27,7000,500,unit,EUR
ORDER-CON-0155,ACC-CON-055,PROD-CON-11,28,2026-10-27,14000,500,unit,EUR
ORDER-CON-0115,ACC-CON-015,PROD-CON-11,44,2026-11-03,22000,500,unit,EUR
ORDER-CON-0107,ACC-CON-007,PROD-CON-11,16,2026-10-09,8000,500,unit,EUR
ORDER-CON-0091,ACC-CON-091,PROD-CON-11,24,2026-10-10,12000,500,unit,EUR
ORDER-CON-0067,ACC-CON-067,PROD-CON-11,31,2026-10-11,15500,500,unit,EUR
ORDER-CON-0043,ACC-CON-043,PROD-CON-11,25,2026-10-13,12500,500,unit,EUR
ORDER-CON-0195,ACC-CON-095,PROD-CON-11,46,2026-10-14,23000,500,unit,EUR
ORDER-CON-0139,ACC-CON-039,PROD-CON-11,30,2026-10-15,15000,500,unit,EUR
ORDER-CON-0027,ACC-CON-027,PROD-CON-11,16,2026-10-19,8000,500,unit,EUR
ORDER-CON-0147,ACC-CON-047,PROD-CON-11,25,2026-10-19,12500,500,unit,EUR
ORDER-CON-0083,ACC-CON-083,PROD-CON-11,18,2026-10-29,9000,500,unit,EUR
ORDER-CON-0163,ACC-CON-063,PROD-CON-11,20,2026-10-31,10000,500,unit,EUR
ORDER-CON-0035,ACC-CON-035,PROD-CON-11,24,2026-11-01,12000,500,unit,EUR
ORDER-CON-0171,ACC-CON-071,PROD-CON-11,12,2026-11-05,6000,500,unit,EUR
ORDER-CON-0059,ACC-CON-059,PROD-CON-11,17,2026-10-12,8500,500,unit,EUR
ORDER-CON-0099,ACC-CON-099,PROD-CON-11,41,2026-10-14,20500,500,unit,EUR
ORDER-CON-0051,ACC-CON-051,PROD-CON-11,41,2026-10-20,20500,500,unit,EUR
ORDER-CON-0187,ACC-CON-087,PROD-CON-11,42,2026-10-20,21000,500,unit,EUR
ORDER-CON-0075,ACC-CON-075,PROD-CON-11,44,2026-11-01,22000,500,unit,EUR
ORDER-CON-0124,ACC-CON-024,PROD-CON-12,28,2026-10-14,15400,550,unit,EUR
ORDER-CON-0028,ACC-CON-028,PROD-CON-12,48,2026-10-16,26400,550,unit,EUR
ORDER-CON-0188,ACC-CON-088,PROD-CON-12,44,2026-10-18,24200,550,unit,EUR
ORDER-CON-0132,ACC-CON-032,PROD-CON-12,25,2026-10-20,13750,550,unit,EUR
ORDER-CON-0180,ACC-CON-080,PROD-CON-12,16,2026-10-20,8800,550,unit,EUR
ORDER-CON-0172,ACC-CON-072,PROD-CON-12,23,2026-10-29,12650,550,unit,EUR
ORDER-CON-0108,ACC-CON-008,PROD-CON-12,31,2026-11-02,17050,550,unit,EUR
ORDER-CON-0036,ACC-CON-036,PROD-CON-12,15,2026-11-04,8250,550,unit,EUR
ORDER-CON-0116,ACC-CON-016,PROD-CON-12,15,2026-11-06,8250,550,unit,EUR
ORDER-CON-0052,ACC-CON-052,PROD-CON-12,39,2026-10-12,21450,550,unit,EUR
ORDER-CON-0068,ACC-CON-068,PROD-CON-12,37,2026-10-13,20350,550,unit,EUR
ORDER-CON-0084,ACC-CON-084,PROD-CON-12,45,2026-10-13,24750,550,unit,EUR
ORDER-CON-0076,ACC-CON-076,PROD-CON-12,10,2026-10-27,5500,550,unit,EUR
ORDER-CON-0164,ACC-CON-064,PROD-CON-12,45,2026-10-30,24750,550,unit,EUR
ORDER-CON-0196,ACC-CON-096,PROD-CON-12,12,2026-10-30,6600,550,unit,EUR
ORDER-CON-0140,ACC-CON-040,PROD-CON-12,35,2026-10-12,19250,550,unit,EUR
ORDER-CON-0020,ACC-CON-020,PROD-CON-12,45,2026-10-14,24750,550,unit,EUR
ORDER-CON-0156,ACC-CON-056,PROD-CON-12,31,2026-10-14,17050,550,unit,EUR
ORDER-CON-0044,ACC-CON-044,PROD-CON-12,34,2026-10-16,18700,550,unit,EUR
ORDER-CON-0148,ACC-CON-048,PROD-CON-12,20,2026-10-22,11000,550,unit,EUR
ORDER-CON-0092,ACC-CON-092,PROD-CON-12,11,2026-10-26,6050,550,unit,EUR
ORDER-CON-0100,ACC-CON-100,PROD-CON-12,18,2026-10-31,9900,550,unit,EUR
ORDER-CON-0060,ACC-CON-060,PROD-CON-12,20,2026-11-02,11000,550,unit,EUR
