event_time,activation_event_id,activation_id,profile_id,event_status,suppression_rule_id,destination_id
2026-10-01T11:59:00Z,ACTIVATION-EVENT-CON-001,ACTIVATION-CON-001,PROFILE-CON-001,suppressed,SUPPRESS-CON-001,DEST-CON-SIMULATED
2026-10-01T11:58:00Z,ACTIVATION-EVENT-CON-002,ACTIVATION-CON-002,PROFILE-CON-002,suppressed,SUPPRESS-CON-002,DEST-CON-SIMULATED
2026-10-01T11:57:00Z,ACTIVATION-EVENT-CON-003,ACTIVATION-CON-003,PROFILE-CON-003,suppressed,SUPPRESS-CON-003,DEST-CON-SIMULATED
2026-10-01T11:56:00Z,ACTIVATION-EVENT-CON-004,ACTIVATION-CON-004,PROFILE-CON-004,suppressed,SUPPRESS-CON-004,DEST-CON-SIMULATED
2026-10-01T11:55:00Z,ACTIVATION-EVENT-CON-005,ACTIVATION-CON-005,PROFILE-CON-005,suppressed,SUPPRESS-CON-005,DEST-CON-SIMULATED
2026-10-01T11:54:00Z,ACTIVATION-EVENT-CON-006,ACTIVATION-CON-006,PROFILE-CON-006,suppressed,SUPPRESS-CON-006,DEST-CON-SIMULATED
2026-10-01T11:53:00Z,ACTIVATION-EVENT-CON-007,ACTIVATION-CON-007,PROFILE-CON-007,suppressed,SUPPRESS-CON-007,DEST-CON-SIMULATED
2026-10-01T11:52:00Z,ACTIVATION-EVENT-CON-008,ACTIVATION-CON-008,PROFILE-CON-008,suppressed,SUPPRESS-CON-008,DEST-CON-SIMULATED
2026-10-01T11:51:00Z,ACTIVATION-EVENT-CON-009,ACTIVATION-CON-009,PROFILE-CON-009,suppressed,SUPPRESS-CON-009,DEST-CON-SIMULATED
2026-10-01T11:50:00Z,ACTIVATION-EVENT-CON-010,ACTIVATION-CON-010,PROFILE-CON-010,suppressed,SUPPRESS-CON-010,DEST-CON-SIMULATED
2026-10-01T11:49:00Z,ACTIVATION-EVENT-CON-011,ACTIVATION-CON-011,PROFILE-CON-011,suppressed,SUPPRESS-CON-011,DEST-CON-SIMULATED
2026-10-01T11:48:00Z,ACTIVATION-EVENT-CON-012,ACTIVATION-CON-012,PROFILE-CON-012,suppressed,SUPPRESS-CON-012,DEST-CON-SIMULATED
2026-10-01T11:47:00Z,ACTIVATION-EVENT-CON-013,ACTIVATION-CON-013,PROFILE-CON-013,suppressed,SUPPRESS-CON-013,DEST-CON-SIMULATED
2026-10-01T11:46:00Z,ACTIVATION-EVENT-CON-014,ACTIVATION-CON-014,PROFILE-CON-014,suppressed,SUPPRESS-CON-014,DEST-CON-SIMULATED
2026-10-01T11:45:00Z,ACTIVATION-EVENT-CON-015,ACTIVATION-CON-015,PROFILE-CON-015,suppressed,SUPPRESS-CON-015,DEST-CON-SIMULATED
2026-10-01T11:44:00Z,ACTIVATION-EVENT-CON-016,ACTIVATION-CON-016,PROFILE-CON-016,suppressed,SUPPRESS-CON-016,DEST-CON-SIMULATED
2026-10-01T11:43:00Z,ACTIVATION-EVENT-CON-017,ACTIVATION-CON-017,PROFILE-CON-017,suppressed,SUPPRESS-CON-017,DEST-CON-SIMULATED
2026-10-01T11:42:00Z,ACTIVATION-EVENT-CON-018,ACTIVATION-CON-018,PROFILE-CON-018,suppressed,SUPPRESS-CON-018,DEST-CON-SIMULATED
2026-10-01T11:41:00Z,ACTIVATION-EVENT-CON-019,ACTIVATION-CON-019,PROFILE-CON-019,suppressed,SUPPRESS-CON-019,DEST-CON-SIMULATED
2026-10-01T11:40:00Z,ACTIVATION-EVENT-CON-020,ACTIVATION-CON-020,PROFILE-CON-020,suppressed,SUPPRESS-CON-020,DEST-CON-SIMULATED
2026-10-01T11:39:00Z,ACTIVATION-EVENT-CON-021,ACTIVATION-CON-021,PROFILE-CON-021,suppressed,SUPPRESS-CON-021,DEST-CON-SIMULATED
2026-10-01T11:38:00Z,ACTIVATION-EVENT-CON-022,ACTIVATION-CON-022,PROFILE-CON-022,suppressed,SUPPRESS-CON-022,DEST-CON-SIMULATED
2026-10-01T11:37:00Z,ACTIVATION-EVENT-CON-023,ACTIVATION-CON-023,PROFILE-CON-023,suppressed,SUPPRESS-CON-023,DEST-CON-SIMULATED
2026-10-01T11:36:00Z,ACTIVATION-EVENT-CON-024,ACTIVATION-CON-024,PROFILE-CON-024,suppressed,SUPPRESS-CON-024,DEST-CON-SIMULATED
2026-10-01T11:35:00Z,ACTIVATION-EVENT-CON-025,ACTIVATION-CON-025,PROFILE-CON-025,suppressed,SUPPRESS-CON-025,DEST-CON-SIMULATED
2026-10-01T11:34:00Z,ACTIVATION-EVENT-CON-026,ACTIVATION-CON-026,PROFILE-CON-026,suppressed,SUPPRESS-CON-026,DEST-CON-SIMULATED
2026-10-01T11:33:00Z,ACTIVATION-EVENT-CON-027,ACTIVATION-CON-027,PROFILE-CON-027,suppressed,SUPPRESS-CON-027,DEST-CON-SIMULATED
2026-10-01T11:32:00Z,ACTIVATION-EVENT-CON-028,ACTIVATION-CON-028,PROFILE-CON-028,suppressed,SUPPRESS-CON-028,DEST-CON-SIMULATED
2026-10-01T11:31:00Z,ACTIVATION-EVENT-CON-029,ACTIVATION-CON-029,PROFILE-CON-029,suppressed,SUPPRESS-CON-029,DEST-CON-SIMULATED
2026-10-01T11:30:00Z,ACTIVATION-EVENT-CON-030,ACTIVATION-CON-030,PROFILE-CON-030,suppressed,SUPPRESS-CON-030,DEST-CON-SIMULATED
2026-10-01T11:29:00Z,ACTIVATION-EVENT-CON-031,ACTIVATION-CON-031,PROFILE-CON-031,suppressed,SUPPRESS-CON-031,DEST-CON-SIMULATED
2026-10-01T11:28:00Z,ACTIVATION-EVENT-CON-032,ACTIVATION-CON-032,PROFILE-CON-032,suppressed,SUPPRESS-CON-032,DEST-CON-SIMULATED
2026-10-01T11:27:00Z,ACTIVATION-EVENT-CON-033,ACTIVATION-CON-033,PROFILE-CON-033,suppressed,SUPPRESS-CON-033,DEST-CON-SIMULATED
2026-10-01T11:26:00Z,ACTIVATION-EVENT-CON-034,ACTIVATION-CON-034,PROFILE-CON-034,suppressed,SUPPRESS-CON-034,DEST-CON-SIMULATED
2026-10-01T11:25:00Z,ACTIVATION-EVENT-CON-035,ACTIVATION-CON-035,PROFILE-CON-035,suppressed,SUPPRESS-CON-035,DEST-CON-SIMULATED
2026-10-01T11:24:00Z,ACTIVATION-EVENT-CON-036,ACTIVATION-CON-036,PROFILE-CON-036,suppressed,SUPPRESS-CON-036,DEST-CON-SIMULATED
2026-10-01T11:23:00Z,ACTIVATION-EVENT-CON-037,ACTIVATION-CON-037,PROFILE-CON-037,suppressed,SUPPRESS-CON-037,DEST-CON-SIMULATED
2026-10-01T11:22:00Z,ACTIVATION-EVENT-CON-038,ACTIVATION-CON-038,PROFILE-CON-038,suppressed,SUPPRESS-CON-038,DEST-CON-SIMULATED
2026-10-01T11:21:00Z,ACTIVATION-EVENT-CON-039,ACTIVATION-CON-039,PROFILE-CON-039,suppressed,SUPPRESS-CON-039,DEST-CON-SIMULATED
2026-10-01T11:20:00Z,ACTIVATION-EVENT-CON-040,ACTIVATION-CON-040,PROFILE-CON-040,suppressed,SUPPRESS-CON-040,DEST-CON-SIMULATED
2026-10-01T11:19:00Z,ACTIVATION-EVENT-CON-041,ACTIVATION-CON-041,PROFILE-CON-041,suppressed,SUPPRESS-CON-041,DEST-CON-SIMULATED
2026-10-01T11:18:00Z,ACTIVATION-EVENT-CON-042,ACTIVATION-CON-042,PROFILE-CON-042,suppressed,SUPPRESS-CON-042,DEST-CON-SIMULATED
2026-10-01T11:17:00Z,ACTIVATION-EVENT-CON-043,ACTIVATION-CON-043,PROFILE-CON-043,suppressed,SUPPRESS-CON-043,DEST-CON-SIMULATED
2026-10-01T11:16:00Z,ACTIVATION-EVENT-CON-044,ACTIVATION-CON-044,PROFILE-CON-044,suppressed,SUPPRESS-CON-044,DEST-CON-SIMULATED
2026-10-01T11:15:00Z,ACTIVATION-EVENT-CON-045,ACTIVATION-CON-045,PROFILE-CON-045,suppressed,SUPPRESS-CON-045,DEST-CON-SIMULATED
2026-10-01T11:14:00Z,ACTIVATION-EVENT-CON-046,ACTIVATION-CON-046,PROFILE-CON-046,suppressed,SUPPRESS-CON-046,DEST-CON-SIMULATED
2026-10-01T11:13:00Z,ACTIVATION-EVENT-CON-047,ACTIVATION-CON-047,PROFILE-CON-047,suppressed,SUPPRESS-CON-047,DEST-CON-SIMULATED
2026-10-01T11:12:00Z,ACTIVATION-EVENT-CON-048,ACTIVATION-CON-048,PROFILE-CON-048,suppressed,SUPPRESS-CON-048,DEST-CON-SIMULATED
2026-10-01T11:11:00Z,ACTIVATION-EVENT-CON-049,ACTIVATION-CON-049,PROFILE-CON-049,suppressed,SUPPRESS-CON-049,DEST-CON-SIMULATED
2026-10-01T11:10:00Z,ACTIVATION-EVENT-CON-050,ACTIVATION-CON-050,PROFILE-CON-050,suppressed,SUPPRESS-CON-050,DEST-CON-SIMULATED
2026-10-01T11:09:00Z,ACTIVATION-EVENT-CON-051,ACTIVATION-CON-051,PROFILE-CON-051,suppressed,SUPPRESS-CON-051,DEST-CON-SIMULATED
2026-10-01T11:08:00Z,ACTIVATION-EVENT-CON-052,ACTIVATION-CON-052,PROFILE-CON-052,suppressed,SUPPRESS-CON-052,DEST-CON-SIMULATED
2026-10-01T11:07:00Z,ACTIVATION-EVENT-CON-053,ACTIVATION-CON-053,PROFILE-CON-053,suppressed,SUPPRESS-CON-053,DEST-CON-SIMULATED
2026-10-01T11:06:00Z,ACTIVATION-EVENT-CON-054,ACTIVATION-CON-054,PROFILE-CON-054,suppressed,SUPPRESS-CON-054,DEST-CON-SIMULATED
2026-10-01T11:05:00Z,ACTIVATION-EVENT-CON-055,ACTIVATION-CON-055,PROFILE-CON-055,suppressed,SUPPRESS-CON-055,DEST-CON-SIMULATED
2026-10-01T11:04:00Z,ACTIVATION-EVENT-CON-056,ACTIVATION-CON-056,PROFILE-CON-056,suppressed,SUPPRESS-CON-056,DEST-CON-SIMULATED
2026-10-01T11:03:00Z,ACTIVATION-EVENT-CON-057,ACTIVATION-CON-057,PROFILE-CON-057,suppressed,SUPPRESS-CON-057,DEST-CON-SIMULATED
2026-10-01T11:02:00Z,ACTIVATION-EVENT-CON-058,ACTIVATION-CON-058,PROFILE-CON-058,suppressed,SUPPRESS-CON-058,DEST-CON-SIMULATED
2026-10-01T11:01:00Z,ACTIVATION-EVENT-CON-059,ACTIVATION-CON-059,PROFILE-CON-059,suppressed,SUPPRESS-CON-059,DEST-CON-SIMULATED
2026-10-01T11:00:00Z,ACTIVATION-EVENT-CON-060,ACTIVATION-CON-060,PROFILE-CON-060,suppressed,SUPPRESS-CON-060,DEST-CON-SIMULATED
2026-10-01T10:59:00Z,ACTIVATION-EVENT-CON-061,ACTIVATION-CON-061,PROFILE-CON-061,suppressed,SUPPRESS-CON-061,DEST-CON-SIMULATED
2026-10-01T10:58:00Z,ACTIVATION-EVENT-CON-062,ACTIVATION-CON-062,PROFILE-CON-062,suppressed,SUPPRESS-CON-062,DEST-CON-SIMULATED
2026-10-01T10:57:00Z,ACTIVATION-EVENT-CON-063,ACTIVATION-CON-063,PROFILE-CON-063,suppressed,SUPPRESS-CON-063,DEST-CON-SIMULATED
2026-10-01T10:56:00Z,ACTIVATION-EVENT-CON-064,ACTIVATION-CON-064,PROFILE-CON-064,suppressed,SUPPRESS-CON-064,DEST-CON-SIMULATED
2026-10-01T10:55:00Z,ACTIVATION-EVENT-CON-065,ACTIVATION-CON-065,PROFILE-CON-065,suppressed,SUPPRESS-CON-065,DEST-CON-SIMULATED
2026-10-01T10:54:00Z,ACTIVATION-EVENT-CON-066,ACTIVATION-CON-066,PROFILE-CON-066,suppressed,SUPPRESS-CON-066,DEST-CON-SIMULATED
2026-10-01T10:53:00Z,ACTIVATION-EVENT-CON-067,ACTIVATION-CON-067,PROFILE-CON-067,suppressed,SUPPRESS-CON-067,DEST-CON-SIMULATED
2026-10-01T10:52:00Z,ACTIVATION-EVENT-CON-068,ACTIVATION-CON-068,PROFILE-CON-068,suppressed,SUPPRESS-CON-068,DEST-CON-SIMULATED
2026-10-01T10:51:00Z,ACTIVATION-EVENT-CON-069,ACTIVATION-CON-069,PROFILE-CON-069,suppressed,SUPPRESS-CON-069,DEST-CON-SIMULATED
2026-10-01T10:50:00Z,ACTIVATION-EVENT-CON-070,ACTIVATION-CON-070,PROFILE-CON-070,suppressed,SUPPRESS-CON-070,DEST-CON-SIMULATED
2026-10-01T10:49:00Z,ACTIVATION-EVENT-CON-071,ACTIVATION-CON-071,PROFILE-CON-071,suppressed,SUPPRESS-CON-071,DEST-CON-SIMULATED
2026-10-01T10:48:00Z,ACTIVATION-EVENT-CON-072,ACTIVATION-CON-072,PROFILE-CON-072,suppressed,SUPPRESS-CON-072,DEST-CON-SIMULATED
2026-10-01T10:47:00Z,ACTIVATION-EVENT-CON-073,ACTIVATION-CON-073,PROFILE-CON-073,suppressed,SUPPRESS-CON-073,DEST-CON-SIMULATED
2026-10-01T10:46:00Z,ACTIVATION-EVENT-CON-074,ACTIVATION-CON-074,PROFILE-CON-074,suppressed,SUPPRESS-CON-074,DEST-CON-SIMULATED
2026-10-01T10:45:00Z,ACTIVATION-EVENT-CON-075,ACTIVATION-CON-075,PROFILE-CON-075,suppressed,SUPPRESS-CON-075,DEST-CON-SIMULATED
2026-10-01T10:44:00Z,ACTIVATION-EVENT-CON-076,ACTIVATION-CON-076,PROFILE-CON-076,suppressed,SUPPRESS-CON-076,DEST-CON-SIMULATED
2026-10-01T10:43:00Z,ACTIVATION-EVENT-CON-077,ACTIVATION-CON-077,PROFILE-CON-077,suppressed,SUPPRESS-CON-077,DEST-CON-SIMULATED
2026-10-01T10:42:00Z,ACTIVATION-EVENT-CON-078,ACTIVATION-CON-078,PROFILE-CON-078,suppressed,SUPPRESS-CON-078,DEST-CON-SIMULATED
2026-10-01T10:41:00Z,ACTIVATION-EVENT-CON-079,ACTIVATION-CON-079,PROFILE-CON-079,suppressed,SUPPRESS-CON-079,DEST-CON-SIMULATED
2026-10-01T10:40:00Z,ACTIVATION-EVENT-CON-080,ACTIVATION-CON-080,PROFILE-CON-080,suppressed,SUPPRESS-CON-080,DEST-CON-SIMULATED
2026-10-01T10:39:00Z,ACTIVATION-EVENT-CON-081,ACTIVATION-CON-081,PROFILE-CON-081,suppressed,SUPPRESS-CON-081,DEST-CON-SIMULATED
2026-10-01T10:38:00Z,ACTIVATION-EVENT-CON-082,ACTIVATION-CON-082,PROFILE-CON-082,suppressed,SUPPRESS-CON-082,DEST-CON-SIMULATED
2026-10-01T10:37:00Z,ACTIVATION-EVENT-CON-083,ACTIVATION-CON-083,PROFILE-CON-083,suppressed,SUPPRESS-CON-083,DEST-CON-SIMULATED
2026-10-01T10:36:00Z,ACTIVATION-EVENT-CON-084,ACTIVATION-CON-084,PROFILE-CON-084,suppressed,SUPPRESS-CON-084,DEST-CON-SIMULATED
2026-10-01T10:35:00Z,ACTIVATION-EVENT-CON-085,ACTIVATION-CON-085,PROFILE-CON-085,suppressed,SUPPRESS-CON-085,DEST-CON-SIMULATED
2026-10-01T10:34:00Z,ACTIVATION-EVENT-CON-086,ACTIVATION-CON-086,PROFILE-CON-086,suppressed,SUPPRESS-CON-086,DEST-CON-SIMULATED
2026-10-01T10:33:00Z,ACTIVATION-EVENT-CON-087,ACTIVATION-CON-087,PROFILE-CON-087,suppressed,SUPPRESS-CON-087,DEST-CON-SIMULATED
2026-10-01T10:32:00Z,ACTIVATION-EVENT-CON-088,ACTIVATION-CON-088,PROFILE-CON-088,suppressed,SUPPRESS-CON-088,DEST-CON-SIMULATED
2026-10-01T10:31:00Z,ACTIVATION-EVENT-CON-089,ACTIVATION-CON-089,PROFILE-CON-089,suppressed,SUPPRESS-CON-089,DEST-CON-SIMULATED
2026-10-01T10:30:00Z,ACTIVATION-EVENT-CON-090,ACTIVATION-CON-090,PROFILE-CON-090,suppressed,SUPPRESS-CON-090,DEST-CON-SIMULATED
2026-10-01T10:29:00Z,ACTIVATION-EVENT-CON-091,ACTIVATION-CON-091,PROFILE-CON-091,suppressed,SUPPRESS-CON-091,DEST-CON-SIMULATED
2026-10-01T10:28:00Z,ACTIVATION-EVENT-CON-092,ACTIVATION-CON-092,PROFILE-CON-092,suppressed,SUPPRESS-CON-092,DEST-CON-SIMULATED
2026-10-01T10:27:00Z,ACTIVATION-EVENT-CON-093,ACTIVATION-CON-093,PROFILE-CON-093,suppressed,SUPPRESS-CON-093,DEST-CON-SIMULATED
2026-10-01T10:26:00Z,ACTIVATION-EVENT-CON-094,ACTIVATION-CON-094,PROFILE-CON-094,suppressed,SUPPRESS-CON-094,DEST-CON-SIMULATED
2026-10-01T10:25:00Z,ACTIVATION-EVENT-CON-095,ACTIVATION-CON-095,PROFILE-CON-095,suppressed,SUPPRESS-CON-095,DEST-CON-SIMULATED
2026-10-01T10:24:00Z,ACTIVATION-EVENT-CON-096,ACTIVATION-CON-096,PROFILE-CON-096,suppressed,SUPPRESS-CON-096,DEST-CON-SIMULATED
2026-10-01T10:23:00Z,ACTIVATION-EVENT-CON-097,ACTIVATION-CON-097,PROFILE-CON-097,suppressed,SUPPRESS-CON-097,DEST-CON-SIMULATED
2026-10-01T10:22:00Z,ACTIVATION-EVENT-CON-098,ACTIVATION-CON-098,PROFILE-CON-098,suppressed,SUPPRESS-CON-098,DEST-CON-SIMULATED
2026-10-01T10:21:00Z,ACTIVATION-EVENT-CON-099,ACTIVATION-CON-099,PROFILE-CON-099,suppressed,SUPPRESS-CON-099,DEST-CON-SIMULATED
2026-10-01T10:20:00Z,ACTIVATION-EVENT-CON-100,ACTIVATION-CON-100,PROFILE-CON-100,suppressed,SUPPRESS-CON-100,DEST-CON-SIMULATED
