event_time,behavioral_event_id,profile_id,event_type,campaign_id,product_id,content_id,engagement_score
2026-09-30T11:59:00Z,BEHAVIOR-CON-001,PROFILE-CON-001,synthetic_catalogue_view,CAMPAIGN-CON-001,PROD-CON-01,CONTENT-CON-001,0.75
2026-09-30T11:58:00Z,BEHAVIOR-CON-002,PROFILE-CON-002,synthetic_catalogue_view,CAMPAIGN-CON-002,PROD-CON-01,CONTENT-CON-002,0.75
2026-09-30T11:57:00Z,BEHAVIOR-CON-003,PROFILE-CON-003,synthetic_catalogue_view,CAMPAIGN-CON-003,PROD-CON-01,CONTENT-CON-003,0.75
2026-09-30T11:56:00Z,BEHAVIOR-CON-004,PROFILE-CON-004,synthetic_catalogue_view,CAMPAIGN-CON-004,PROD-CON-05,CONTENT-CON-004,0.75
2026-09-30T11:55:00Z,BEHAVIOR-CON-005,PROFILE-CON-005,synthetic_catalogue_view,CAMPAIGN-CON-005,PROD-CON-05,CONTENT-CON-005,0.75
2026-09-30T11:54:00Z,BEHAVIOR-CON-006,PROFILE-CON-006,synthetic_catalogue_view,CAMPAIGN-CON-006,PROD-CON-05,CONTENT-CON-006,0.75
2026-09-30T11:53:00Z,BEHAVIOR-CON-007,PROFILE-CON-007,synthetic_catalogue_view,CAMPAIGN-CON-007,PROD-CON-09,CONTENT-CON-007,0.75
2026-09-30T11:52:00Z,BEHAVIOR-CON-008,PROFILE-CON-008,synthetic_catalogue_view,CAMPAIGN-CON-008,PROD-CON-09,CONTENT-CON-008,0.75
2026-09-30T11:51:00Z,BEHAVIOR-CON-009,PROFILE-CON-009,synthetic_catalogue_view,CAMPAIGN-CON-009,PROD-CON-09,CONTENT-CON-009,0.75
2026-09-30T11:50:00Z,BEHAVIOR-CON-010,PROFILE-CON-010,synthetic_catalogue_view,CAMPAIGN-CON-010,PROD-CON-02,CONTENT-CON-010,0.75
2026-09-30T11:49:00Z,BEHAVIOR-CON-011,PROFILE-CON-011,synthetic_catalogue_view,CAMPAIGN-CON-011,PROD-CON-02,CONTENT-CON-011,0.75
2026-09-30T11:48:00Z,BEHAVIOR-CON-012,PROFILE-CON-012,synthetic_catalogue_view,CAMPAIGN-CON-012,PROD-CON-02,CONTENT-CON-012,0.75
2026-09-30T11:47:00Z,BEHAVIOR-CON-013,PROFILE-CON-013,synthetic_catalogue_view,CAMPAIGN-CON-013,PROD-CON-03,CONTENT-CON-013,0.75
2026-09-30T11:46:00Z,BEHAVIOR-CON-014,PROFILE-CON-014,synthetic_catalogue_view,CAMPAIGN-CON-014,PROD-CON-04,CONTENT-CON-014,0.75
2026-09-30T11:45:00Z,BEHAVIOR-CON-015,PROFILE-CON-015,synthetic_catalogue_view,CAMPAIGN-CON-015,PROD-CON-06,CONTENT-CON-015,0.75
2026-09-30T11:44:00Z,BEHAVIOR-CON-016,PROFILE-CON-016,synthetic_catalogue_view,CAMPAIGN-CON-016,PROD-CON-07,CONTENT-CON-016,0.75
2026-09-30T11:43:00Z,BEHAVIOR-CON-017,PROFILE-CON-017,synthetic_catalogue_view,CAMPAIGN-CON-017,PROD-CON-08,CONTENT-CON-017,0.75
2026-09-30T11:42:00Z,BEHAVIOR-CON-018,PROFILE-CON-018,synthetic_catalogue_view,CAMPAIGN-CON-018,PROD-CON-10,CONTENT-CON-018,0.75
2026-09-30T11:41:00Z,BEHAVIOR-CON-019,PROFILE-CON-019,synthetic_catalogue_view,CAMPAIGN-CON-019,PROD-CON-11,CONTENT-CON-019,0.75
2026-09-30T11:40:00Z,BEHAVIOR-CON-020,PROFILE-CON-020,synthetic_catalogue_view,CAMPAIGN-CON-020,PROD-CON-12,CONTENT-CON-020,0.75
2026-09-30T11:39:00Z,BEHAVIOR-CON-021,PROFILE-CON-021,synthetic_catalogue_view,CAMPAIGN-CON-021,PROD-CON-03,CONTENT-CON-021,0.75
2026-09-30T11:38:00Z,BEHAVIOR-CON-022,PROFILE-CON-022,synthetic_catalogue_view,CAMPAIGN-CON-022,PROD-CON-04,CONTENT-CON-022,0.75
2026-09-30T11:37:00Z,BEHAVIOR-CON-023,PROFILE-CON-023,synthetic_catalogue_view,CAMPAIGN-CON-023,PROD-CON-06,CONTENT-CON-023,0.75
2026-09-30T11:36:00Z,BEHAVIOR-CON-024,PROFILE-CON-024,synthetic_catalogue_view,CAMPAIGN-CON-024,PROD-CON-07,CONTENT-CON-024,0.75
2026-09-30T11:35:00Z,BEHAVIOR-CON-025,PROFILE-CON-025,synthetic_catalogue_view,CAMPAIGN-CON-025,PROD-CON-08,CONTENT-CON-025,0.75
2026-09-30T11:34:00Z,BEHAVIOR-CON-026,PROFILE-CON-026,synthetic_catalogue_view,CAMPAIGN-CON-026,PROD-CON-10,CONTENT-CON-026,0.75
2026-09-30T11:33:00Z,BEHAVIOR-CON-027,PROFILE-CON-027,synthetic_catalogue_view,CAMPAIGN-CON-027,PROD-CON-11,CONTENT-CON-027,0.75
2026-09-30T11:32:00Z,BEHAVIOR-CON-028,PROFILE-CON-028,synthetic_catalogue_view,CAMPAIGN-CON-028,PROD-CON-12,CONTENT-CON-028,0.75
2026-09-30T11:31:00Z,BEHAVIOR-CON-029,PROFILE-CON-029,synthetic_catalogue_view,CAMPAIGN-CON-029,PROD-CON-03,CONTENT-CON-029,0.75
2026-09-30T11:30:00Z,BEHAVIOR-CON-030,PROFILE-CON-030,synthetic_catalogue_view,CAMPAIGN-CON-030,PROD-CON-04,CONTENT-CON-030,0.75
2026-09-30T11:29:00Z,BEHAVIOR-CON-031,PROFILE-CON-031,synthetic_catalogue_view,CAMPAIGN-CON-031,PROD-CON-06,CONTENT-CON-031,0.75
2026-09-30T11:28:00Z,BEHAVIOR-CON-032,PROFILE-CON-032,synthetic_catalogue_view,CAMPAIGN-CON-032,PROD-CON-07,CONTENT-CON-032,0.75
2026-09-30T11:27:00Z,BEHAVIOR-CON-033,PROFILE-CON-033,synthetic_catalogue_view,CAMPAIGN-CON-033,PROD-CON-08,CONTENT-CON-033,0.75
2026-09-30T11:26:00Z,BEHAVIOR-CON-034,PROFILE-CON-034,synthetic_catalogue_view,CAMPAIGN-CON-034,PROD-CON-10,CONTENT-CON-034,0.75
2026-09-30T11:25:00Z,BEHAVIOR-CON-035,PROFILE-CON-035,synthetic_catalogue_view,CAMPAIGN-CON-035,PROD-CON-11,CONTENT-CON-035,0.75
2026-09-30T11:24:00Z,BEHAVIOR-CON-036,PROFILE-CON-036,synthetic_catalogue_view,CAMPAIGN-CON-036,PROD-CON-12,CONTENT-CON-036,0.75
2026-09-30T11:23:00Z,BEHAVIOR-CON-037,PROFILE-CON-037,synthetic_catalogue_view,CAMPAIGN-CON-037,PROD-CON-03,CONTENT-CON-037,0.75
2026-09-30T11:22:00Z,BEHAVIOR-CON-038,PROFILE-CON-038,synthetic_catalogue_view,CAMPAIGN-CON-038,PROD-CON-04,CONTENT-CON-038,0.75
2026-09-30T11:21:00Z,BEHAVIOR-CON-039,PROFILE-CON-039,synthetic_catalogue_view,CAMPAIGN-CON-039,PROD-CON-06,CONTENT-CON-039,0.75
2026-09-30T11:20:00Z,BEHAVIOR-CON-040,PROFILE-CON-040,synthetic_catalogue_view,CAMPAIGN-CON-040,PROD-CON-07,CONTENT-CON-040,0.75
2026-09-30T11:19:00Z,BEHAVIOR-CON-041,PROFILE-CON-041,synthetic_catalogue_view,CAMPAIGN-CON-041,PROD-CON-08,CONTENT-CON-041,0.75
2026-09-30T11:18:00Z,BEHAVIOR-CON-042,PROFILE-CON-042,synthetic_catalogue_view,CAMPAIGN-CON-042,PROD-CON-10,CONTENT-CON-042,0.75
2026-09-30T11:17:00Z,BEHAVIOR-CON-043,PROFILE-CON-043,synthetic_catalogue_view,CAMPAIGN-CON-043,PROD-CON-11,CONTENT-CON-043,0.75
2026-09-30T11:16:00Z,BEHAVIOR-CON-044,PROFILE-CON-044,synthetic_catalogue_view,CAMPAIGN-CON-044,PROD-CON-12,CONTENT-CON-044,0.75
2026-09-30T11:15:00Z,BEHAVIOR-CON-045,PROFILE-CON-045,synthetic_catalogue_view,CAMPAIGN-CON-045,PROD-CON-03,CONTENT-CON-045,0.75
2026-09-30T11:14:00Z,BEHAVIOR-CON-046,PROFILE-CON-046,synthetic_catalogue_view,CAMPAIGN-CON-046,PROD-CON-04,CONTENT-CON-046,0.75
2026-09-30T11:13:00Z,BEHAVIOR-CON-047,PROFILE-CON-047,synthetic_catalogue_view,CAMPAIGN-CON-047,PROD-CON-06,CONTENT-CON-047,0.75
2026-09-30T11:12:00Z,BEHAVIOR-CON-048,PROFILE-CON-048,synthetic_catalogue_view,CAMPAIGN-CON-048,PROD-CON-07,CONTENT-CON-048,0.75
2026-09-30T11:11:00Z,BEHAVIOR-CON-049,PROFILE-CON-049,synthetic_catalogue_view,CAMPAIGN-CON-049,PROD-CON-08,CONTENT-CON-049,0.75
2026-09-30T11:10:00Z,BEHAVIOR-CON-050,PROFILE-CON-050,synthetic_catalogue_view,CAMPAIGN-CON-050,PROD-CON-10,CONTENT-CON-050,0.75
2026-09-30T11:09:00Z,BEHAVIOR-CON-051,PROFILE-CON-051,synthetic_catalogue_view,CAMPAIGN-CON-051,PROD-CON-11,CONTENT-CON-051,0.75
2026-09-30T11:08:00Z,BEHAVIOR-CON-052,PROFILE-CON-052,synthetic_catalogue_view,CAMPAIGN-CON-052,PROD-CON-12,CONTENT-CON-052,0.75
2026-09-30T11:07:00Z,BEHAVIOR-CON-053,PROFILE-CON-053,synthetic_catalogue_view,CAMPAIGN-CON-053,PROD-CON-03,CONTENT-CON-053,0.75
2026-09-30T11:06:00Z,BEHAVIOR-CON-054,PROFILE-CON-054,synthetic_catalogue_view,CAMPAIGN-CON-054,PROD-CON-04,CONTENT-CON-054,0.75
2026-09-30T11:05:00Z,BEHAVIOR-CON-055,PROFILE-CON-055,synthetic_catalogue_view,CAMPAIGN-CON-055,PROD-CON-06,CONTENT-CON-055,0.75
2026-09-30T11:04:00Z,BEHAVIOR-CON-056,PROFILE-CON-056,synthetic_catalogue_view,CAMPAIGN-CON-056,PROD-CON-07,CONTENT-CON-056,0.75
2026-09-30T11:03:00Z,BEHAVIOR-CON-057,PROFILE-CON-057,synthetic_catalogue_view,CAMPAIGN-CON-057,PROD-CON-08,CONTENT-CON-057,0.75
2026-09-30T11:02:00Z,BEHAVIOR-CON-058,PROFILE-CON-058,synthetic_catalogue_view,CAMPAIGN-CON-058,PROD-CON-10,CONTENT-CON-058,0.75
2026-09-30T11:01:00Z,BEHAVIOR-CON-059,PROFILE-CON-059,synthetic_catalogue_view,CAMPAIGN-CON-059,PROD-CON-11,CONTENT-CON-059,0.75
2026-09-30T11:00:00Z,BEHAVIOR-CON-060,PROFILE-CON-060,synthetic_catalogue_view,CAMPAIGN-CON-060,PROD-CON-12,CONTENT-CON-060,0.75
2026-09-30T10:59:00Z,BEHAVIOR-CON-061,PROFILE-CON-061,synthetic_catalogue_view,CAMPAIGN-CON-061,PROD-CON-03,CONTENT-CON-061,0.75
2026-09-30T10:58:00Z,BEHAVIOR-CON-062,PROFILE-CON-062,synthetic_catalogue_view,CAMPAIGN-CON-062,PROD-CON-04,CONTENT-CON-062,0.75
2026-09-30T10:57:00Z,BEHAVIOR-CON-063,PROFILE-CON-063,synthetic_catalogue_view,CAMPAIGN-CON-063,PROD-CON-06,CONTENT-CON-063,0.75
2026-09-30T10:56:00Z,BEHAVIOR-CON-064,PROFILE-CON-064,synthetic_catalogue_view,CAMPAIGN-CON-064,PROD-CON-07,CONTENT-CON-064,0.75
2026-09-30T10:55:00Z,BEHAVIOR-CON-065,PROFILE-CON-065,synthetic_catalogue_view,CAMPAIGN-CON-065,PROD-CON-08,CONTENT-CON-065,0.75
2026-09-30T10:54:00Z,BEHAVIOR-CON-066,PROFILE-CON-066,synthetic_catalogue_view,CAMPAIGN-CON-066,PROD-CON-10,CONTENT-CON-066,0.75
2026-09-30T10:53:00Z,BEHAVIOR-CON-067,PROFILE-CON-067,synthetic_catalogue_view,CAMPAIGN-CON-067,PROD-CON-11,CONTENT-CON-067,0.75
2026-09-30T10:52:00Z,BEHAVIOR-CON-068,PROFILE-CON-068,synthetic_catalogue_view,CAMPAIGN-CON-068,PROD-CON-12,CONTENT-CON-068,0.75
2026-09-30T10:51:00Z,BEHAVIOR-CON-069,PROFILE-CON-069,synthetic_catalogue_view,CAMPAIGN-CON-069,PROD-CON-03,CONTENT-CON-069,0.75
2026-09-30T10:50:00Z,BEHAVIOR-CON-070,PROFILE-CON-070,synthetic_catalogue_view,CAMPAIGN-CON-070,PROD-CON-04,CONTENT-CON-070,0.75
2026-09-30T10:49:00Z,BEHAVIOR-CON-071,PROFILE-CON-071,synthetic_catalogue_view,CAMPAIGN-CON-071,PROD-CON-06,CONTENT-CON-071,0.75
2026-09-30T10:48:00Z,BEHAVIOR-CON-072,PROFILE-CON-072,synthetic_catalogue_view,CAMPAIGN-CON-072,PROD-CON-07,CONTENT-CON-072,0.75
2026-09-30T10:47:00Z,BEHAVIOR-CON-073,PROFILE-CON-073,synthetic_catalogue_view,CAMPAIGN-CON-073,PROD-CON-08,CONTENT-CON-073,0.75
2026-09-30T10:46:00Z,BEHAVIOR-CON-074,PROFILE-CON-074,synthetic_catalogue_view,CAMPAIGN-CON-074,PROD-CON-10,CONTENT-CON-074,0.75
2026-09-30T10:45:00Z,BEHAVIOR-CON-075,PROFILE-CON-075,synthetic_catalogue_view,CAMPAIGN-CON-075,PROD-CON-11,CONTENT-CON-075,0.75
2026-09-30T10:44:00Z,BEHAVIOR-CON-076,PROFILE-CON-076,synthetic_catalogue_view,CAMPAIGN-CON-076,PROD-CON-12,CONTENT-CON-076,0.75
2026-09-30T10:43:00Z,BEHAVIOR-CON-077,PROFILE-CON-077,synthetic_catalogue_view,CAMPAIGN-CON-077,PROD-CON-03,CONTENT-CON-077,0.75
2026-09-30T10:42:00Z,BEHAVIOR-CON-078,PROFILE-CON-078,synthetic_catalogue_view,CAMPAIGN-CON-078,PROD-CON-04,CONTENT-CON-078,0.75
2026-09-30T10:41:00Z,BEHAVIOR-CON-079,PROFILE-CON-079,synthetic_catalogue_view,CAMPAIGN-CON-079,PROD-CON-06,CONTENT-CON-079,0.75
2026-09-30T10:40:00Z,BEHAVIOR-CON-080,PROFILE-CON-080,synthetic_catalogue_view,CAMPAIGN-CON-080,PROD-CON-07,CONTENT-CON-080,0.75
2026-09-30T10:39:00Z,BEHAVIOR-CON-081,PROFILE-CON-081,synthetic_catalogue_view,CAMPAIGN-CON-081,PROD-CON-08,CONTENT-CON-081,0.75
2026-09-30T10:38:00Z,BEHAVIOR-CON-082,PROFILE-CON-082,synthetic_catalogue_view,CAMPAIGN-CON-082,PROD-CON-10,CONTENT-CON-082,0.75
2026-09-30T10:37:00Z,BEHAVIOR-CON-083,PROFILE-CON-083,synthetic_catalogue_view,CAMPAIGN-CON-083,PROD-CON-11,CONTENT-CON-083,0.75
2026-09-30T10:36:00Z,BEHAVIOR-CON-084,PROFILE-CON-084,synthetic_catalogue_view,CAMPAIGN-CON-084,PROD-CON-12,CONTENT-CON-084,0.75
2026-09-30T10:35:00Z,BEHAVIOR-CON-085,PROFILE-CON-085,synthetic_catalogue_view,CAMPAIGN-CON-085,PROD-CON-03,CONTENT-CON-085,0.75
2026-09-30T10:34:00Z,BEHAVIOR-CON-086,PROFILE-CON-086,synthetic_catalogue_view,CAMPAIGN-CON-086,PROD-CON-04,CONTENT-CON-086,0.75
2026-09-30T10:33:00Z,BEHAVIOR-CON-087,PROFILE-CON-087,synthetic_catalogue_view,CAMPAIGN-CON-087,PROD-CON-06,CONTENT-CON-087,0.75
2026-09-30T10:32:00Z,BEHAVIOR-CON-088,PROFILE-CON-088,synthetic_catalogue_view,CAMPAIGN-CON-088,PROD-CON-07,CONTENT-CON-088,0.75
2026-09-30T10:31:00Z,BEHAVIOR-CON-089,PROFILE-CON-089,synthetic_catalogue_view,CAMPAIGN-CON-089,PROD-CON-08,CONTENT-CON-089,0.75
2026-09-30T10:30:00Z,BEHAVIOR-CON-090,PROFILE-CON-090,synthetic_catalogue_view,CAMPAIGN-CON-090,PROD-CON-10,CONTENT-CON-090,0.75
2026-09-30T10:29:00Z,BEHAVIOR-CON-091,PROFILE-CON-091,synthetic_catalogue_view,CAMPAIGN-CON-091,PROD-CON-11,CONTENT-CON-091,0.75
2026-09-30T10:28:00Z,BEHAVIOR-CON-092,PROFILE-CON-092,synthetic_catalogue_view,CAMPAIGN-CON-092,PROD-CON-12,CONTENT-CON-092,0.75
2026-09-30T10:27:00Z,BEHAVIOR-CON-093,PROFILE-CON-093,synthetic_catalogue_view,CAMPAIGN-CON-093,PROD-CON-03,CONTENT-CON-093,0.75
2026-09-30T10:26:00Z,BEHAVIOR-CON-094,PROFILE-CON-094,synthetic_catalogue_view,CAMPAIGN-CON-094,PROD-CON-04,CONTENT-CON-094,0.75
2026-09-30T10:25:00Z,BEHAVIOR-CON-095,PROFILE-CON-095,synthetic_catalogue_view,CAMPAIGN-CON-095,PROD-CON-06,CONTENT-CON-095,0.75
2026-09-30T10:24:00Z,BEHAVIOR-CON-096,PROFILE-CON-096,synthetic_catalogue_view,CAMPAIGN-CON-096,PROD-CON-07,CONTENT-CON-096,0.75
2026-09-30T10:23:00Z,BEHAVIOR-CON-097,PROFILE-CON-097,synthetic_catalogue_view,CAMPAIGN-CON-097,PROD-CON-08,CONTENT-CON-097,0.75
2026-09-30T10:22:00Z,BEHAVIOR-CON-098,PROFILE-CON-098,synthetic_catalogue_view,CAMPAIGN-CON-098,PROD-CON-10,CONTENT-CON-098,0.75
2026-09-30T10:21:00Z,BEHAVIOR-CON-099,PROFILE-CON-099,synthetic_catalogue_view,CAMPAIGN-CON-099,PROD-CON-11,CONTENT-CON-099,0.75
2026-09-30T10:20:00Z,BEHAVIOR-CON-100,PROFILE-CON-100,synthetic_catalogue_view,CAMPAIGN-CON-100,PROD-CON-12,CONTENT-CON-100,0.75
