event_time,demand_signal_id,campaign_id,audience_id,product_family_id,segment_id,signal_type,signal_strength,account_id,product_id,opportunity_id,demand_qty,unit,confirmed,allocation_eligible
2026-10-01T11:59:00Z,DEMAND-CON-001,CAMPAIGN-CON-001,AUDIENCE-CON-001,FAMILY-INSULATION,SEG-CON-SCHOOLS,unconfirmed_campaign_interest,0.75,ACC-CON-001,PROD-CON-01,OPPORTUNITY-CON-001,300,m2,false,false
2026-10-01T11:58:00Z,DEMAND-CON-002,CAMPAIGN-CON-002,AUDIENCE-CON-002,FAMILY-INSULATION,SEG-CON-HOUSING,unconfirmed_campaign_interest,0.75,ACC-CON-002,PROD-CON-01,OPPORTUNITY-CON-002,70,m2,false,false
2026-10-01T11:57:00Z,DEMAND-CON-003,CAMPAIGN-CON-003,AUDIENCE-CON-003,FAMILY-INSULATION,SEG-CON-WORKPLACES,unconfirmed_campaign_interest,0.75,ACC-CON-003,PROD-CON-01,OPPORTUNITY-CON-003,80,m2,false,false
2026-10-01T11:56:00Z,DEMAND-CON-004,CAMPAIGN-CON-004,AUDIENCE-CON-004,FAMILY-PLASTERBOARD,SEG-CON-SCHOOLS,unconfirmed_campaign_interest,0.75,ACC-CON-004,PROD-CON-05,OPPORTUNITY-CON-004,90,m2,false,false
2026-10-01T11:55:00Z,DEMAND-CON-005,CAMPAIGN-CON-005,AUDIENCE-CON-005,FAMILY-PLASTERBOARD,SEG-CON-HOUSING,unconfirmed_campaign_interest,0.75,ACC-CON-005,PROD-CON-05,OPPORTUNITY-CON-005,100,m2,false,false
2026-10-01T11:54:00Z,DEMAND-CON-006,CAMPAIGN-CON-006,AUDIENCE-CON-006,FAMILY-PLASTERBOARD,SEG-CON-WORKPLACES,unconfirmed_campaign_interest,0.75,ACC-CON-006,PROD-CON-05,OPPORTUNITY-CON-006,110,m2,false,false
2026-10-01T11:53:00Z,DEMAND-CON-007,CAMPAIGN-CON-007,AUDIENCE-CON-007,FAMILY-WINDOWS,SEG-CON-SCHOOLS,unconfirmed_campaign_interest,0.75,ACC-CON-007,PROD-CON-09,OPPORTUNITY-CON-007,12,unit,false,false
2026-10-01T11:52:00Z,DEMAND-CON-008,CAMPAIGN-CON-008,AUDIENCE-CON-008,FAMILY-WINDOWS,SEG-CON-HOUSING,unconfirmed_campaign_interest,0.75,ACC-CON-008,PROD-CON-09,OPPORTUNITY-CON-008,13,unit,false,false
2026-10-01T11:51:00Z,DEMAND-CON-009,CAMPAIGN-CON-009,AUDIENCE-CON-009,FAMILY-WINDOWS,SEG-CON-WORKPLACES,unconfirmed_campaign_interest,0.75,ACC-CON-009,PROD-CON-09,OPPORTUNITY-CON-009,14,unit,false,false
2026-10-01T11:50:00Z,DEMAND-CON-010,CAMPAIGN-CON-010,AUDIENCE-CON-010,FAMILY-INSULATION,SEG-CON-SCHOOLS,unconfirmed_campaign_interest,0.75,ACC-CON-010,PROD-CON-02,OPPORTUNITY-CON-010,50,m2,false,false
2026-10-01T11:49:00Z,DEMAND-CON-011,CAMPAIGN-CON-011,AUDIENCE-CON-011,FAMILY-INSULATION,SEG-CON-HOUSING,unconfirmed_campaign_interest,0.75,ACC-CON-011,PROD-CON-02,OPPORTUNITY-CON-011,60,m2,false,false
2026-10-01T11:48:00Z,DEMAND-CON-012,CAMPAIGN-CON-012,AUDIENCE-CON-012,FAMILY-INSULATION,SEG-CON-WORKPLACES,unconfirmed_campaign_interest,0.75,ACC-CON-012,PROD-CON-02,OPPORTUNITY-CON-012,70,m2,false,false
2026-10-01T11:47:00Z,DEMAND-CON-013,CAMPAIGN-CON-013,AUDIENCE-CON-013,FAMILY-INSULATION,SEG-CON-SCHOOLS,unconfirmed_campaign_interest,0.75,ACC-CON-013,PROD-CON-03,OPPORTUNITY-CON-013,80,m2,false,false
2026-10-01T11:46:00Z,DEMAND-CON-014,CAMPAIGN-CON-014,AUDIENCE-CON-014,FAMILY-INSULATION,SEG-CON-HOUSING,unconfirmed_campaign_interest,0.75,ACC-CON-014,PROD-CON-04,OPPORTUNITY-CON-014,90,m2,false,false
2026-10-01T11:45:00Z,DEMAND-CON-015,CAMPAIGN-CON-015,AUDIENCE-CON-015,FAMILY-PLASTERBOARD,SEG-CON-WORKPLACES,unconfirmed_campaign_interest,0.75,ACC-CON-015,PROD-CON-06,OPPORTUNITY-CON-015,100,m2,false,false
2026-10-01T11:44:00Z,DEMAND-CON-016,CAMPAIGN-CON-016,AUDIENCE-CON-016,FAMILY-PLASTERBOARD,SEG-CON-SCHOOLS,unconfirmed_campaign_interest,0.75,ACC-CON-016,PROD-CON-07,OPPORTUNITY-CON-016,110,m2,false,false
2026-10-01T11:43:00Z,DEMAND-CON-017,CAMPAIGN-CON-017,AUDIENCE-CON-017,FAMILY-PLASTERBOARD,SEG-CON-HOUSING,unconfirmed_campaign_interest,0.75,ACC-CON-017,PROD-CON-08,OPPORTUNITY-CON-017,120,m2,false,false
2026-10-01T11:42:00Z,DEMAND-CON-018,CAMPAIGN-CON-018,AUDIENCE-CON-018,FAMILY-WINDOWS,SEG-CON-WORKPLACES,unconfirmed_campaign_interest,0.75,ACC-CON-018,PROD-CON-10,OPPORTUNITY-CON-018,13,unit,false,false
2026-10-01T11:41:00Z,DEMAND-CON-019,CAMPAIGN-CON-019,AUDIENCE-CON-019,FAMILY-WINDOWS,SEG-CON-SCHOOLS,unconfirmed_campaign_interest,0.75,ACC-CON-019,PROD-CON-11,OPPORTUNITY-CON-019,14,unit,false,false
2026-10-01T11:40:00Z,DEMAND-CON-020,CAMPAIGN-CON-020,AUDIENCE-CON-020,FAMILY-WINDOWS,SEG-CON-HOUSING,unconfirmed_campaign_interest,0.75,ACC-CON-020,PROD-CON-12,OPPORTUNITY-CON-020,5,unit,false,false
2026-10-01T11:39:00Z,DEMAND-CON-021,CAMPAIGN-CON-021,AUDIENCE-CON-021,FAMILY-INSULATION,SEG-CON-WORKPLACES,unconfirmed_campaign_interest,0.75,ACC-CON-021,PROD-CON-03,OPPORTUNITY-CON-021,60,m2,false,false
2026-10-01T11:38:00Z,DEMAND-CON-022,CAMPAIGN-CON-022,AUDIENCE-CON-022,FAMILY-INSULATION,SEG-CON-SCHOOLS,unconfirmed_campaign_interest,0.75,ACC-CON-022,PROD-CON-04,OPPORTUNITY-CON-022,70,m2,false,false
2026-10-01T11:37:00Z,DEMAND-CON-023,CAMPAIGN-CON-023,AUDIENCE-CON-023,FAMILY-PLASTERBOARD,SEG-CON-HOUSING,unconfirmed_campaign_interest,0.75,ACC-CON-023,PROD-CON-06,OPPORTUNITY-CON-023,80,m2,false,false
2026-10-01T11:36:00Z,DEMAND-CON-024,CAMPAIGN-CON-024,AUDIENCE-CON-024,FAMILY-PLASTERBOARD,SEG-CON-WORKPLACES,unconfirmed_campaign_interest,0.75,ACC-CON-024,PROD-CON-07,OPPORTUNITY-CON-024,90,m2,false,false
2026-10-01T11:35:00Z,DEMAND-CON-025,CAMPAIGN-CON-025,AUDIENCE-CON-025,FAMILY-PLASTERBOARD,SEG-CON-SCHOOLS,unconfirmed_campaign_interest,0.75,ACC-CON-025,PROD-CON-08,OPPORTUNITY-CON-025,100,m2,false,false
2026-10-01T11:34:00Z,DEMAND-CON-026,CAMPAIGN-CON-026,AUDIENCE-CON-026,FAMILY-WINDOWS,SEG-CON-HOUSING,unconfirmed_campaign_interest,0.75,ACC-CON-026,PROD-CON-10,OPPORTUNITY-CON-026,11,unit,false,false
2026-10-01T11:33:00Z,DEMAND-CON-027,CAMPAIGN-CON-027,AUDIENCE-CON-027,FAMILY-WINDOWS,SEG-CON-WORKPLACES,unconfirmed_campaign_interest,0.75,ACC-CON-027,PROD-CON-11,OPPORTUNITY-CON-027,12,unit,false,false
2026-10-01T11:32:00Z,DEMAND-CON-028,CAMPAIGN-CON-028,AUDIENCE-CON-028,FAMILY-WINDOWS,SEG-CON-SCHOOLS,unconfirmed_campaign_interest,0.75,ACC-CON-028,PROD-CON-12,OPPORTUNITY-CON-028,13,unit,false,false
2026-10-01T11:31:00Z,DEMAND-CON-029,CAMPAIGN-CON-029,AUDIENCE-CON-029,FAMILY-INSULATION,SEG-CON-HOUSING,unconfirmed_campaign_interest,0.75,ACC-CON-029,PROD-CON-03,OPPORTUNITY-CON-029,140,m2,false,false
2026-10-01T11:30:00Z,DEMAND-CON-030,CAMPAIGN-CON-030,AUDIENCE-CON-030,FAMILY-INSULATION,SEG-CON-WORKPLACES,unconfirmed_campaign_interest,0.75,ACC-CON-030,PROD-CON-04,OPPORTUNITY-CON-030,50,m2,false,false
2026-10-01T11:29:00Z,DEMAND-CON-031,CAMPAIGN-CON-031,AUDIENCE-CON-031,FAMILY-PLASTERBOARD,SEG-CON-SCHOOLS,unconfirmed_campaign_interest,0.75,ACC-CON-031,PROD-CON-06,OPPORTUNITY-CON-031,60,m2,false,false
2026-10-01T11:28:00Z,DEMAND-CON-032,CAMPAIGN-CON-032,AUDIENCE-CON-032,FAMILY-PLASTERBOARD,SEG-CON-HOUSING,unconfirmed_campaign_interest,0.75,ACC-CON-032,PROD-CON-07,OPPORTUNITY-CON-032,70,m2,false,false
2026-10-01T11:27:00Z,DEMAND-CON-033,CAMPAIGN-CON-033,AUDIENCE-CON-033,FAMILY-PLASTERBOARD,SEG-CON-WORKPLACES,unconfirmed_campaign_interest,0.75,ACC-CON-033,PROD-CON-08,OPPORTUNITY-CON-033,80,m2,false,false
2026-10-01T11:26:00Z,DEMAND-CON-034,CAMPAIGN-CON-034,AUDIENCE-CON-034,FAMILY-WINDOWS,SEG-CON-SCHOOLS,unconfirmed_campaign_interest,0.75,ACC-CON-034,PROD-CON-10,OPPORTUNITY-CON-034,9,unit,false,false
2026-10-01T11:25:00Z,DEMAND-CON-035,CAMPAIGN-CON-035,AUDIENCE-CON-035,FAMILY-WINDOWS,SEG-CON-HOUSING,unconfirmed_campaign_interest,0.75,ACC-CON-035,PROD-CON-11,OPPORTUNITY-CON-035,10,unit,false,false
2026-10-01T11:24:00Z,DEMAND-CON-036,CAMPAIGN-CON-036,AUDIENCE-CON-036,FAMILY-WINDOWS,SEG-CON-WORKPLACES,unconfirmed_campaign_interest,0.75,ACC-CON-036,PROD-CON-12,OPPORTUNITY-CON-036,11,unit,false,false
2026-10-01T11:23:00Z,DEMAND-CON-037,CAMPAIGN-CON-037,AUDIENCE-CON-037,FAMILY-INSULATION,SEG-CON-SCHOOLS,unconfirmed_campaign_interest,0.75,ACC-CON-037,PROD-CON-03,OPPORTUNITY-CON-037,120,m2,false,false
2026-10-01T11:22:00Z,DEMAND-CON-038,CAMPAIGN-CON-038,AUDIENCE-CON-038,FAMILY-INSULATION,SEG-CON-HOUSING,unconfirmed_campaign_interest,0.75,ACC-CON-038,PROD-CON-04,OPPORTUNITY-CON-038,130,m2,false,false
2026-10-01T11:21:00Z,DEMAND-CON-039,CAMPAIGN-CON-039,AUDIENCE-CON-039,FAMILY-PLASTERBOARD,SEG-CON-WORKPLACES,unconfirmed_campaign_interest,0.75,ACC-CON-039,PROD-CON-06,OPPORTUNITY-CON-039,140,m2,false,false
2026-10-01T11:20:00Z,DEMAND-CON-040,CAMPAIGN-CON-040,AUDIENCE-CON-040,FAMILY-PLASTERBOARD,SEG-CON-SCHOOLS,unconfirmed_campaign_interest,0.75,ACC-CON-040,PROD-CON-07,OPPORTUNITY-CON-040,50,m2,false,false
2026-10-01T11:19:00Z,DEMAND-CON-041,CAMPAIGN-CON-041,AUDIENCE-CON-041,FAMILY-PLASTERBOARD,SEG-CON-HOUSING,unconfirmed_campaign_interest,0.75,ACC-CON-041,PROD-CON-08,OPPORTUNITY-CON-041,60,m2,false,false
2026-10-01T11:18:00Z,DEMAND-CON-042,CAMPAIGN-CON-042,AUDIENCE-CON-042,FAMILY-WINDOWS,SEG-CON-WORKPLACES,unconfirmed_campaign_interest,0.75,ACC-CON-042,PROD-CON-10,OPPORTUNITY-CON-042,7,unit,false,false
2026-10-01T11:17:00Z,DEMAND-CON-043,CAMPAIGN-CON-043,AUDIENCE-CON-043,FAMILY-WINDOWS,SEG-CON-SCHOOLS,unconfirmed_campaign_interest,0.75,ACC-CON-043,PROD-CON-11,OPPORTUNITY-CON-043,8,unit,false,false
2026-10-01T11:16:00Z,DEMAND-CON-044,CAMPAIGN-CON-044,AUDIENCE-CON-044,FAMILY-WINDOWS,SEG-CON-HOUSING,unconfirmed_campaign_interest,0.75,ACC-CON-044,PROD-CON-12,OPPORTUNITY-CON-044,9,unit,false,false
2026-10-01T11:15:00Z,DEMAND-CON-045,CAMPAIGN-CON-045,AUDIENCE-CON-045,FAMILY-INSULATION,SEG-CON-WORKPLACES,unconfirmed_campaign_interest,0.75,ACC-CON-045,PROD-CON-03,OPPORTUNITY-CON-045,100,m2,false,false
2026-10-01T11:14:00Z,DEMAND-CON-046,CAMPAIGN-CON-046,AUDIENCE-CON-046,FAMILY-INSULATION,SEG-CON-SCHOOLS,unconfirmed_campaign_interest,0.75,ACC-CON-046,PROD-CON-04,OPPORTUNITY-CON-046,110,m2,false,false
2026-10-01T11:13:00Z,DEMAND-CON-047,CAMPAIGN-CON-047,AUDIENCE-CON-047,FAMILY-PLASTERBOARD,SEG-CON-HOUSING,unconfirmed_campaign_interest,0.75,ACC-CON-047,PROD-CON-06,OPPORTUNITY-CON-047,120,m2,false,false
2026-10-01T11:12:00Z,DEMAND-CON-048,CAMPAIGN-CON-048,AUDIENCE-CON-048,FAMILY-PLASTERBOARD,SEG-CON-WORKPLACES,unconfirmed_campaign_interest,0.75,ACC-CON-048,PROD-CON-07,OPPORTUNITY-CON-048,130,m2,false,false
2026-10-01T11:11:00Z,DEMAND-CON-049,CAMPAIGN-CON-049,AUDIENCE-CON-049,FAMILY-PLASTERBOARD,SEG-CON-SCHOOLS,unconfirmed_campaign_interest,0.75,ACC-CON-049,PROD-CON-08,OPPORTUNITY-CON-049,140,m2,false,false
2026-10-01T11:10:00Z,DEMAND-CON-050,CAMPAIGN-CON-050,AUDIENCE-CON-050,FAMILY-WINDOWS,SEG-CON-HOUSING,unconfirmed_campaign_interest,0.75,ACC-CON-050,PROD-CON-10,OPPORTUNITY-CON-050,5,unit,false,false
2026-10-01T11:09:00Z,DEMAND-CON-051,CAMPAIGN-CON-051,AUDIENCE-CON-051,FAMILY-WINDOWS,SEG-CON-WORKPLACES,unconfirmed_campaign_interest,0.75,ACC-CON-051,PROD-CON-11,OPPORTUNITY-CON-051,6,unit,false,false
2026-10-01T11:08:00Z,DEMAND-CON-052,CAMPAIGN-CON-052,AUDIENCE-CON-052,FAMILY-WINDOWS,SEG-CON-SCHOOLS,unconfirmed_campaign_interest,0.75,ACC-CON-052,PROD-CON-12,OPPORTUNITY-CON-052,7,unit,false,false
2026-10-01T11:07:00Z,DEMAND-CON-053,CAMPAIGN-CON-053,AUDIENCE-CON-053,FAMILY-INSULATION,SEG-CON-HOUSING,unconfirmed_campaign_interest,0.75,ACC-CON-053,PROD-CON-03,OPPORTUNITY-CON-053,80,m2,false,false
2026-10-01T11:06:00Z,DEMAND-CON-054,CAMPAIGN-CON-054,AUDIENCE-CON-054,FAMILY-INSULATION,SEG-CON-WORKPLACES,unconfirmed_campaign_interest,0.75,ACC-CON-054,PROD-CON-04,OPPORTUNITY-CON-054,90,m2,false,false
2026-10-01T11:05:00Z,DEMAND-CON-055,CAMPAIGN-CON-055,AUDIENCE-CON-055,FAMILY-PLASTERBOARD,SEG-CON-SCHOOLS,unconfirmed_campaign_interest,0.75,ACC-CON-055,PROD-CON-06,OPPORTUNITY-CON-055,100,m2,false,false
2026-10-01T11:04:00Z,DEMAND-CON-056,CAMPAIGN-CON-056,AUDIENCE-CON-056,FAMILY-PLASTERBOARD,SEG-CON-HOUSING,unconfirmed_campaign_interest,0.75,ACC-CON-056,PROD-CON-07,OPPORTUNITY-CON-056,110,m2,false,false
2026-10-01T11:03:00Z,DEMAND-CON-057,CAMPAIGN-CON-057,AUDIENCE-CON-057,FAMILY-PLASTERBOARD,SEG-CON-WORKPLACES,unconfirmed_campaign_interest,0.75,ACC-CON-057,PROD-CON-08,OPPORTUNITY-CON-057,120,m2,false,false
2026-10-01T11:02:00Z,DEMAND-CON-058,CAMPAIGN-CON-058,AUDIENCE-CON-058,FAMILY-WINDOWS,SEG-CON-SCHOOLS,unconfirmed_campaign_interest,0.75,ACC-CON-058,PROD-CON-10,OPPORTUNITY-CON-058,13,unit,false,false
2026-10-01T11:01:00Z,DEMAND-CON-059,CAMPAIGN-CON-059,AUDIENCE-CON-059,FAMILY-WINDOWS,SEG-CON-HOUSING,unconfirmed_campaign_interest,0.75,ACC-CON-059,PROD-CON-11,OPPORTUNITY-CON-059,14,unit,false,false
2026-10-01T11:00:00Z,DEMAND-CON-060,CAMPAIGN-CON-060,AUDIENCE-CON-060,FAMILY-WINDOWS,SEG-CON-WORKPLACES,unconfirmed_campaign_interest,0.75,ACC-CON-060,PROD-CON-12,OPPORTUNITY-CON-060,5,unit,false,false
2026-10-01T10:59:00Z,DEMAND-CON-061,CAMPAIGN-CON-061,AUDIENCE-CON-061,FAMILY-INSULATION,SEG-CON-SCHOOLS,unconfirmed_campaign_interest,0.75,ACC-CON-061,PROD-CON-03,OPPORTUNITY-CON-061,60,m2,false,false
2026-10-01T10:58:00Z,DEMAND-CON-062,CAMPAIGN-CON-062,AUDIENCE-CON-062,FAMILY-INSULATION,SEG-CON-HOUSING,unconfirmed_campaign_interest,0.75,ACC-CON-062,PROD-CON-04,OPPORTUNITY-CON-062,70,m2,false,false
2026-10-01T10:57:00Z,DEMAND-CON-063,CAMPAIGN-CON-063,AUDIENCE-CON-063,FAMILY-PLASTERBOARD,SEG-CON-WORKPLACES,unconfirmed_campaign_interest,0.75,ACC-CON-063,PROD-CON-06,OPPORTUNITY-CON-063,80,m2,false,false
2026-10-01T10:56:00Z,DEMAND-CON-064,CAMPAIGN-CON-064,AUDIENCE-CON-064,FAMILY-PLASTERBOARD,SEG-CON-SCHOOLS,unconfirmed_campaign_interest,0.75,ACC-CON-064,PROD-CON-07,OPPORTUNITY-CON-064,90,m2,false,false
2026-10-01T10:55:00Z,DEMAND-CON-065,CAMPAIGN-CON-065,AUDIENCE-CON-065,FAMILY-PLASTERBOARD,SEG-CON-HOUSING,unconfirmed_campaign_interest,0.75,ACC-CON-065,PROD-CON-08,OPPORTUNITY-CON-065,100,m2,false,false
2026-10-01T10:54:00Z,DEMAND-CON-066,CAMPAIGN-CON-066,AUDIENCE-CON-066,FAMILY-WINDOWS,SEG-CON-WORKPLACES,unconfirmed_campaign_interest,0.75,ACC-CON-066,PROD-CON-10,OPPORTUNITY-CON-066,11,unit,false,false
2026-10-01T10:53:00Z,DEMAND-CON-067,CAMPAIGN-CON-067,AUDIENCE-CON-067,FAMILY-WINDOWS,SEG-CON-SCHOOLS,unconfirmed_campaign_interest,0.75,ACC-CON-067,PROD-CON-11,OPPORTUNITY-CON-067,12,unit,false,false
2026-10-01T10:52:00Z,DEMAND-CON-068,CAMPAIGN-CON-068,AUDIENCE-CON-068,FAMILY-WINDOWS,SEG-CON-HOUSING,unconfirmed_campaign_interest,0.75,ACC-CON-068,PROD-CON-12,OPPORTUNITY-CON-068,13,unit,false,false
2026-10-01T10:51:00Z,DEMAND-CON-069,CAMPAIGN-CON-069,AUDIENCE-CON-069,FAMILY-INSULATION,SEG-CON-WORKPLACES,unconfirmed_campaign_interest,0.75,ACC-CON-069,PROD-CON-03,OPPORTUNITY-CON-069,140,m2,false,false
2026-10-01T10:50:00Z,DEMAND-CON-070,CAMPAIGN-CON-070,AUDIENCE-CON-070,FAMILY-INSULATION,SEG-CON-SCHOOLS,unconfirmed_campaign_interest,0.75,ACC-CON-070,PROD-CON-04,OPPORTUNITY-CON-070,50,m2,false,false
2026-10-01T10:49:00Z,DEMAND-CON-071,CAMPAIGN-CON-071,AUDIENCE-CON-071,FAMILY-PLASTERBOARD,SEG-CON-HOUSING,unconfirmed_campaign_interest,0.75,ACC-CON-071,PROD-CON-06,OPPORTUNITY-CON-071,60,m2,false,false
2026-10-01T10:48:00Z,DEMAND-CON-072,CAMPAIGN-CON-072,AUDIENCE-CON-072,FAMILY-PLASTERBOARD,SEG-CON-WORKPLACES,unconfirmed_campaign_interest,0.75,ACC-CON-072,PROD-CON-07,OPPORTUNITY-CON-072,70,m2,false,false
2026-10-01T10:47:00Z,DEMAND-CON-073,CAMPAIGN-CON-073,AUDIENCE-CON-073,FAMILY-PLASTERBOARD,SEG-CON-SCHOOLS,unconfirmed_campaign_interest,0.75,ACC-CON-073,PROD-CON-08,OPPORTUNITY-CON-073,80,m2,false,false
2026-10-01T10:46:00Z,DEMAND-CON-074,CAMPAIGN-CON-074,AUDIENCE-CON-074,FAMILY-WINDOWS,SEG-CON-HOUSING,unconfirmed_campaign_interest,0.75,ACC-CON-074,PROD-CON-10,OPPORTUNITY-CON-074,9,unit,false,false
2026-10-01T10:45:00Z,DEMAND-CON-075,CAMPAIGN-CON-075,AUDIENCE-CON-075,FAMILY-WINDOWS,SEG-CON-WORKPLACES,unconfirmed_campaign_interest,0.75,ACC-CON-075,PROD-CON-11,OPPORTUNITY-CON-075,10,unit,false,false
2026-10-01T10:44:00Z,DEMAND-CON-076,CAMPAIGN-CON-076,AUDIENCE-CON-076,FAMILY-WINDOWS,SEG-CON-SCHOOLS,unconfirmed_campaign_interest,0.75,ACC-CON-076,PROD-CON-12,OPPORTUNITY-CON-076,11,unit,false,false
2026-10-01T10:43:00Z,DEMAND-CON-077,CAMPAIGN-CON-077,AUDIENCE-CON-077,FAMILY-INSULATION,SEG-CON-HOUSING,unconfirmed_campaign_interest,0.75,ACC-CON-077,PROD-CON-03,OPPORTUNITY-CON-077,120,m2,false,false
2026-10-01T10:42:00Z,DEMAND-CON-078,CAMPAIGN-CON-078,AUDIENCE-CON-078,FAMILY-INSULATION,SEG-CON-WORKPLACES,unconfirmed_campaign_interest,0.75,ACC-CON-078,PROD-CON-04,OPPORTUNITY-CON-078,130,m2,false,false
2026-10-01T10:41:00Z,DEMAND-CON-079,CAMPAIGN-CON-079,AUDIENCE-CON-079,FAMILY-PLASTERBOARD,SEG-CON-SCHOOLS,unconfirmed_campaign_interest,0.75,ACC-CON-079,PROD-CON-06,OPPORTUNITY-CON-079,140,m2,false,false
2026-10-01T10:40:00Z,DEMAND-CON-080,CAMPAIGN-CON-080,AUDIENCE-CON-080,FAMILY-PLASTERBOARD,SEG-CON-HOUSING,unconfirmed_campaign_interest,0.75,ACC-CON-080,PROD-CON-07,OPPORTUNITY-CON-080,50,m2,false,false
2026-10-01T10:39:00Z,DEMAND-CON-081,CAMPAIGN-CON-081,AUDIENCE-CON-081,FAMILY-PLASTERBOARD,SEG-CON-WORKPLACES,unconfirmed_campaign_interest,0.75,ACC-CON-081,PROD-CON-08,OPPORTUNITY-CON-081,60,m2,false,false
2026-10-01T10:38:00Z,DEMAND-CON-082,CAMPAIGN-CON-082,AUDIENCE-CON-082,FAMILY-WINDOWS,SEG-CON-SCHOOLS,unconfirmed_campaign_interest,0.75,ACC-CON-082,PROD-CON-10,OPPORTUNITY-CON-082,7,unit,false,false
2026-10-01T10:37:00Z,DEMAND-CON-083,CAMPAIGN-CON-083,AUDIENCE-CON-083,FAMILY-WINDOWS,SEG-CON-HOUSING,unconfirmed_campaign_interest,0.75,ACC-CON-083,PROD-CON-11,OPPORTUNITY-CON-083,8,unit,false,false
2026-10-01T10:36:00Z,DEMAND-CON-084,CAMPAIGN-CON-084,AUDIENCE-CON-084,FAMILY-WINDOWS,SEG-CON-WORKPLACES,unconfirmed_campaign_interest,0.75,ACC-CON-084,PROD-CON-12,OPPORTUNITY-CON-084,9,unit,false,false
2026-10-01T10:35:00Z,DEMAND-CON-085,CAMPAIGN-CON-085,AUDIENCE-CON-085,FAMILY-INSULATION,SEG-CON-SCHOOLS,unconfirmed_campaign_interest,0.75,ACC-CON-085,PROD-CON-03,OPPORTUNITY-CON-085,100,m2,false,false
2026-10-01T10:34:00Z,DEMAND-CON-086,CAMPAIGN-CON-086,AUDIENCE-CON-086,FAMILY-INSULATION,SEG-CON-HOUSING,unconfirmed_campaign_interest,0.75,ACC-CON-086,PROD-CON-04,OPPORTUNITY-CON-086,110,m2,false,false
2026-10-01T10:33:00Z,DEMAND-CON-087,CAMPAIGN-CON-087,AUDIENCE-CON-087,FAMILY-PLASTERBOARD,SEG-CON-WORKPLACES,unconfirmed_campaign_interest,0.75,ACC-CON-087,PROD-CON-06,OPPORTUNITY-CON-087,120,m2,false,false
2026-10-01T10:32:00Z,DEMAND-CON-088,CAMPAIGN-CON-088,AUDIENCE-CON-088,FAMILY-PLASTERBOARD,SEG-CON-SCHOOLS,unconfirmed_campaign_interest,0.75,ACC-CON-088,PROD-CON-07,OPPORTUNITY-CON-088,130,m2,false,false
2026-10-01T10:31:00Z,DEMAND-CON-089,CAMPAIGN-CON-089,AUDIENCE-CON-089,FAMILY-PLASTERBOARD,SEG-CON-HOUSING,unconfirmed_campaign_interest,0.75,ACC-CON-089,PROD-CON-08,OPPORTUNITY-CON-089,140,m2,false,false
2026-10-01T10:30:00Z,DEMAND-CON-090,CAMPAIGN-CON-090,AUDIENCE-CON-090,FAMILY-WINDOWS,SEG-CON-WORKPLACES,unconfirmed_campaign_interest,0.75,ACC-CON-090,PROD-CON-10,OPPORTUNITY-CON-090,5,unit,false,false
2026-10-01T10:29:00Z,DEMAND-CON-091,CAMPAIGN-CON-091,AUDIENCE-CON-091,FAMILY-WINDOWS,SEG-CON-SCHOOLS,unconfirmed_campaign_interest,0.75,ACC-CON-091,PROD-CON-11,OPPORTUNITY-CON-091,6,unit,false,false
2026-10-01T10:28:00Z,DEMAND-CON-092,CAMPAIGN-CON-092,AUDIENCE-CON-092,FAMILY-WINDOWS,SEG-CON-HOUSING,unconfirmed_campaign_interest,0.75,ACC-CON-092,PROD-CON-12,OPPORTUNITY-CON-092,7,unit,false,false
2026-10-01T10:27:00Z,DEMAND-CON-093,CAMPAIGN-CON-093,AUDIENCE-CON-093,FAMILY-INSULATION,SEG-CON-WORKPLACES,unconfirmed_campaign_interest,0.75,ACC-CON-093,PROD-CON-03,OPPORTUNITY-CON-093,80,m2,false,false
2026-10-01T10:26:00Z,DEMAND-CON-094,CAMPAIGN-CON-094,AUDIENCE-CON-094,FAMILY-INSULATION,SEG-CON-SCHOOLS,unconfirmed_campaign_interest,0.75,ACC-CON-094,PROD-CON-04,OPPORTUNITY-CON-094,90,m2,false,false
2026-10-01T10:25:00Z,DEMAND-CON-095,CAMPAIGN-CON-095,AUDIENCE-CON-095,FAMILY-PLASTERBOARD,SEG-CON-HOUSING,unconfirmed_campaign_interest,0.75,ACC-CON-095,PROD-CON-06,OPPORTUNITY-CON-095,100,m2,false,false
2026-10-01T10:24:00Z,DEMAND-CON-096,CAMPAIGN-CON-096,AUDIENCE-CON-096,FAMILY-PLASTERBOARD,SEG-CON-WORKPLACES,unconfirmed_campaign_interest,0.75,ACC-CON-096,PROD-CON-07,OPPORTUNITY-CON-096,110,m2,false,false
2026-10-01T10:23:00Z,DEMAND-CON-097,CAMPAIGN-CON-097,AUDIENCE-CON-097,FAMILY-PLASTERBOARD,SEG-CON-SCHOOLS,unconfirmed_campaign_interest,0.75,ACC-CON-097,PROD-CON-08,OPPORTUNITY-CON-097,120,m2,false,false
2026-10-01T10:22:00Z,DEMAND-CON-098,CAMPAIGN-CON-098,AUDIENCE-CON-098,FAMILY-WINDOWS,SEG-CON-HOUSING,unconfirmed_campaign_interest,0.75,ACC-CON-098,PROD-CON-10,OPPORTUNITY-CON-098,13,unit,false,false
2026-10-01T10:21:00Z,DEMAND-CON-099,CAMPAIGN-CON-099,AUDIENCE-CON-099,FAMILY-WINDOWS,SEG-CON-WORKPLACES,unconfirmed_campaign_interest,0.75,ACC-CON-099,PROD-CON-11,OPPORTUNITY-CON-099,14,unit,false,false
2026-10-01T10:20:00Z,DEMAND-CON-100,CAMPAIGN-CON-100,AUDIENCE-CON-100,FAMILY-WINDOWS,SEG-CON-SCHOOLS,unconfirmed_campaign_interest,0.75,ACC-CON-100,PROD-CON-12,OPPORTUNITY-CON-100,5,unit,false,false
