event_time,journey_event_id,journey_id,journey_step_id,profile_id,event_status,campaign_id
2026-10-01T11:59:00Z,JOURNEY-EVENT-CON-001,JOURNEY-CON-001,STEP-CON-SUPPLY-REVIEW,PROFILE-CON-001,awaiting_supply_review,CAMPAIGN-CON-001
2026-10-01T11:58:00Z,JOURNEY-EVENT-CON-002,JOURNEY-CON-002,STEP-CON-SUPPLY-REVIEW,PROFILE-CON-002,awaiting_supply_review,CAMPAIGN-CON-002
2026-10-01T11:57:00Z,JOURNEY-EVENT-CON-003,JOURNEY-CON-003,STEP-CON-SUPPLY-REVIEW,PROFILE-CON-003,awaiting_supply_review,CAMPAIGN-CON-003
2026-10-01T11:56:00Z,JOURNEY-EVENT-CON-004,JOURNEY-CON-004,STEP-CON-SUPPLY-REVIEW,PROFILE-CON-004,awaiting_supply_review,CAMPAIGN-CON-004
2026-10-01T11:55:00Z,JOURNEY-EVENT-CON-005,JOURNEY-CON-005,STEP-CON-SUPPLY-REVIEW,PROFILE-CON-005,awaiting_supply_review,CAMPAIGN-CON-005
2026-10-01T11:54:00Z,JOURNEY-EVENT-CON-006,JOURNEY-CON-006,STEP-CON-SUPPLY-REVIEW,PROFILE-CON-006,awaiting_supply_review,CAMPAIGN-CON-006
2026-10-01T11:53:00Z,JOURNEY-EVENT-CON-007,JOURNEY-CON-007,STEP-CON-SUPPLY-REVIEW,PROFILE-CON-007,awaiting_supply_review,CAMPAIGN-CON-007
2026-10-01T11:52:00Z,JOURNEY-EVENT-CON-008,JOURNEY-CON-008,STEP-CON-SUPPLY-REVIEW,PROFILE-CON-008,awaiting_supply_review,CAMPAIGN-CON-008
2026-10-01T11:51:00Z,JOURNEY-EVENT-CON-009,JOURNEY-CON-009,STEP-CON-SUPPLY-REVIEW,PROFILE-CON-009,awaiting_supply_review,CAMPAIGN-CON-009
2026-10-01T11:50:00Z,JOURNEY-EVENT-CON-010,JOURNEY-CON-010,STEP-CON-SUPPLY-REVIEW,PROFILE-CON-010,awaiting_supply_review,CAMPAIGN-CON-010
2026-10-01T11:49:00Z,JOURNEY-EVENT-CON-011,JOURNEY-CON-011,STEP-CON-SUPPLY-REVIEW,PROFILE-CON-011,awaiting_supply_review,CAMPAIGN-CON-011
2026-10-01T11:48:00Z,JOURNEY-EVENT-CON-012,JOURNEY-CON-012,STEP-CON-SUPPLY-REVIEW,PROFILE-CON-012,awaiting_supply_review,CAMPAIGN-CON-012
2026-10-01T11:47:00Z,JOURNEY-EVENT-CON-013,JOURNEY-CON-013,STEP-CON-SUPPLY-REVIEW,PROFILE-CON-013,awaiting_supply_review,CAMPAIGN-CON-013
2026-10-01T11:46:00Z,JOURNEY-EVENT-CON-014,JOURNEY-CON-014,STEP-CON-SUPPLY-REVIEW,PROFILE-CON-014,awaiting_supply_review,CAMPAIGN-CON-014
2026-10-01T11:45:00Z,JOURNEY-EVENT-CON-015,JOURNEY-CON-015,STEP-CON-SUPPLY-REVIEW,PROFILE-CON-015,awaiting_supply_review,CAMPAIGN-CON-015
2026-10-01T11:44:00Z,JOURNEY-EVENT-CON-016,JOURNEY-CON-016,STEP-CON-SUPPLY-REVIEW,PROFILE-CON-016,awaiting_supply_review,CAMPAIGN-CON-016
2026-10-01T11:43:00Z,JOURNEY-EVENT-CON-017,JOURNEY-CON-017,STEP-CON-SUPPLY-REVIEW,PROFILE-CON-017,awaiting_supply_review,CAMPAIGN-CON-017
2026-10-01T11:42:00Z,JOURNEY-EVENT-CON-018,JOURNEY-CON-018,STEP-CON-SUPPLY-REVIEW,PROFILE-CON-018,awaiting_supply_review,CAMPAIGN-CON-018
2026-10-01T11:41:00Z,JOURNEY-EVENT-CON-019,JOURNEY-CON-019,STEP-CON-SUPPLY-REVIEW,PROFILE-CON-019,awaiting_supply_review,CAMPAIGN-CON-019
2026-10-01T11:40:00Z,JOURNEY-EVENT-CON-020,JOURNEY-CON-020,STEP-CON-SUPPLY-REVIEW,PROFILE-CON-020,awaiting_supply_review,CAMPAIGN-CON-020
2026-10-01T11:39:00Z,JOURNEY-EVENT-CON-021,JOURNEY-CON-021,STEP-CON-SUPPLY-REVIEW,PROFILE-CON-021,awaiting_supply_review,CAMPAIGN-CON-021
2026-10-01T11:38:00Z,JOURNEY-EVENT-CON-022,JOURNEY-CON-022,STEP-CON-SUPPLY-REVIEW,PROFILE-CON-022,awaiting_supply_review,CAMPAIGN-CON-022
2026-10-01T11:37:00Z,JOURNEY-EVENT-CON-023,JOURNEY-CON-023,STEP-CON-SUPPLY-REVIEW,PROFILE-CON-023,awaiting_supply_review,CAMPAIGN-CON-023
2026-10-01T11:36:00Z,JOURNEY-EVENT-CON-024,JOURNEY-CON-024,STEP-CON-SUPPLY-REVIEW,PROFILE-CON-024,awaiting_supply_review,CAMPAIGN-CON-024
2026-10-01T11:35:00Z,JOURNEY-EVENT-CON-025,JOURNEY-CON-025,STEP-CON-SUPPLY-REVIEW,PROFILE-CON-025,awaiting_supply_review,CAMPAIGN-CON-025
2026-10-01T11:34:00Z,JOURNEY-EVENT-CON-026,JOURNEY-CON-026,STEP-CON-SUPPLY-REVIEW,PROFILE-CON-026,awaiting_supply_review,CAMPAIGN-CON-026
2026-10-01T11:33:00Z,JOURNEY-EVENT-CON-027,JOURNEY-CON-027,STEP-CON-SUPPLY-REVIEW,PROFILE-CON-027,awaiting_supply_review,CAMPAIGN-CON-027
2026-10-01T11:32:00Z,JOURNEY-EVENT-CON-028,JOURNEY-CON-028,STEP-CON-SUPPLY-REVIEW,PROFILE-CON-028,awaiting_supply_review,CAMPAIGN-CON-028
2026-10-01T11:31:00Z,JOURNEY-EVENT-CON-029,JOURNEY-CON-029,STEP-CON-SUPPLY-REVIEW,PROFILE-CON-029,awaiting_supply_review,CAMPAIGN-CON-029
2026-10-01T11:30:00Z,JOURNEY-EVENT-CON-030,JOURNEY-CON-030,STEP-CON-SUPPLY-REVIEW,PROFILE-CON-030,awaiting_supply_review,CAMPAIGN-CON-030
2026-10-01T11:29:00Z,JOURNEY-EVENT-CON-031,JOURNEY-CON-031,STEP-CON-SUPPLY-REVIEW,PROFILE-CON-031,awaiting_supply_review,CAMPAIGN-CON-031
2026-10-01T11:28:00Z,JOURNEY-EVENT-CON-032,JOURNEY-CON-032,STEP-CON-SUPPLY-REVIEW,PROFILE-CON-032,awaiting_supply_review,CAMPAIGN-CON-032
2026-10-01T11:27:00Z,JOURNEY-EVENT-CON-033,JOURNEY-CON-033,STEP-CON-SUPPLY-REVIEW,PROFILE-CON-033,awaiting_supply_review,CAMPAIGN-CON-033
2026-10-01T11:26:00Z,JOURNEY-EVENT-CON-034,JOURNEY-CON-034,STEP-CON-SUPPLY-REVIEW,PROFILE-CON-034,awaiting_supply_review,CAMPAIGN-CON-034
2026-10-01T11:25:00Z,JOURNEY-EVENT-CON-035,JOURNEY-CON-035,STEP-CON-SUPPLY-REVIEW,PROFILE-CON-035,awaiting_supply_review,CAMPAIGN-CON-035
2026-10-01T11:24:00Z,JOURNEY-EVENT-CON-036,JOURNEY-CON-036,STEP-CON-SUPPLY-REVIEW,PROFILE-CON-036,awaiting_supply_review,CAMPAIGN-CON-036
2026-10-01T11:23:00Z,JOURNEY-EVENT-CON-037,JOURNEY-CON-037,STEP-CON-SUPPLY-REVIEW,PROFILE-CON-037,awaiting_supply_review,CAMPAIGN-CON-037
2026-10-01T11:22:00Z,JOURNEY-EVENT-CON-038,JOURNEY-CON-038,STEP-CON-SUPPLY-REVIEW,PROFILE-CON-038,awaiting_supply_review,CAMPAIGN-CON-038
2026-10-01T11:21:00Z,JOURNEY-EVENT-CON-039,JOURNEY-CON-039,STEP-CON-SUPPLY-REVIEW,PROFILE-CON-039,awaiting_supply_review,CAMPAIGN-CON-039
2026-10-01T11:20:00Z,JOURNEY-EVENT-CON-040,JOURNEY-CON-040,STEP-CON-SUPPLY-REVIEW,PROFILE-CON-040,awaiting_supply_review,CAMPAIGN-CON-040
2026-10-01T11:19:00Z,JOURNEY-EVENT-CON-041,JOURNEY-CON-041,STEP-CON-SUPPLY-REVIEW,PROFILE-CON-041,awaiting_supply_review,CAMPAIGN-CON-041
2026-10-01T11:18:00Z,JOURNEY-EVENT-CON-042,JOURNEY-CON-042,STEP-CON-SUPPLY-REVIEW,PROFILE-CON-042,awaiting_supply_review,CAMPAIGN-CON-042
2026-10-01T11:17:00Z,JOURNEY-EVENT-CON-043,JOURNEY-CON-043,STEP-CON-SUPPLY-REVIEW,PROFILE-CON-043,awaiting_supply_review,CAMPAIGN-CON-043
2026-10-01T11:16:00Z,JOURNEY-EVENT-CON-044,JOURNEY-CON-044,STEP-CON-SUPPLY-REVIEW,PROFILE-CON-044,awaiting_supply_review,CAMPAIGN-CON-044
2026-10-01T11:15:00Z,JOURNEY-EVENT-CON-045,JOURNEY-CON-045,STEP-CON-SUPPLY-REVIEW,PROFILE-CON-045,awaiting_supply_review,CAMPAIGN-CON-045
2026-10-01T11:14:00Z,JOURNEY-EVENT-CON-046,JOURNEY-CON-046,STEP-CON-SUPPLY-REVIEW,PROFILE-CON-046,awaiting_supply_review,CAMPAIGN-CON-046
2026-10-01T11:13:00Z,JOURNEY-EVENT-CON-047,JOURNEY-CON-047,STEP-CON-SUPPLY-REVIEW,PROFILE-CON-047,awaiting_supply_review,CAMPAIGN-CON-047
2026-10-01T11:12:00Z,JOURNEY-EVENT-CON-048,JOURNEY-CON-048,STEP-CON-SUPPLY-REVIEW,PROFILE-CON-048,awaiting_supply_review,CAMPAIGN-CON-048
2026-10-01T11:11:00Z,JOURNEY-EVENT-CON-049,JOURNEY-CON-049,STEP-CON-SUPPLY-REVIEW,PROFILE-CON-049,awaiting_supply_review,CAMPAIGN-CON-049
2026-10-01T11:10:00Z,JOURNEY-EVENT-CON-050,JOURNEY-CON-050,STEP-CON-SUPPLY-REVIEW,PROFILE-CON-050,awaiting_supply_review,CAMPAIGN-CON-050
2026-10-01T11:09:00Z,JOURNEY-EVENT-CON-051,JOURNEY-CON-051,STEP-CON-SUPPLY-REVIEW,PROFILE-CON-051,awaiting_supply_review,CAMPAIGN-CON-051
2026-10-01T11:08:00Z,JOURNEY-EVENT-CON-052,JOURNEY-CON-052,STEP-CON-SUPPLY-REVIEW,PROFILE-CON-052,awaiting_supply_review,CAMPAIGN-CON-052
2026-10-01T11:07:00Z,JOURNEY-EVENT-CON-053,JOURNEY-CON-053,STEP-CON-SUPPLY-REVIEW,PROFILE-CON-053,awaiting_supply_review,CAMPAIGN-CON-053
2026-10-01T11:06:00Z,JOURNEY-EVENT-CON-054,JOURNEY-CON-054,STEP-CON-SUPPLY-REVIEW,PROFILE-CON-054,awaiting_supply_review,CAMPAIGN-CON-054
2026-10-01T11:05:00Z,JOURNEY-EVENT-CON-055,JOURNEY-CON-055,STEP-CON-SUPPLY-REVIEW,PROFILE-CON-055,awaiting_supply_review,CAMPAIGN-CON-055
2026-10-01T11:04:00Z,JOURNEY-EVENT-CON-056,JOURNEY-CON-056,STEP-CON-SUPPLY-REVIEW,PROFILE-CON-056,awaiting_supply_review,CAMPAIGN-CON-056
2026-10-01T11:03:00Z,JOURNEY-EVENT-CON-057,JOURNEY-CON-057,STEP-CON-SUPPLY-REVIEW,PROFILE-CON-057,awaiting_supply_review,CAMPAIGN-CON-057
2026-10-01T11:02:00Z,JOURNEY-EVENT-CON-058,JOURNEY-CON-058,STEP-CON-SUPPLY-REVIEW,PROFILE-CON-058,awaiting_supply_review,CAMPAIGN-CON-058
2026-10-01T11:01:00Z,JOURNEY-EVENT-CON-059,JOURNEY-CON-059,STEP-CON-SUPPLY-REVIEW,PROFILE-CON-059,awaiting_supply_review,CAMPAIGN-CON-059
2026-10-01T11:00:00Z,JOURNEY-EVENT-CON-060,JOURNEY-CON-060,STEP-CON-SUPPLY-REVIEW,PROFILE-CON-060,awaiting_supply_review,CAMPAIGN-CON-060
2026-10-01T10:59:00Z,JOURNEY-EVENT-CON-061,JOURNEY-CON-061,STEP-CON-SUPPLY-REVIEW,PROFILE-CON-061,awaiting_supply_review,CAMPAIGN-CON-061
2026-10-01T10:58:00Z,JOURNEY-EVENT-CON-062,JOURNEY-CON-062,STEP-CON-SUPPLY-REVIEW,PROFILE-CON-062,awaiting_supply_review,CAMPAIGN-CON-062
2026-10-01T10:57:00Z,JOURNEY-EVENT-CON-063,JOURNEY-CON-063,STEP-CON-SUPPLY-REVIEW,PROFILE-CON-063,awaiting_supply_review,CAMPAIGN-CON-063
2026-10-01T10:56:00Z,JOURNEY-EVENT-CON-064,JOURNEY-CON-064,STEP-CON-SUPPLY-REVIEW,PROFILE-CON-064,awaiting_supply_review,CAMPAIGN-CON-064
2026-10-01T10:55:00Z,JOURNEY-EVENT-CON-065,JOURNEY-CON-065,STEP-CON-SUPPLY-REVIEW,PROFILE-CON-065,awaiting_supply_review,CAMPAIGN-CON-065
2026-10-01T10:54:00Z,JOURNEY-EVENT-CON-066,JOURNEY-CON-066,STEP-CON-SUPPLY-REVIEW,PROFILE-CON-066,awaiting_supply_review,CAMPAIGN-CON-066
2026-10-01T10:53:00Z,JOURNEY-EVENT-CON-067,JOURNEY-CON-067,STEP-CON-SUPPLY-REVIEW,PROFILE-CON-067,awaiting_supply_review,CAMPAIGN-CON-067
2026-10-01T10:52:00Z,JOURNEY-EVENT-CON-068,JOURNEY-CON-068,STEP-CON-SUPPLY-REVIEW,PROFILE-CON-068,awaiting_supply_review,CAMPAIGN-CON-068
2026-10-01T10:51:00Z,JOURNEY-EVENT-CON-069,JOURNEY-CON-069,STEP-CON-SUPPLY-REVIEW,PROFILE-CON-069,awaiting_supply_review,CAMPAIGN-CON-069
2026-10-01T10:50:00Z,JOURNEY-EVENT-CON-070,JOURNEY-CON-070,STEP-CON-SUPPLY-REVIEW,PROFILE-CON-070,awaiting_supply_review,CAMPAIGN-CON-070
2026-10-01T10:49:00Z,JOURNEY-EVENT-CON-071,JOURNEY-CON-071,STEP-CON-SUPPLY-REVIEW,PROFILE-CON-071,awaiting_supply_review,CAMPAIGN-CON-071
2026-10-01T10:48:00Z,JOURNEY-EVENT-CON-072,JOURNEY-CON-072,STEP-CON-SUPPLY-REVIEW,PROFILE-CON-072,awaiting_supply_review,CAMPAIGN-CON-072
2026-10-01T10:47:00Z,JOURNEY-EVENT-CON-073,JOURNEY-CON-073,STEP-CON-SUPPLY-REVIEW,PROFILE-CON-073,awaiting_supply_review,CAMPAIGN-CON-073
2026-10-01T10:46:00Z,JOURNEY-EVENT-CON-074,JOURNEY-CON-074,STEP-CON-SUPPLY-REVIEW,PROFILE-CON-074,awaiting_supply_review,CAMPAIGN-CON-074
2026-10-01T10:45:00Z,JOURNEY-EVENT-CON-075,JOURNEY-CON-075,STEP-CON-SUPPLY-REVIEW,PROFILE-CON-075,awaiting_supply_review,CAMPAIGN-CON-075
2026-10-01T10:44:00Z,JOURNEY-EVENT-CON-076,JOURNEY-CON-076,STEP-CON-SUPPLY-REVIEW,PROFILE-CON-076,awaiting_supply_review,CAMPAIGN-CON-076
2026-10-01T10:43:00Z,JOURNEY-EVENT-CON-077,JOURNEY-CON-077,STEP-CON-SUPPLY-REVIEW,PROFILE-CON-077,awaiting_supply_review,CAMPAIGN-CON-077
2026-10-01T10:42:00Z,JOURNEY-EVENT-CON-078,JOURNEY-CON-078,STEP-CON-SUPPLY-REVIEW,PROFILE-CON-078,awaiting_supply_review,CAMPAIGN-CON-078
2026-10-01T10:41:00Z,JOURNEY-EVENT-CON-079,JOURNEY-CON-079,STEP-CON-SUPPLY-REVIEW,PROFILE-CON-079,awaiting_supply_review,CAMPAIGN-CON-079
2026-10-01T10:40:00Z,JOURNEY-EVENT-CON-080,JOURNEY-CON-080,STEP-CON-SUPPLY-REVIEW,PROFILE-CON-080,awaiting_supply_review,CAMPAIGN-CON-080
2026-10-01T10:39:00Z,JOURNEY-EVENT-CON-081,JOURNEY-CON-081,STEP-CON-SUPPLY-REVIEW,PROFILE-CON-081,awaiting_supply_review,CAMPAIGN-CON-081
2026-10-01T10:38:00Z,JOURNEY-EVENT-CON-082,JOURNEY-CON-082,STEP-CON-SUPPLY-REVIEW,PROFILE-CON-082,awaiting_supply_review,CAMPAIGN-CON-082
2026-10-01T10:37:00Z,JOURNEY-EVENT-CON-083,JOURNEY-CON-083,STEP-CON-SUPPLY-REVIEW,PROFILE-CON-083,awaiting_supply_review,CAMPAIGN-CON-083
2026-10-01T10:36:00Z,JOURNEY-EVENT-CON-084,JOURNEY-CON-084,STEP-CON-SUPPLY-REVIEW,PROFILE-CON-084,awaiting_supply_review,CAMPAIGN-CON-084
2026-10-01T10:35:00Z,JOURNEY-EVENT-CON-085,JOURNEY-CON-085,STEP-CON-SUPPLY-REVIEW,PROFILE-CON-085,awaiting_supply_review,CAMPAIGN-CON-085
2026-10-01T10:34:00Z,JOURNEY-EVENT-CON-086,JOURNEY-CON-086,STEP-CON-SUPPLY-REVIEW,PROFILE-CON-086,awaiting_supply_review,CAMPAIGN-CON-086
2026-10-01T10:33:00Z,JOURNEY-EVENT-CON-087,JOURNEY-CON-087,STEP-CON-SUPPLY-REVIEW,PROFILE-CON-087,awaiting_supply_review,CAMPAIGN-CON-087
2026-10-01T10:32:00Z,JOURNEY-EVENT-CON-088,JOURNEY-CON-088,STEP-CON-SUPPLY-REVIEW,PROFILE-CON-088,awaiting_supply_review,CAMPAIGN-CON-088
2026-10-01T10:31:00Z,JOURNEY-EVENT-CON-089,JOURNEY-CON-089,STEP-CON-SUPPLY-REVIEW,PROFILE-CON-089,awaiting_supply_review,CAMPAIGN-CON-089
2026-10-01T10:30:00Z,JOURNEY-EVENT-CON-090,JOURNEY-CON-090,STEP-CON-SUPPLY-REVIEW,PROFILE-CON-090,awaiting_supply_review,CAMPAIGN-CON-090
2026-10-01T10:29:00Z,JOURNEY-EVENT-CON-091,JOURNEY-CON-091,STEP-CON-SUPPLY-REVIEW,PROFILE-CON-091,awaiting_supply_review,CAMPAIGN-CON-091
2026-10-01T10:28:00Z,JOURNEY-EVENT-CON-092,JOURNEY-CON-092,STEP-CON-SUPPLY-REVIEW,PROFILE-CON-092,awaiting_supply_review,CAMPAIGN-CON-092
2026-10-01T10:27:00Z,JOURNEY-EVENT-CON-093,JOURNEY-CON-093,STEP-CON-SUPPLY-REVIEW,PROFILE-CON-093,awaiting_supply_review,CAMPAIGN-CON-093
2026-10-01T10:26:00Z,JOURNEY-EVENT-CON-094,JOURNEY-CON-094,STEP-CON-SUPPLY-REVIEW,PROFILE-CON-094,awaiting_supply_review,CAMPAIGN-CON-094
2026-10-01T10:25:00Z,JOURNEY-EVENT-CON-095,JOURNEY-CON-095,STEP-CON-SUPPLY-REVIEW,PROFILE-CON-095,awaiting_supply_review,CAMPAIGN-CON-095
2026-10-01T10:24:00Z,JOURNEY-EVENT-CON-096,JOURNEY-CON-096,STEP-CON-SUPPLY-REVIEW,PROFILE-CON-096,awaiting_supply_review,CAMPAIGN-CON-096
2026-10-01T10:23:00Z,JOURNEY-EVENT-CON-097,JOURNEY-CON-097,STEP-CON-SUPPLY-REVIEW,PROFILE-CON-097,awaiting_supply_review,CAMPAIGN-CON-097
2026-10-01T10:22:00Z,JOURNEY-EVENT-CON-098,JOURNEY-CON-098,STEP-CON-SUPPLY-REVIEW,PROFILE-CON-098,awaiting_supply_review,CAMPAIGN-CON-098
2026-10-01T10:21:00Z,JOURNEY-EVENT-CON-099,JOURNEY-CON-099,STEP-CON-SUPPLY-REVIEW,PROFILE-CON-099,awaiting_supply_review,CAMPAIGN-CON-099
2026-10-01T10:20:00Z,JOURNEY-EVENT-CON-100,JOURNEY-CON-100,STEP-CON-SUPPLY-REVIEW,PROFILE-CON-100,awaiting_supply_review,CAMPAIGN-CON-100
